<?xml version='1.0' encoding='ISO-8859-1'?><?xml-stylesheet title='XSL_formatting' type='text/xsl' href='http://portal.amfiindia.com/rssstyle.xsl'?><rss version='2.0' xmlns:cf='http://www.microsoft.com/schemas/rss/core/2005' xmlns:nav='http://www.amfiindia.com/rss/nav'><channel><title>List of Schemes with AUM for Escorts Mutual Fund</title><link>http://www.amfiindia.com</link><description>The  Association  of  Mutual  Funds  in  India (AMFI)  is  dedicated  to  developing  the  Indian  Mutual  Fund  Industry  on  professional,  healthy  and  ethical  lines  and  to  enhance  and  maintain  standards  in  all  areas  with  a  view  to  protecting  and  promoting  the  interests  of  mutual  funds  and  their  unit  holders.</description><language>en-us</language><pubDate>4/17/2017 5:43:06 PM</pubDate><copyright>(C) Association of Mutual Funds in India (AMFI) - Copyright 2017</copyright><image><title>amfiindia.com</title><url>http://www.amfiindia.com/portal/images/pu-amfilogo.gif</url><link>http://www.amfiindia.com/</link><description>Visit amfiindia.com</description></image><item><pubDate>Mon, 17 Apr 2017 17:43:06</pubDate><title>101069</title><link>http://portal.amfiindia.com/AUMReport_Rpt_Po.aspx?rpt=swise&amp;dtAUM=01-Jan-2017&amp;mf=13</link><description><![CDATA[ <table border="0" cellspacing="4" cellpadding="2"> <tr> <td style='background-color:#CADDEC;FONT-FAMILY: Verdana,Arial,San-serif; FONT-SIZE: 8pt; FONT-WEIGHT: bold; Color:#012540;'><b>AUM Month </b></td> <td style='FONT-FAMILY: Verdana,Arial,San-serif; FONT-SIZE: 8pt; Color:#012540;'> Jan-2017 </td></tr><tr> <td style='background-color:#CADDEC;FONT-FAMILY: Verdana,Arial,San-serif; FONT-SIZE: 8pt; FONT-WEIGHT: bold; Color:#012540;'><b>Average AUM Excluding Fund of Funds</b></td> <td style='FONT-FAMILY: Verdana,Arial,San-serif; FONT-SIZE: 8pt; Color:#012540;'> Escorts Balanced Fund-Dividend Option </td></tr><tr> <td style='background-color:#CADDEC;FONT-FAMILY: Verdana,Arial,San-serif; FONT-SIZE: 8pt; FONT-WEIGHT: bold; Color:#012540;'><b>Average AUM Fund of Funds </b></td> <td style='FONT-FAMILY: Verdana,Arial,San-serif; FONT-SIZE: 8pt; Color:#012540;'> 75.46 </td></tr></table> ]]></description></item><item><pubDate>Mon, 17 Apr 2017 17:43:06</pubDate><title>120818</title><link>http://portal.amfiindia.com/AUMReport_Rpt_Po.aspx?rpt=swise&amp;dtAUM=01-Jan-2017&amp;mf=13</link><description><![CDATA[ <table border="0" cellspacing="4" cellpadding="2"> <tr> <td style='background-color:#CADDEC;FONT-FAMILY: Verdana,Arial,San-serif; FONT-SIZE: 8pt; FONT-WEIGHT: bold; Color:#012540;'><b>AUM Month </b></td> <td style='FONT-FAMILY: Verdana,Arial,San-serif; FONT-SIZE: 8pt; Color:#012540;'> Jan-2017 </td></tr><tr> <td style='background-color:#CADDEC;FONT-FAMILY: Verdana,Arial,San-serif; FONT-SIZE: 8pt; FONT-WEIGHT: bold; Color:#012540;'><b>Average AUM Excluding Fund of Funds</b></td> <td style='FONT-FAMILY: Verdana,Arial,San-serif; FONT-SIZE: 8pt; Color:#012540;'> Escorts Balanced Fund-Dividend Option-Direct Plan </td></tr><tr> <td style='background-color:#CADDEC;FONT-FAMILY: Verdana,Arial,San-serif; FONT-SIZE: 8pt; FONT-WEIGHT: bold; Color:#012540;'><b>Average AUM Fund of Funds </b></td> <td style='FONT-FAMILY: Verdana,Arial,San-serif; FONT-SIZE: 8pt; Color:#012540;'> 4.06 </td></tr></table> ]]></description></item><item><pubDate>Mon, 17 Apr 2017 17:43:06</pubDate><title>101070</title><link>http://portal.amfiindia.com/AUMReport_Rpt_Po.aspx?rpt=swise&amp;dtAUM=01-Jan-2017&amp;mf=13</link><description><![CDATA[ <table border="0" cellspacing="4" cellpadding="2"> <tr> <td style='background-color:#CADDEC;FONT-FAMILY: Verdana,Arial,San-serif; FONT-SIZE: 8pt; FONT-WEIGHT: bold; Color:#012540;'><b>AUM Month </b></td> <td style='FONT-FAMILY: Verdana,Arial,San-serif; FONT-SIZE: 8pt; Color:#012540;'> Jan-2017 </td></tr><tr> <td style='background-color:#CADDEC;FONT-FAMILY: Verdana,Arial,San-serif; FONT-SIZE: 8pt; FONT-WEIGHT: bold; Color:#012540;'><b>Average AUM Excluding Fund of Funds</b></td> <td style='FONT-FAMILY: Verdana,Arial,San-serif; FONT-SIZE: 8pt; Color:#012540;'> Escorts Balanced Fund-Growth Option </td></tr><tr> <td style='background-color:#CADDEC;FONT-FAMILY: Verdana,Arial,San-serif; FONT-SIZE: 8pt; FONT-WEIGHT: bold; Color:#012540;'><b>Average AUM Fund of Funds </b></td> <td style='FONT-FAMILY: Verdana,Arial,San-serif; FONT-SIZE: 8pt; Color:#012540;'> 91.42 </td></tr></table> ]]></description></item><item><pubDate>Mon, 17 Apr 2017 17:43:06</pubDate><title>120819</title><link>http://portal.amfiindia.com/AUMReport_Rpt_Po.aspx?rpt=swise&amp;dtAUM=01-Jan-2017&amp;mf=13</link><description><![CDATA[ <table border="0" cellspacing="4" cellpadding="2"> <tr> <td style='background-color:#CADDEC;FONT-FAMILY: Verdana,Arial,San-serif; FONT-SIZE: 8pt; FONT-WEIGHT: bold; Color:#012540;'><b>AUM Month </b></td> <td style='FONT-FAMILY: Verdana,Arial,San-serif; FONT-SIZE: 8pt; Color:#012540;'> Jan-2017 </td></tr><tr> <td style='background-color:#CADDEC;FONT-FAMILY: Verdana,Arial,San-serif; FONT-SIZE: 8pt; FONT-WEIGHT: bold; Color:#012540;'><b>Average AUM Excluding Fund of Funds</b></td> <td style='FONT-FAMILY: Verdana,Arial,San-serif; FONT-SIZE: 8pt; Color:#012540;'> Escorts Balanced Fund-Growth Option-Direct Plan </td></tr><tr> <td style='background-color:#CADDEC;FONT-FAMILY: Verdana,Arial,San-serif; FONT-SIZE: 8pt; FONT-WEIGHT: bold; Color:#012540;'><b>Average AUM Fund of Funds </b></td> <td style='FONT-FAMILY: Verdana,Arial,San-serif; FONT-SIZE: 8pt; Color:#012540;'> 30.45 </td></tr></table> ]]></description></item><item><pubDate>Mon, 17 Apr 2017 17:43:06</pubDate><title>101071</title><link>http://portal.amfiindia.com/AUMReport_Rpt_Po.aspx?rpt=swise&amp;dtAUM=01-Jan-2017&amp;mf=13</link><description><![CDATA[ <table border="0" cellspacing="4" cellpadding="2"> <tr> <td style='background-color:#CADDEC;FONT-FAMILY: Verdana,Arial,San-serif; FONT-SIZE: 8pt; FONT-WEIGHT: bold; Color:#012540;'><b>AUM Month </b></td> <td style='FONT-FAMILY: Verdana,Arial,San-serif; FONT-SIZE: 8pt; Color:#012540;'> Jan-2017 </td></tr><tr> <td style='background-color:#CADDEC;FONT-FAMILY: Verdana,Arial,San-serif; FONT-SIZE: 8pt; FONT-WEIGHT: bold; Color:#012540;'><b>Average AUM Excluding Fund of Funds</b></td> <td style='FONT-FAMILY: Verdana,Arial,San-serif; FONT-SIZE: 8pt; Color:#012540;'> Escorts Gilt Plan-DIVIDEND OPTION </td></tr><tr> <td style='background-color:#CADDEC;FONT-FAMILY: Verdana,Arial,San-serif; FONT-SIZE: 8pt; FONT-WEIGHT: bold; Color:#012540;'><b>Average AUM Fund of Funds </b></td> <td style='FONT-FAMILY: Verdana,Arial,San-serif; FONT-SIZE: 8pt; Color:#012540;'> 2.08 </td></tr></table> ]]></description></item><item><pubDate>Mon, 17 Apr 2017 17:43:06</pubDate><title>101072</title><link>http://portal.amfiindia.com/AUMReport_Rpt_Po.aspx?rpt=swise&amp;dtAUM=01-Jan-2017&amp;mf=13</link><description><![CDATA[ <table border="0" cellspacing="4" cellpadding="2"> <tr> <td style='background-color:#CADDEC;FONT-FAMILY: Verdana,Arial,San-serif; FONT-SIZE: 8pt; FONT-WEIGHT: bold; Color:#012540;'><b>AUM Month </b></td> <td style='FONT-FAMILY: Verdana,Arial,San-serif; FONT-SIZE: 8pt; Color:#012540;'> Jan-2017 </td></tr><tr> <td style='background-color:#CADDEC;FONT-FAMILY: Verdana,Arial,San-serif; FONT-SIZE: 8pt; FONT-WEIGHT: bold; Color:#012540;'><b>Average AUM Excluding Fund of Funds</b></td> <td style='FONT-FAMILY: Verdana,Arial,San-serif; FONT-SIZE: 8pt; Color:#012540;'> Escorts Gilt Plan-GROWTH OPTION </td></tr><tr> <td style='background-color:#CADDEC;FONT-FAMILY: Verdana,Arial,San-serif; FONT-SIZE: 8pt; FONT-WEIGHT: bold; Color:#012540;'><b>Average AUM Fund of Funds </b></td> <td style='FONT-FAMILY: Verdana,Arial,San-serif; FONT-SIZE: 8pt; Color:#012540;'> 8.99 </td></tr></table> ]]></description></item><item><pubDate>Mon, 17 Apr 2017 17:43:06</pubDate><title>120821</title><link>http://portal.amfiindia.com/AUMReport_Rpt_Po.aspx?rpt=swise&amp;dtAUM=01-Jan-2017&amp;mf=13</link><description><![CDATA[ <table border="0" cellspacing="4" cellpadding="2"> <tr> <td style='background-color:#CADDEC;FONT-FAMILY: Verdana,Arial,San-serif; FONT-SIZE: 8pt; FONT-WEIGHT: bold; Color:#012540;'><b>AUM Month </b></td> <td style='FONT-FAMILY: Verdana,Arial,San-serif; FONT-SIZE: 8pt; Color:#012540;'> Jan-2017 </td></tr><tr> <td style='background-color:#CADDEC;FONT-FAMILY: Verdana,Arial,San-serif; FONT-SIZE: 8pt; FONT-WEIGHT: bold; Color:#012540;'><b>Average AUM Excluding Fund of Funds</b></td> <td style='FONT-FAMILY: Verdana,Arial,San-serif; FONT-SIZE: 8pt; Color:#012540;'> Escorts Gilt Plan-GROWTH OPTION-Direct Plan </td></tr><tr> <td style='background-color:#CADDEC;FONT-FAMILY: Verdana,Arial,San-serif; FONT-SIZE: 8pt; FONT-WEIGHT: bold; Color:#012540;'><b>Average AUM Fund of Funds </b></td> <td style='FONT-FAMILY: Verdana,Arial,San-serif; FONT-SIZE: 8pt; Color:#012540;'> 2.18 </td></tr></table> ]]></description></item><item><pubDate>Mon, 17 Apr 2017 17:43:06</pubDate><title>100630</title><link>http://portal.amfiindia.com/AUMReport_Rpt_Po.aspx?rpt=swise&amp;dtAUM=01-Jan-2017&amp;mf=13</link><description><![CDATA[ <table border="0" cellspacing="4" cellpadding="2"> <tr> <td style='background-color:#CADDEC;FONT-FAMILY: Verdana,Arial,San-serif; FONT-SIZE: 8pt; FONT-WEIGHT: bold; Color:#012540;'><b>AUM Month </b></td> <td style='FONT-FAMILY: Verdana,Arial,San-serif; FONT-SIZE: 8pt; Color:#012540;'> Jan-2017 </td></tr><tr> <td style='background-color:#CADDEC;FONT-FAMILY: Verdana,Arial,San-serif; FONT-SIZE: 8pt; FONT-WEIGHT: bold; Color:#012540;'><b>Average AUM Excluding Fund of Funds</b></td> <td style='FONT-FAMILY: Verdana,Arial,San-serif; FONT-SIZE: 8pt; Color:#012540;'> Escorts Growth Plan-DIVIDEND OPTION </td></tr><tr> <td style='background-color:#CADDEC;FONT-FAMILY: Verdana,Arial,San-serif; FONT-SIZE: 8pt; FONT-WEIGHT: bold; Color:#012540;'><b>Average AUM Fund of Funds </b></td> <td style='FONT-FAMILY: Verdana,Arial,San-serif; FONT-SIZE: 8pt; Color:#012540;'> 100.37 </td></tr></table> ]]></description></item><item><pubDate>Mon, 17 Apr 2017 17:43:06</pubDate><title>120822</title><link>http://portal.amfiindia.com/AUMReport_Rpt_Po.aspx?rpt=swise&amp;dtAUM=01-Jan-2017&amp;mf=13</link><description><![CDATA[ <table border="0" cellspacing="4" cellpadding="2"> <tr> <td style='background-color:#CADDEC;FONT-FAMILY: Verdana,Arial,San-serif; FONT-SIZE: 8pt; FONT-WEIGHT: bold; Color:#012540;'><b>AUM Month </b></td> <td style='FONT-FAMILY: Verdana,Arial,San-serif; FONT-SIZE: 8pt; Color:#012540;'> Jan-2017 </td></tr><tr> <td style='background-color:#CADDEC;FONT-FAMILY: Verdana,Arial,San-serif; FONT-SIZE: 8pt; FONT-WEIGHT: bold; Color:#012540;'><b>Average AUM Excluding Fund of Funds</b></td> <td style='FONT-FAMILY: Verdana,Arial,San-serif; FONT-SIZE: 8pt; Color:#012540;'> Escorts Growth Plan-DIVIDEND OPTION-Direct Plan </td></tr><tr> <td style='background-color:#CADDEC;FONT-FAMILY: Verdana,Arial,San-serif; FONT-SIZE: 8pt; FONT-WEIGHT: bold; Color:#012540;'><b>Average AUM Fund of Funds </b></td> <td style='FONT-FAMILY: Verdana,Arial,San-serif; FONT-SIZE: 8pt; Color:#012540;'> 2.07 </td></tr></table> ]]></description></item><item><pubDate>Mon, 17 Apr 2017 17:43:06</pubDate><title>100631</title><link>http://portal.amfiindia.com/AUMReport_Rpt_Po.aspx?rpt=swise&amp;dtAUM=01-Jan-2017&amp;mf=13</link><description><![CDATA[ <table border="0" cellspacing="4" cellpadding="2"> <tr> <td style='background-color:#CADDEC;FONT-FAMILY: Verdana,Arial,San-serif; FONT-SIZE: 8pt; FONT-WEIGHT: bold; Color:#012540;'><b>AUM Month </b></td> <td style='FONT-FAMILY: Verdana,Arial,San-serif; FONT-SIZE: 8pt; Color:#012540;'> Jan-2017 </td></tr><tr> <td style='background-color:#CADDEC;FONT-FAMILY: Verdana,Arial,San-serif; FONT-SIZE: 8pt; FONT-WEIGHT: bold; Color:#012540;'><b>Average AUM Excluding Fund of Funds</b></td> <td style='FONT-FAMILY: Verdana,Arial,San-serif; FONT-SIZE: 8pt; Color:#012540;'> Escorts Growth Plan-GROWTH OPTION </td></tr><tr> <td style='background-color:#CADDEC;FONT-FAMILY: Verdana,Arial,San-serif; FONT-SIZE: 8pt; FONT-WEIGHT: bold; Color:#012540;'><b>Average AUM Fund of Funds </b></td> <td style='FONT-FAMILY: Verdana,Arial,San-serif; FONT-SIZE: 8pt; Color:#012540;'> 411.55 </td></tr></table> ]]></description></item><item><pubDate>Mon, 17 Apr 2017 17:43:06</pubDate><title>120823</title><link>http://portal.amfiindia.com/AUMReport_Rpt_Po.aspx?rpt=swise&amp;dtAUM=01-Jan-2017&amp;mf=13</link><description><![CDATA[ <table border="0" cellspacing="4" cellpadding="2"> <tr> <td style='background-color:#CADDEC;FONT-FAMILY: Verdana,Arial,San-serif; FONT-SIZE: 8pt; FONT-WEIGHT: bold; Color:#012540;'><b>AUM Month </b></td> <td style='FONT-FAMILY: Verdana,Arial,San-serif; FONT-SIZE: 8pt; Color:#012540;'> Jan-2017 </td></tr><tr> <td style='background-color:#CADDEC;FONT-FAMILY: Verdana,Arial,San-serif; FONT-SIZE: 8pt; FONT-WEIGHT: bold; Color:#012540;'><b>Average AUM Excluding Fund of Funds</b></td> <td style='FONT-FAMILY: Verdana,Arial,San-serif; FONT-SIZE: 8pt; Color:#012540;'> Escorts Growth Plan-GROWTH OPTION-Direct Plan </td></tr><tr> <td style='background-color:#CADDEC;FONT-FAMILY: Verdana,Arial,San-serif; FONT-SIZE: 8pt; FONT-WEIGHT: bold; Color:#012540;'><b>Average AUM Fund of Funds </b></td> <td style='FONT-FAMILY: Verdana,Arial,San-serif; FONT-SIZE: 8pt; Color:#012540;'> 39.62 </td></tr></table> ]]></description></item><item><pubDate>Mon, 17 Apr 2017 17:43:06</pubDate><title>104515</title><link>http://portal.amfiindia.com/AUMReport_Rpt_Po.aspx?rpt=swise&amp;dtAUM=01-Jan-2017&amp;mf=13</link><description><![CDATA[ <table border="0" cellspacing="4" cellpadding="2"> <tr> <td style='background-color:#CADDEC;FONT-FAMILY: Verdana,Arial,San-serif; FONT-SIZE: 8pt; FONT-WEIGHT: bold; Color:#012540;'><b>AUM Month </b></td> <td style='FONT-FAMILY: Verdana,Arial,San-serif; FONT-SIZE: 8pt; Color:#012540;'> Jan-2017 </td></tr><tr> <td style='background-color:#CADDEC;FONT-FAMILY: Verdana,Arial,San-serif; FONT-SIZE: 8pt; FONT-WEIGHT: bold; Color:#012540;'><b>Average AUM Excluding Fund of Funds</b></td> <td style='FONT-FAMILY: Verdana,Arial,San-serif; FONT-SIZE: 8pt; Color:#012540;'> Escorts High Yield Equity Plan - Bonus Option </td></tr><tr> <td style='background-color:#CADDEC;FONT-FAMILY: Verdana,Arial,San-serif; FONT-SIZE: 8pt; FONT-WEIGHT: bold; Color:#012540;'><b>Average AUM Fund of Funds </b></td> <td style='FONT-FAMILY: Verdana,Arial,San-serif; FONT-SIZE: 8pt; Color:#012540;'> 0.63 </td></tr></table> ]]></description></item><item><pubDate>Mon, 17 Apr 2017 17:43:06</pubDate><title>104514</title><link>http://portal.amfiindia.com/AUMReport_Rpt_Po.aspx?rpt=swise&amp;dtAUM=01-Jan-2017&amp;mf=13</link><description><![CDATA[ <table border="0" cellspacing="4" cellpadding="2"> <tr> <td style='background-color:#CADDEC;FONT-FAMILY: Verdana,Arial,San-serif; FONT-SIZE: 8pt; FONT-WEIGHT: bold; Color:#012540;'><b>AUM Month </b></td> <td style='FONT-FAMILY: Verdana,Arial,San-serif; FONT-SIZE: 8pt; Color:#012540;'> Jan-2017 </td></tr><tr> <td style='background-color:#CADDEC;FONT-FAMILY: Verdana,Arial,San-serif; FONT-SIZE: 8pt; FONT-WEIGHT: bold; Color:#012540;'><b>Average AUM Excluding Fund of Funds</b></td> <td style='FONT-FAMILY: Verdana,Arial,San-serif; FONT-SIZE: 8pt; Color:#012540;'> Escorts High Yield Equity Plan - Dividend Option </td></tr><tr> <td style='background-color:#CADDEC;FONT-FAMILY: Verdana,Arial,San-serif; FONT-SIZE: 8pt; FONT-WEIGHT: bold; Color:#012540;'><b>Average AUM Fund of Funds </b></td> <td style='FONT-FAMILY: Verdana,Arial,San-serif; FONT-SIZE: 8pt; Color:#012540;'> 166.63 </td></tr></table> ]]></description></item><item><pubDate>Mon, 17 Apr 2017 17:43:06</pubDate><title>120825</title><link>http://portal.amfiindia.com/AUMReport_Rpt_Po.aspx?rpt=swise&amp;dtAUM=01-Jan-2017&amp;mf=13</link><description><![CDATA[ <table border="0" cellspacing="4" cellpadding="2"> <tr> <td style='background-color:#CADDEC;FONT-FAMILY: Verdana,Arial,San-serif; FONT-SIZE: 8pt; FONT-WEIGHT: bold; Color:#012540;'><b>AUM Month </b></td> <td style='FONT-FAMILY: Verdana,Arial,San-serif; FONT-SIZE: 8pt; Color:#012540;'> Jan-2017 </td></tr><tr> <td style='background-color:#CADDEC;FONT-FAMILY: Verdana,Arial,San-serif; FONT-SIZE: 8pt; FONT-WEIGHT: bold; Color:#012540;'><b>Average AUM Excluding Fund of Funds</b></td> <td style='FONT-FAMILY: Verdana,Arial,San-serif; FONT-SIZE: 8pt; Color:#012540;'> Escorts High Yield Equity Plan - Dividend Option-Direct Plan </td></tr><tr> <td style='background-color:#CADDEC;FONT-FAMILY: Verdana,Arial,San-serif; FONT-SIZE: 8pt; FONT-WEIGHT: bold; Color:#012540;'><b>Average AUM Fund of Funds </b></td> <td style='FONT-FAMILY: Verdana,Arial,San-serif; FONT-SIZE: 8pt; Color:#012540;'> 7.08 </td></tr></table> ]]></description></item><item><pubDate>Mon, 17 Apr 2017 17:43:06</pubDate><title>104513</title><link>http://portal.amfiindia.com/AUMReport_Rpt_Po.aspx?rpt=swise&amp;dtAUM=01-Jan-2017&amp;mf=13</link><description><![CDATA[ <table border="0" cellspacing="4" cellpadding="2"> <tr> <td style='background-color:#CADDEC;FONT-FAMILY: Verdana,Arial,San-serif; FONT-SIZE: 8pt; FONT-WEIGHT: bold; Color:#012540;'><b>AUM Month </b></td> <td style='FONT-FAMILY: Verdana,Arial,San-serif; FONT-SIZE: 8pt; Color:#012540;'> Jan-2017 </td></tr><tr> <td style='background-color:#CADDEC;FONT-FAMILY: Verdana,Arial,San-serif; FONT-SIZE: 8pt; FONT-WEIGHT: bold; Color:#012540;'><b>Average AUM Excluding Fund of Funds</b></td> <td style='FONT-FAMILY: Verdana,Arial,San-serif; FONT-SIZE: 8pt; Color:#012540;'> Escorts High Yield Equity Plan - Growth Option </td></tr><tr> <td style='background-color:#CADDEC;FONT-FAMILY: Verdana,Arial,San-serif; FONT-SIZE: 8pt; FONT-WEIGHT: bold; Color:#012540;'><b>Average AUM Fund of Funds </b></td> <td style='FONT-FAMILY: Verdana,Arial,San-serif; FONT-SIZE: 8pt; Color:#012540;'> 457.53 </td></tr></table> ]]></description></item><item><pubDate>Mon, 17 Apr 2017 17:43:06</pubDate><title>120826</title><link>http://portal.amfiindia.com/AUMReport_Rpt_Po.aspx?rpt=swise&amp;dtAUM=01-Jan-2017&amp;mf=13</link><description><![CDATA[ <table border="0" cellspacing="4" cellpadding="2"> <tr> <td style='background-color:#CADDEC;FONT-FAMILY: Verdana,Arial,San-serif; FONT-SIZE: 8pt; FONT-WEIGHT: bold; Color:#012540;'><b>AUM Month </b></td> <td style='FONT-FAMILY: Verdana,Arial,San-serif; FONT-SIZE: 8pt; Color:#012540;'> Jan-2017 </td></tr><tr> <td style='background-color:#CADDEC;FONT-FAMILY: Verdana,Arial,San-serif; FONT-SIZE: 8pt; FONT-WEIGHT: bold; Color:#012540;'><b>Average AUM Excluding Fund of Funds</b></td> <td style='FONT-FAMILY: Verdana,Arial,San-serif; FONT-SIZE: 8pt; Color:#012540;'> Escorts High Yield Equity Plan - Growth Option-Direct Plan </td></tr><tr> <td style='background-color:#CADDEC;FONT-FAMILY: Verdana,Arial,San-serif; FONT-SIZE: 8pt; FONT-WEIGHT: bold; Color:#012540;'><b>Average AUM Fund of Funds </b></td> <td style='FONT-FAMILY: Verdana,Arial,San-serif; FONT-SIZE: 8pt; Color:#012540;'> 109.02 </td></tr></table> ]]></description></item><item><pubDate>Mon, 17 Apr 2017 17:43:06</pubDate><title>120828</title><link>http://portal.amfiindia.com/AUMReport_Rpt_Po.aspx?rpt=swise&amp;dtAUM=01-Jan-2017&amp;mf=13</link><description><![CDATA[ <table border="0" cellspacing="4" cellpadding="2"> <tr> <td style='background-color:#CADDEC;FONT-FAMILY: Verdana,Arial,San-serif; FONT-SIZE: 8pt; FONT-WEIGHT: bold; Color:#012540;'><b>AUM Month </b></td> <td style='FONT-FAMILY: Verdana,Arial,San-serif; FONT-SIZE: 8pt; Color:#012540;'> Jan-2017 </td></tr><tr> <td style='background-color:#CADDEC;FONT-FAMILY: Verdana,Arial,San-serif; FONT-SIZE: 8pt; FONT-WEIGHT: bold; Color:#012540;'><b>Average AUM Excluding Fund of Funds</b></td> <td style='FONT-FAMILY: Verdana,Arial,San-serif; FONT-SIZE: 8pt; Color:#012540;'> Escorts Income Bond-Direct Plan </td></tr><tr> <td style='background-color:#CADDEC;FONT-FAMILY: Verdana,Arial,San-serif; FONT-SIZE: 8pt; FONT-WEIGHT: bold; Color:#012540;'><b>Average AUM Fund of Funds </b></td> <td style='FONT-FAMILY: Verdana,Arial,San-serif; FONT-SIZE: 8pt; Color:#012540;'> 1.03 </td></tr></table> ]]></description></item><item><pubDate>Mon, 17 Apr 2017 17:43:06</pubDate><title>100176</title><link>http://portal.amfiindia.com/AUMReport_Rpt_Po.aspx?rpt=swise&amp;dtAUM=01-Jan-2017&amp;mf=13</link><description><![CDATA[ <table border="0" cellspacing="4" cellpadding="2"> <tr> <td style='background-color:#CADDEC;FONT-FAMILY: Verdana,Arial,San-serif; FONT-SIZE: 8pt; FONT-WEIGHT: bold; Color:#012540;'><b>AUM Month </b></td> <td style='FONT-FAMILY: Verdana,Arial,San-serif; FONT-SIZE: 8pt; Color:#012540;'> Jan-2017 </td></tr><tr> <td style='background-color:#CADDEC;FONT-FAMILY: Verdana,Arial,San-serif; FONT-SIZE: 8pt; FONT-WEIGHT: bold; Color:#012540;'><b>Average AUM Excluding Fund of Funds</b></td> <td style='FONT-FAMILY: Verdana,Arial,San-serif; FONT-SIZE: 8pt; Color:#012540;'> Escorts Income Bond-Dividend </td></tr><tr> <td style='background-color:#CADDEC;FONT-FAMILY: Verdana,Arial,San-serif; FONT-SIZE: 8pt; FONT-WEIGHT: bold; Color:#012540;'><b>Average AUM Fund of Funds </b></td> <td style='FONT-FAMILY: Verdana,Arial,San-serif; FONT-SIZE: 8pt; Color:#012540;'> 27.38 </td></tr></table> ]]></description></item><item><pubDate>Mon, 17 Apr 2017 17:43:06</pubDate><title>120827</title><link>http://portal.amfiindia.com/AUMReport_Rpt_Po.aspx?rpt=swise&amp;dtAUM=01-Jan-2017&amp;mf=13</link><description><![CDATA[ <table border="0" cellspacing="4" cellpadding="2"> <tr> <td style='background-color:#CADDEC;FONT-FAMILY: Verdana,Arial,San-serif; FONT-SIZE: 8pt; FONT-WEIGHT: bold; Color:#012540;'><b>AUM Month </b></td> <td style='FONT-FAMILY: Verdana,Arial,San-serif; FONT-SIZE: 8pt; Color:#012540;'> Jan-2017 </td></tr><tr> <td style='background-color:#CADDEC;FONT-FAMILY: Verdana,Arial,San-serif; FONT-SIZE: 8pt; FONT-WEIGHT: bold; Color:#012540;'><b>Average AUM Excluding Fund of Funds</b></td> <td style='FONT-FAMILY: Verdana,Arial,San-serif; FONT-SIZE: 8pt; Color:#012540;'> Escorts Income Bond-Dividend Option-Direct Plan Growth </td></tr><tr> <td style='background-color:#CADDEC;FONT-FAMILY: Verdana,Arial,San-serif; FONT-SIZE: 8pt; FONT-WEIGHT: bold; Color:#012540;'><b>Average AUM Fund of Funds </b></td> <td style='FONT-FAMILY: Verdana,Arial,San-serif; FONT-SIZE: 8pt; Color:#012540;'> 0.19 </td></tr></table> ]]></description></item><item><pubDate>Mon, 17 Apr 2017 17:43:06</pubDate><title>100177</title><link>http://portal.amfiindia.com/AUMReport_Rpt_Po.aspx?rpt=swise&amp;dtAUM=01-Jan-2017&amp;mf=13</link><description><![CDATA[ <table border="0" cellspacing="4" cellpadding="2"> <tr> <td style='background-color:#CADDEC;FONT-FAMILY: Verdana,Arial,San-serif; FONT-SIZE: 8pt; FONT-WEIGHT: bold; Color:#012540;'><b>AUM Month </b></td> <td style='FONT-FAMILY: Verdana,Arial,San-serif; FONT-SIZE: 8pt; Color:#012540;'> Jan-2017 </td></tr><tr> <td style='background-color:#CADDEC;FONT-FAMILY: Verdana,Arial,San-serif; FONT-SIZE: 8pt; FONT-WEIGHT: bold; Color:#012540;'><b>Average AUM Excluding Fund of Funds</b></td> <td style='FONT-FAMILY: Verdana,Arial,San-serif; FONT-SIZE: 8pt; Color:#012540;'> Escorts Income Bond-Growth </td></tr><tr> <td style='background-color:#CADDEC;FONT-FAMILY: Verdana,Arial,San-serif; FONT-SIZE: 8pt; FONT-WEIGHT: bold; Color:#012540;'><b>Average AUM Fund of Funds </b></td> <td style='FONT-FAMILY: Verdana,Arial,San-serif; FONT-SIZE: 8pt; Color:#012540;'> 99.84 </td></tr></table> ]]></description></item><item><pubDate>Mon, 17 Apr 2017 17:43:06</pubDate><title>100173</title><link>http://portal.amfiindia.com/AUMReport_Rpt_Po.aspx?rpt=swise&amp;dtAUM=01-Jan-2017&amp;mf=13</link><description><![CDATA[ <table border="0" cellspacing="4" cellpadding="2"> <tr> <td style='background-color:#CADDEC;FONT-FAMILY: Verdana,Arial,San-serif; FONT-SIZE: 8pt; FONT-WEIGHT: bold; Color:#012540;'><b>AUM Month </b></td> <td style='FONT-FAMILY: Verdana,Arial,San-serif; FONT-SIZE: 8pt; Color:#012540;'> Jan-2017 </td></tr><tr> <td style='background-color:#CADDEC;FONT-FAMILY: Verdana,Arial,San-serif; FONT-SIZE: 8pt; FONT-WEIGHT: bold; Color:#012540;'><b>Average AUM Excluding Fund of Funds</b></td> <td style='FONT-FAMILY: Verdana,Arial,San-serif; FONT-SIZE: 8pt; Color:#012540;'> Escorts Income Plan-Bonus </td></tr><tr> <td style='background-color:#CADDEC;FONT-FAMILY: Verdana,Arial,San-serif; FONT-SIZE: 8pt; FONT-WEIGHT: bold; Color:#012540;'><b>Average AUM Fund of Funds </b></td> <td style='FONT-FAMILY: Verdana,Arial,San-serif; FONT-SIZE: 8pt; Color:#012540;'> 99.17 </td></tr></table> ]]></description></item><item><pubDate>Mon, 17 Apr 2017 17:43:06</pubDate><title>100171</title><link>http://portal.amfiindia.com/AUMReport_Rpt_Po.aspx?rpt=swise&amp;dtAUM=01-Jan-2017&amp;mf=13</link><description><![CDATA[ <table border="0" cellspacing="4" cellpadding="2"> <tr> <td style='background-color:#CADDEC;FONT-FAMILY: Verdana,Arial,San-serif; FONT-SIZE: 8pt; FONT-WEIGHT: bold; Color:#012540;'><b>AUM Month </b></td> <td style='FONT-FAMILY: Verdana,Arial,San-serif; FONT-SIZE: 8pt; Color:#012540;'> Jan-2017 </td></tr><tr> <td style='background-color:#CADDEC;FONT-FAMILY: Verdana,Arial,San-serif; FONT-SIZE: 8pt; FONT-WEIGHT: bold; Color:#012540;'><b>Average AUM Excluding Fund of Funds</b></td> <td style='FONT-FAMILY: Verdana,Arial,San-serif; FONT-SIZE: 8pt; Color:#012540;'> Escorts Income Plan-Dividend </td></tr><tr> <td style='background-color:#CADDEC;FONT-FAMILY: Verdana,Arial,San-serif; FONT-SIZE: 8pt; FONT-WEIGHT: bold; Color:#012540;'><b>Average AUM Fund of Funds </b></td> <td style='FONT-FAMILY: Verdana,Arial,San-serif; FONT-SIZE: 8pt; Color:#012540;'> 182.48 </td></tr></table> ]]></description></item><item><pubDate>Mon, 17 Apr 2017 17:43:06</pubDate><title>120829</title><link>http://portal.amfiindia.com/AUMReport_Rpt_Po.aspx?rpt=swise&amp;dtAUM=01-Jan-2017&amp;mf=13</link><description><![CDATA[ <table border="0" cellspacing="4" cellpadding="2"> <tr> <td style='background-color:#CADDEC;FONT-FAMILY: Verdana,Arial,San-serif; FONT-SIZE: 8pt; FONT-WEIGHT: bold; Color:#012540;'><b>AUM Month </b></td> <td style='FONT-FAMILY: Verdana,Arial,San-serif; FONT-SIZE: 8pt; Color:#012540;'> Jan-2017 </td></tr><tr> <td style='background-color:#CADDEC;FONT-FAMILY: Verdana,Arial,San-serif; FONT-SIZE: 8pt; FONT-WEIGHT: bold; Color:#012540;'><b>Average AUM Excluding Fund of Funds</b></td> <td style='FONT-FAMILY: Verdana,Arial,San-serif; FONT-SIZE: 8pt; Color:#012540;'> Escorts Income Plan-Dividend Option-Direct Plan </td></tr><tr> <td style='background-color:#CADDEC;FONT-FAMILY: Verdana,Arial,San-serif; FONT-SIZE: 8pt; FONT-WEIGHT: bold; Color:#012540;'><b>Average AUM Fund of Funds </b></td> <td style='FONT-FAMILY: Verdana,Arial,San-serif; FONT-SIZE: 8pt; Color:#012540;'> 4.47 </td></tr></table> ]]></description></item><item><pubDate>Mon, 17 Apr 2017 17:43:06</pubDate><title>100172</title><link>http://portal.amfiindia.com/AUMReport_Rpt_Po.aspx?rpt=swise&amp;dtAUM=01-Jan-2017&amp;mf=13</link><description><![CDATA[ <table border="0" cellspacing="4" cellpadding="2"> <tr> <td style='background-color:#CADDEC;FONT-FAMILY: Verdana,Arial,San-serif; FONT-SIZE: 8pt; FONT-WEIGHT: bold; Color:#012540;'><b>AUM Month </b></td> <td style='FONT-FAMILY: Verdana,Arial,San-serif; FONT-SIZE: 8pt; Color:#012540;'> Jan-2017 </td></tr><tr> <td style='background-color:#CADDEC;FONT-FAMILY: Verdana,Arial,San-serif; FONT-SIZE: 8pt; FONT-WEIGHT: bold; Color:#012540;'><b>Average AUM Excluding Fund of Funds</b></td> <td style='FONT-FAMILY: Verdana,Arial,San-serif; FONT-SIZE: 8pt; Color:#012540;'> Escorts Income Plan-Growth </td></tr><tr> <td style='background-color:#CADDEC;FONT-FAMILY: Verdana,Arial,San-serif; FONT-SIZE: 8pt; FONT-WEIGHT: bold; Color:#012540;'><b>Average AUM Fund of Funds </b></td> <td style='FONT-FAMILY: Verdana,Arial,San-serif; FONT-SIZE: 8pt; Color:#012540;'> 806.98 </td></tr></table> ]]></description></item><item><pubDate>Mon, 17 Apr 2017 17:43:06</pubDate><title>120830</title><link>http://portal.amfiindia.com/AUMReport_Rpt_Po.aspx?rpt=swise&amp;dtAUM=01-Jan-2017&amp;mf=13</link><description><![CDATA[ <table border="0" cellspacing="4" cellpadding="2"> <tr> <td style='background-color:#CADDEC;FONT-FAMILY: Verdana,Arial,San-serif; FONT-SIZE: 8pt; FONT-WEIGHT: bold; Color:#012540;'><b>AUM Month </b></td> <td style='FONT-FAMILY: Verdana,Arial,San-serif; FONT-SIZE: 8pt; Color:#012540;'> Jan-2017 </td></tr><tr> <td style='background-color:#CADDEC;FONT-FAMILY: Verdana,Arial,San-serif; FONT-SIZE: 8pt; FONT-WEIGHT: bold; Color:#012540;'><b>Average AUM Excluding Fund of Funds</b></td> <td style='FONT-FAMILY: Verdana,Arial,San-serif; FONT-SIZE: 8pt; Color:#012540;'> Escorts Income Plan-Growth Option-Direct Plan </td></tr><tr> <td style='background-color:#CADDEC;FONT-FAMILY: Verdana,Arial,San-serif; FONT-SIZE: 8pt; FONT-WEIGHT: bold; Color:#012540;'><b>Average AUM Fund of Funds </b></td> <td style='FONT-FAMILY: Verdana,Arial,San-serif; FONT-SIZE: 8pt; Color:#012540;'> 35.51 </td></tr></table> ]]></description></item><item><pubDate>Mon, 17 Apr 2017 17:43:06</pubDate><title>106169</title><link>http://portal.amfiindia.com/AUMReport_Rpt_Po.aspx?rpt=swise&amp;dtAUM=01-Jan-2017&amp;mf=13</link><description><![CDATA[ <table border="0" cellspacing="4" cellpadding="2"> <tr> <td style='background-color:#CADDEC;FONT-FAMILY: Verdana,Arial,San-serif; FONT-SIZE: 8pt; FONT-WEIGHT: bold; Color:#012540;'><b>AUM Month </b></td> <td style='FONT-FAMILY: Verdana,Arial,San-serif; FONT-SIZE: 8pt; Color:#012540;'> Jan-2017 </td></tr><tr> <td style='background-color:#CADDEC;FONT-FAMILY: Verdana,Arial,San-serif; FONT-SIZE: 8pt; FONT-WEIGHT: bold; Color:#012540;'><b>Average AUM Excluding Fund of Funds</b></td> <td style='FONT-FAMILY: Verdana,Arial,San-serif; FONT-SIZE: 8pt; Color:#012540;'> Escorts Infrastructure Fund - Dividend </td></tr><tr> <td style='background-color:#CADDEC;FONT-FAMILY: Verdana,Arial,San-serif; FONT-SIZE: 8pt; FONT-WEIGHT: bold; Color:#012540;'><b>Average AUM Fund of Funds </b></td> <td style='FONT-FAMILY: Verdana,Arial,San-serif; FONT-SIZE: 8pt; Color:#012540;'> 42.93 </td></tr></table> ]]></description></item><item><pubDate>Mon, 17 Apr 2017 17:43:06</pubDate><title>120832</title><link>http://portal.amfiindia.com/AUMReport_Rpt_Po.aspx?rpt=swise&amp;dtAUM=01-Jan-2017&amp;mf=13</link><description><![CDATA[ <table border="0" cellspacing="4" cellpadding="2"> <tr> <td style='background-color:#CADDEC;FONT-FAMILY: Verdana,Arial,San-serif; FONT-SIZE: 8pt; FONT-WEIGHT: bold; Color:#012540;'><b>AUM Month </b></td> <td style='FONT-FAMILY: Verdana,Arial,San-serif; FONT-SIZE: 8pt; Color:#012540;'> Jan-2017 </td></tr><tr> <td style='background-color:#CADDEC;FONT-FAMILY: Verdana,Arial,San-serif; FONT-SIZE: 8pt; FONT-WEIGHT: bold; Color:#012540;'><b>Average AUM Excluding Fund of Funds</b></td> <td style='FONT-FAMILY: Verdana,Arial,San-serif; FONT-SIZE: 8pt; Color:#012540;'> Escorts Infrastructure Fund - Dividend Option-Direct Plan </td></tr><tr> <td style='background-color:#CADDEC;FONT-FAMILY: Verdana,Arial,San-serif; FONT-SIZE: 8pt; FONT-WEIGHT: bold; Color:#012540;'><b>Average AUM Fund of Funds </b></td> <td style='FONT-FAMILY: Verdana,Arial,San-serif; FONT-SIZE: 8pt; Color:#012540;'> 0.12 </td></tr></table> ]]></description></item><item><pubDate>Mon, 17 Apr 2017 17:43:06</pubDate><title>106170</title><link>http://portal.amfiindia.com/AUMReport_Rpt_Po.aspx?rpt=swise&amp;dtAUM=01-Jan-2017&amp;mf=13</link><description><![CDATA[ <table border="0" cellspacing="4" cellpadding="2"> <tr> <td style='background-color:#CADDEC;FONT-FAMILY: Verdana,Arial,San-serif; FONT-SIZE: 8pt; FONT-WEIGHT: bold; Color:#012540;'><b>AUM Month </b></td> <td style='FONT-FAMILY: Verdana,Arial,San-serif; FONT-SIZE: 8pt; Color:#012540;'> Jan-2017 </td></tr><tr> <td style='background-color:#CADDEC;FONT-FAMILY: Verdana,Arial,San-serif; FONT-SIZE: 8pt; FONT-WEIGHT: bold; Color:#012540;'><b>Average AUM Excluding Fund of Funds</b></td> <td style='FONT-FAMILY: Verdana,Arial,San-serif; FONT-SIZE: 8pt; Color:#012540;'> Escorts Infrastructure Fund - Growth Option </td></tr><tr> <td style='background-color:#CADDEC;FONT-FAMILY: Verdana,Arial,San-serif; FONT-SIZE: 8pt; FONT-WEIGHT: bold; Color:#012540;'><b>Average AUM Fund of Funds </b></td> <td style='FONT-FAMILY: Verdana,Arial,San-serif; FONT-SIZE: 8pt; Color:#012540;'> 137.68 </td></tr></table> ]]></description></item><item><pubDate>Mon, 17 Apr 2017 17:43:06</pubDate><title>120833</title><link>http://portal.amfiindia.com/AUMReport_Rpt_Po.aspx?rpt=swise&amp;dtAUM=01-Jan-2017&amp;mf=13</link><description><![CDATA[ <table border="0" cellspacing="4" cellpadding="2"> <tr> <td style='background-color:#CADDEC;FONT-FAMILY: Verdana,Arial,San-serif; FONT-SIZE: 8pt; FONT-WEIGHT: bold; Color:#012540;'><b>AUM Month </b></td> <td style='FONT-FAMILY: Verdana,Arial,San-serif; FONT-SIZE: 8pt; Color:#012540;'> Jan-2017 </td></tr><tr> <td style='background-color:#CADDEC;FONT-FAMILY: Verdana,Arial,San-serif; FONT-SIZE: 8pt; FONT-WEIGHT: bold; Color:#012540;'><b>Average AUM Excluding Fund of Funds</b></td> <td style='FONT-FAMILY: Verdana,Arial,San-serif; FONT-SIZE: 8pt; Color:#012540;'> Escorts Infrastructure Fund - Growth Option-Direct Plan </td></tr><tr> <td style='background-color:#CADDEC;FONT-FAMILY: Verdana,Arial,San-serif; FONT-SIZE: 8pt; FONT-WEIGHT: bold; Color:#012540;'><b>Average AUM Fund of Funds </b></td> <td style='FONT-FAMILY: Verdana,Arial,San-serif; FONT-SIZE: 8pt; Color:#012540;'> 2.96 </td></tr></table> ]]></description></item><item><pubDate>Mon, 17 Apr 2017 17:43:06</pubDate><title>109274</title><link>http://portal.amfiindia.com/AUMReport_Rpt_Po.aspx?rpt=swise&amp;dtAUM=01-Jan-2017&amp;mf=13</link><description><![CDATA[ <table border="0" cellspacing="4" cellpadding="2"> <tr> <td style='background-color:#CADDEC;FONT-FAMILY: Verdana,Arial,San-serif; FONT-SIZE: 8pt; FONT-WEIGHT: bold; Color:#012540;'><b>AUM Month </b></td> <td style='FONT-FAMILY: Verdana,Arial,San-serif; FONT-SIZE: 8pt; Color:#012540;'> Jan-2017 </td></tr><tr> <td style='background-color:#CADDEC;FONT-FAMILY: Verdana,Arial,San-serif; FONT-SIZE: 8pt; FONT-WEIGHT: bold; Color:#012540;'><b>Average AUM Excluding Fund of Funds</b></td> <td style='FONT-FAMILY: Verdana,Arial,San-serif; FONT-SIZE: 8pt; Color:#012540;'> Escorts Leading Sectors Fund - Dividend Option </td></tr><tr> <td style='background-color:#CADDEC;FONT-FAMILY: Verdana,Arial,San-serif; FONT-SIZE: 8pt; FONT-WEIGHT: bold; Color:#012540;'><b>Average AUM Fund of Funds </b></td> <td style='FONT-FAMILY: Verdana,Arial,San-serif; FONT-SIZE: 8pt; Color:#012540;'> 25.17 </td></tr></table> ]]></description></item><item><pubDate>Mon, 17 Apr 2017 17:43:06</pubDate><title>120835</title><link>http://portal.amfiindia.com/AUMReport_Rpt_Po.aspx?rpt=swise&amp;dtAUM=01-Jan-2017&amp;mf=13</link><description><![CDATA[ <table border="0" cellspacing="4" cellpadding="2"> <tr> <td style='background-color:#CADDEC;FONT-FAMILY: Verdana,Arial,San-serif; FONT-SIZE: 8pt; FONT-WEIGHT: bold; Color:#012540;'><b>AUM Month </b></td> <td style='FONT-FAMILY: Verdana,Arial,San-serif; FONT-SIZE: 8pt; Color:#012540;'> Jan-2017 </td></tr><tr> <td style='background-color:#CADDEC;FONT-FAMILY: Verdana,Arial,San-serif; FONT-SIZE: 8pt; FONT-WEIGHT: bold; Color:#012540;'><b>Average AUM Excluding Fund of Funds</b></td> <td style='FONT-FAMILY: Verdana,Arial,San-serif; FONT-SIZE: 8pt; Color:#012540;'> Escorts Leading Sectors Fund - Dividend Option-Direct Plan </td></tr><tr> <td style='background-color:#CADDEC;FONT-FAMILY: Verdana,Arial,San-serif; FONT-SIZE: 8pt; FONT-WEIGHT: bold; Color:#012540;'><b>Average AUM Fund of Funds </b></td> <td style='FONT-FAMILY: Verdana,Arial,San-serif; FONT-SIZE: 8pt; Color:#012540;'> 8.27 </td></tr></table> ]]></description></item><item><pubDate>Mon, 17 Apr 2017 17:43:06</pubDate><title>109275</title><link>http://portal.amfiindia.com/AUMReport_Rpt_Po.aspx?rpt=swise&amp;dtAUM=01-Jan-2017&amp;mf=13</link><description><![CDATA[ <table border="0" cellspacing="4" cellpadding="2"> <tr> <td style='background-color:#CADDEC;FONT-FAMILY: Verdana,Arial,San-serif; FONT-SIZE: 8pt; FONT-WEIGHT: bold; Color:#012540;'><b>AUM Month </b></td> <td style='FONT-FAMILY: Verdana,Arial,San-serif; FONT-SIZE: 8pt; Color:#012540;'> Jan-2017 </td></tr><tr> <td style='background-color:#CADDEC;FONT-FAMILY: Verdana,Arial,San-serif; FONT-SIZE: 8pt; FONT-WEIGHT: bold; Color:#012540;'><b>Average AUM Excluding Fund of Funds</b></td> <td style='FONT-FAMILY: Verdana,Arial,San-serif; FONT-SIZE: 8pt; Color:#012540;'> Escorts Leading Sectors Fund - Growth Option </td></tr><tr> <td style='background-color:#CADDEC;FONT-FAMILY: Verdana,Arial,San-serif; FONT-SIZE: 8pt; FONT-WEIGHT: bold; Color:#012540;'><b>Average AUM Fund of Funds </b></td> <td style='FONT-FAMILY: Verdana,Arial,San-serif; FONT-SIZE: 8pt; Color:#012540;'> 259.47 </td></tr></table> ]]></description></item><item><pubDate>Mon, 17 Apr 2017 17:43:06</pubDate><title>120834</title><link>http://portal.amfiindia.com/AUMReport_Rpt_Po.aspx?rpt=swise&amp;dtAUM=01-Jan-2017&amp;mf=13</link><description><![CDATA[ <table border="0" cellspacing="4" cellpadding="2"> <tr> <td style='background-color:#CADDEC;FONT-FAMILY: Verdana,Arial,San-serif; FONT-SIZE: 8pt; FONT-WEIGHT: bold; Color:#012540;'><b>AUM Month </b></td> <td style='FONT-FAMILY: Verdana,Arial,San-serif; FONT-SIZE: 8pt; Color:#012540;'> Jan-2017 </td></tr><tr> <td style='background-color:#CADDEC;FONT-FAMILY: Verdana,Arial,San-serif; FONT-SIZE: 8pt; FONT-WEIGHT: bold; Color:#012540;'><b>Average AUM Excluding Fund of Funds</b></td> <td style='FONT-FAMILY: Verdana,Arial,San-serif; FONT-SIZE: 8pt; Color:#012540;'> Escorts Leading Sectors Fund - Growth Option-Direct Plan </td></tr><tr> <td style='background-color:#CADDEC;FONT-FAMILY: Verdana,Arial,San-serif; FONT-SIZE: 8pt; FONT-WEIGHT: bold; Color:#012540;'><b>Average AUM Fund of Funds </b></td> <td style='FONT-FAMILY: Verdana,Arial,San-serif; FONT-SIZE: 8pt; Color:#012540;'> 124.42 </td></tr></table> ]]></description></item><item><pubDate>Mon, 17 Apr 2017 17:43:06</pubDate><title>103226</title><link>http://portal.amfiindia.com/AUMReport_Rpt_Po.aspx?rpt=swise&amp;dtAUM=01-Jan-2017&amp;mf=13</link><description><![CDATA[ <table border="0" cellspacing="4" cellpadding="2"> <tr> <td style='background-color:#CADDEC;FONT-FAMILY: Verdana,Arial,San-serif; FONT-SIZE: 8pt; FONT-WEIGHT: bold; Color:#012540;'><b>AUM Month </b></td> <td style='FONT-FAMILY: Verdana,Arial,San-serif; FONT-SIZE: 8pt; Color:#012540;'> Jan-2017 </td></tr><tr> <td style='background-color:#CADDEC;FONT-FAMILY: Verdana,Arial,San-serif; FONT-SIZE: 8pt; FONT-WEIGHT: bold; Color:#012540;'><b>Average AUM Excluding Fund of Funds</b></td> <td style='FONT-FAMILY: Verdana,Arial,San-serif; FONT-SIZE: 8pt; Color:#012540;'> Escorts Liquid Plan-Daily Dividend Option </td></tr><tr> <td style='background-color:#CADDEC;FONT-FAMILY: Verdana,Arial,San-serif; FONT-SIZE: 8pt; FONT-WEIGHT: bold; Color:#012540;'><b>Average AUM Fund of Funds </b></td> <td style='FONT-FAMILY: Verdana,Arial,San-serif; FONT-SIZE: 8pt; Color:#012540;'> 1916.24 </td></tr></table> ]]></description></item><item><pubDate>Mon, 17 Apr 2017 17:43:06</pubDate><title>120836</title><link>http://portal.amfiindia.com/AUMReport_Rpt_Po.aspx?rpt=swise&amp;dtAUM=01-Jan-2017&amp;mf=13</link><description><![CDATA[ <table border="0" cellspacing="4" cellpadding="2"> <tr> <td style='background-color:#CADDEC;FONT-FAMILY: Verdana,Arial,San-serif; FONT-SIZE: 8pt; FONT-WEIGHT: bold; Color:#012540;'><b>AUM Month </b></td> <td style='FONT-FAMILY: Verdana,Arial,San-serif; FONT-SIZE: 8pt; Color:#012540;'> Jan-2017 </td></tr><tr> <td style='background-color:#CADDEC;FONT-FAMILY: Verdana,Arial,San-serif; FONT-SIZE: 8pt; FONT-WEIGHT: bold; Color:#012540;'><b>Average AUM Excluding Fund of Funds</b></td> <td style='FONT-FAMILY: Verdana,Arial,San-serif; FONT-SIZE: 8pt; Color:#012540;'> Escorts Liquid Plan-Daily Dividend Option-Direct Plan </td></tr><tr> <td style='background-color:#CADDEC;FONT-FAMILY: Verdana,Arial,San-serif; FONT-SIZE: 8pt; FONT-WEIGHT: bold; Color:#012540;'><b>Average AUM Fund of Funds </b></td> <td style='FONT-FAMILY: Verdana,Arial,San-serif; FONT-SIZE: 8pt; Color:#012540;'> 34.53 </td></tr></table> ]]></description></item><item><pubDate>Mon, 17 Apr 2017 17:43:06</pubDate><title>103225</title><link>http://portal.amfiindia.com/AUMReport_Rpt_Po.aspx?rpt=swise&amp;dtAUM=01-Jan-2017&amp;mf=13</link><description><![CDATA[ <table border="0" cellspacing="4" cellpadding="2"> <tr> <td style='background-color:#CADDEC;FONT-FAMILY: Verdana,Arial,San-serif; FONT-SIZE: 8pt; FONT-WEIGHT: bold; Color:#012540;'><b>AUM Month </b></td> <td style='FONT-FAMILY: Verdana,Arial,San-serif; FONT-SIZE: 8pt; Color:#012540;'> Jan-2017 </td></tr><tr> <td style='background-color:#CADDEC;FONT-FAMILY: Verdana,Arial,San-serif; FONT-SIZE: 8pt; FONT-WEIGHT: bold; Color:#012540;'><b>Average AUM Excluding Fund of Funds</b></td> <td style='FONT-FAMILY: Verdana,Arial,San-serif; FONT-SIZE: 8pt; Color:#012540;'> Escorts Liquid Plan-Growth Option </td></tr><tr> <td style='background-color:#CADDEC;FONT-FAMILY: Verdana,Arial,San-serif; FONT-SIZE: 8pt; FONT-WEIGHT: bold; Color:#012540;'><b>Average AUM Fund of Funds </b></td> <td style='FONT-FAMILY: Verdana,Arial,San-serif; FONT-SIZE: 8pt; Color:#012540;'> 13313.25 </td></tr></table> ]]></description></item><item><pubDate>Mon, 17 Apr 2017 17:43:06</pubDate><title>120837</title><link>http://portal.amfiindia.com/AUMReport_Rpt_Po.aspx?rpt=swise&amp;dtAUM=01-Jan-2017&amp;mf=13</link><description><![CDATA[ <table border="0" cellspacing="4" cellpadding="2"> <tr> <td style='background-color:#CADDEC;FONT-FAMILY: Verdana,Arial,San-serif; FONT-SIZE: 8pt; FONT-WEIGHT: bold; Color:#012540;'><b>AUM Month </b></td> <td style='FONT-FAMILY: Verdana,Arial,San-serif; FONT-SIZE: 8pt; Color:#012540;'> Jan-2017 </td></tr><tr> <td style='background-color:#CADDEC;FONT-FAMILY: Verdana,Arial,San-serif; FONT-SIZE: 8pt; FONT-WEIGHT: bold; Color:#012540;'><b>Average AUM Excluding Fund of Funds</b></td> <td style='FONT-FAMILY: Verdana,Arial,San-serif; FONT-SIZE: 8pt; Color:#012540;'> Escorts Liquid Plan-Growth Option-Direct Plan </td></tr><tr> <td style='background-color:#CADDEC;FONT-FAMILY: Verdana,Arial,San-serif; FONT-SIZE: 8pt; FONT-WEIGHT: bold; Color:#012540;'><b>Average AUM Fund of Funds </b></td> <td style='FONT-FAMILY: Verdana,Arial,San-serif; FONT-SIZE: 8pt; Color:#012540;'> 2897.49 </td></tr></table> ]]></description></item><item><pubDate>Mon, 17 Apr 2017 17:43:06</pubDate><title>103228</title><link>http://portal.amfiindia.com/AUMReport_Rpt_Po.aspx?rpt=swise&amp;dtAUM=01-Jan-2017&amp;mf=13</link><description><![CDATA[ <table border="0" cellspacing="4" cellpadding="2"> <tr> <td style='background-color:#CADDEC;FONT-FAMILY: Verdana,Arial,San-serif; FONT-SIZE: 8pt; FONT-WEIGHT: bold; Color:#012540;'><b>AUM Month </b></td> <td style='FONT-FAMILY: Verdana,Arial,San-serif; FONT-SIZE: 8pt; Color:#012540;'> Jan-2017 </td></tr><tr> <td style='background-color:#CADDEC;FONT-FAMILY: Verdana,Arial,San-serif; FONT-SIZE: 8pt; FONT-WEIGHT: bold; Color:#012540;'><b>Average AUM Excluding Fund of Funds</b></td> <td style='FONT-FAMILY: Verdana,Arial,San-serif; FONT-SIZE: 8pt; Color:#012540;'> Escorts Liquid Plan-Monthly Dividend Option </td></tr><tr> <td style='background-color:#CADDEC;FONT-FAMILY: Verdana,Arial,San-serif; FONT-SIZE: 8pt; FONT-WEIGHT: bold; Color:#012540;'><b>Average AUM Fund of Funds </b></td> <td style='FONT-FAMILY: Verdana,Arial,San-serif; FONT-SIZE: 8pt; Color:#012540;'> 56.37 </td></tr></table> ]]></description></item><item><pubDate>Mon, 17 Apr 2017 17:43:06</pubDate><title>120838</title><link>http://portal.amfiindia.com/AUMReport_Rpt_Po.aspx?rpt=swise&amp;dtAUM=01-Jan-2017&amp;mf=13</link><description><![CDATA[ <table border="0" cellspacing="4" cellpadding="2"> <tr> <td style='background-color:#CADDEC;FONT-FAMILY: Verdana,Arial,San-serif; FONT-SIZE: 8pt; FONT-WEIGHT: bold; Color:#012540;'><b>AUM Month </b></td> <td style='FONT-FAMILY: Verdana,Arial,San-serif; FONT-SIZE: 8pt; Color:#012540;'> Jan-2017 </td></tr><tr> <td style='background-color:#CADDEC;FONT-FAMILY: Verdana,Arial,San-serif; FONT-SIZE: 8pt; FONT-WEIGHT: bold; Color:#012540;'><b>Average AUM Excluding Fund of Funds</b></td> <td style='FONT-FAMILY: Verdana,Arial,San-serif; FONT-SIZE: 8pt; Color:#012540;'> Escorts Liquid Plan-Monthly Dividend Option-Direct Plan </td></tr><tr> <td style='background-color:#CADDEC;FONT-FAMILY: Verdana,Arial,San-serif; FONT-SIZE: 8pt; FONT-WEIGHT: bold; Color:#012540;'><b>Average AUM Fund of Funds </b></td> <td style='FONT-FAMILY: Verdana,Arial,San-serif; FONT-SIZE: 8pt; Color:#012540;'> 26.99 </td></tr></table> ]]></description></item><item><pubDate>Mon, 17 Apr 2017 17:43:06</pubDate><title>103227</title><link>http://portal.amfiindia.com/AUMReport_Rpt_Po.aspx?rpt=swise&amp;dtAUM=01-Jan-2017&amp;mf=13</link><description><![CDATA[ <table border="0" cellspacing="4" cellpadding="2"> <tr> <td style='background-color:#CADDEC;FONT-FAMILY: Verdana,Arial,San-serif; FONT-SIZE: 8pt; FONT-WEIGHT: bold; Color:#012540;'><b>AUM Month </b></td> <td style='FONT-FAMILY: Verdana,Arial,San-serif; FONT-SIZE: 8pt; Color:#012540;'> Jan-2017 </td></tr><tr> <td style='background-color:#CADDEC;FONT-FAMILY: Verdana,Arial,San-serif; FONT-SIZE: 8pt; FONT-WEIGHT: bold; Color:#012540;'><b>Average AUM Excluding Fund of Funds</b></td> <td style='FONT-FAMILY: Verdana,Arial,San-serif; FONT-SIZE: 8pt; Color:#012540;'> Escorts Liquid Plan-Weekly Dividend Option </td></tr><tr> <td style='background-color:#CADDEC;FONT-FAMILY: Verdana,Arial,San-serif; FONT-SIZE: 8pt; FONT-WEIGHT: bold; Color:#012540;'><b>Average AUM Fund of Funds </b></td> <td style='FONT-FAMILY: Verdana,Arial,San-serif; FONT-SIZE: 8pt; Color:#012540;'> 8.62 </td></tr></table> ]]></description></item><item><pubDate>Mon, 17 Apr 2017 17:43:06</pubDate><title>101066</title><link>http://portal.amfiindia.com/AUMReport_Rpt_Po.aspx?rpt=swise&amp;dtAUM=01-Jan-2017&amp;mf=13</link><description><![CDATA[ <table border="0" cellspacing="4" cellpadding="2"> <tr> <td style='background-color:#CADDEC;FONT-FAMILY: Verdana,Arial,San-serif; FONT-SIZE: 8pt; FONT-WEIGHT: bold; Color:#012540;'><b>AUM Month </b></td> <td style='FONT-FAMILY: Verdana,Arial,San-serif; FONT-SIZE: 8pt; Color:#012540;'> Jan-2017 </td></tr><tr> <td style='background-color:#CADDEC;FONT-FAMILY: Verdana,Arial,San-serif; FONT-SIZE: 8pt; FONT-WEIGHT: bold; Color:#012540;'><b>Average AUM Excluding Fund of Funds</b></td> <td style='FONT-FAMILY: Verdana,Arial,San-serif; FONT-SIZE: 8pt; Color:#012540;'> Escorts Opportunities Fund-Dividend </td></tr><tr> <td style='background-color:#CADDEC;FONT-FAMILY: Verdana,Arial,San-serif; FONT-SIZE: 8pt; FONT-WEIGHT: bold; Color:#012540;'><b>Average AUM Fund of Funds </b></td> <td style='FONT-FAMILY: Verdana,Arial,San-serif; FONT-SIZE: 8pt; Color:#012540;'> 1235.30 </td></tr></table> ]]></description></item><item><pubDate>Mon, 17 Apr 2017 17:43:06</pubDate><title>120840</title><link>http://portal.amfiindia.com/AUMReport_Rpt_Po.aspx?rpt=swise&amp;dtAUM=01-Jan-2017&amp;mf=13</link><description><![CDATA[ <table border="0" cellspacing="4" cellpadding="2"> <tr> <td style='background-color:#CADDEC;FONT-FAMILY: Verdana,Arial,San-serif; FONT-SIZE: 8pt; FONT-WEIGHT: bold; Color:#012540;'><b>AUM Month </b></td> <td style='FONT-FAMILY: Verdana,Arial,San-serif; FONT-SIZE: 8pt; Color:#012540;'> Jan-2017 </td></tr><tr> <td style='background-color:#CADDEC;FONT-FAMILY: Verdana,Arial,San-serif; FONT-SIZE: 8pt; FONT-WEIGHT: bold; Color:#012540;'><b>Average AUM Excluding Fund of Funds</b></td> <td style='FONT-FAMILY: Verdana,Arial,San-serif; FONT-SIZE: 8pt; Color:#012540;'> Escorts Opportunities Fund-Dividend Option-Direct Plan </td></tr><tr> <td style='background-color:#CADDEC;FONT-FAMILY: Verdana,Arial,San-serif; FONT-SIZE: 8pt; FONT-WEIGHT: bold; Color:#012540;'><b>Average AUM Fund of Funds </b></td> <td style='FONT-FAMILY: Verdana,Arial,San-serif; FONT-SIZE: 8pt; Color:#012540;'> 4.26 </td></tr></table> ]]></description></item><item><pubDate>Mon, 17 Apr 2017 17:43:06</pubDate><title>101065</title><link>http://portal.amfiindia.com/AUMReport_Rpt_Po.aspx?rpt=swise&amp;dtAUM=01-Jan-2017&amp;mf=13</link><description><![CDATA[ <table border="0" cellspacing="4" cellpadding="2"> <tr> <td style='background-color:#CADDEC;FONT-FAMILY: Verdana,Arial,San-serif; FONT-SIZE: 8pt; FONT-WEIGHT: bold; Color:#012540;'><b>AUM Month </b></td> <td style='FONT-FAMILY: Verdana,Arial,San-serif; FONT-SIZE: 8pt; Color:#012540;'> Jan-2017 </td></tr><tr> <td style='background-color:#CADDEC;FONT-FAMILY: Verdana,Arial,San-serif; FONT-SIZE: 8pt; FONT-WEIGHT: bold; Color:#012540;'><b>Average AUM Excluding Fund of Funds</b></td> <td style='FONT-FAMILY: Verdana,Arial,San-serif; FONT-SIZE: 8pt; Color:#012540;'> Escorts Opportunities Fund-Growth </td></tr><tr> <td style='background-color:#CADDEC;FONT-FAMILY: Verdana,Arial,San-serif; FONT-SIZE: 8pt; FONT-WEIGHT: bold; Color:#012540;'><b>Average AUM Fund of Funds </b></td> <td style='FONT-FAMILY: Verdana,Arial,San-serif; FONT-SIZE: 8pt; Color:#012540;'> 94.72 </td></tr></table> ]]></description></item><item><pubDate>Mon, 17 Apr 2017 17:43:06</pubDate><title>120841</title><link>http://portal.amfiindia.com/AUMReport_Rpt_Po.aspx?rpt=swise&amp;dtAUM=01-Jan-2017&amp;mf=13</link><description><![CDATA[ <table border="0" cellspacing="4" cellpadding="2"> <tr> <td style='background-color:#CADDEC;FONT-FAMILY: Verdana,Arial,San-serif; FONT-SIZE: 8pt; FONT-WEIGHT: bold; Color:#012540;'><b>AUM Month </b></td> <td style='FONT-FAMILY: Verdana,Arial,San-serif; FONT-SIZE: 8pt; Color:#012540;'> Jan-2017 </td></tr><tr> <td style='background-color:#CADDEC;FONT-FAMILY: Verdana,Arial,San-serif; FONT-SIZE: 8pt; FONT-WEIGHT: bold; Color:#012540;'><b>Average AUM Excluding Fund of Funds</b></td> <td style='FONT-FAMILY: Verdana,Arial,San-serif; FONT-SIZE: 8pt; Color:#012540;'> Escorts Opportunities Fund-Growth Option-Direct Plan </td></tr><tr> <td style='background-color:#CADDEC;FONT-FAMILY: Verdana,Arial,San-serif; FONT-SIZE: 8pt; FONT-WEIGHT: bold; Color:#012540;'><b>Average AUM Fund of Funds </b></td> <td style='FONT-FAMILY: Verdana,Arial,San-serif; FONT-SIZE: 8pt; Color:#012540;'> 3.27 </td></tr></table> ]]></description></item><item><pubDate>Mon, 17 Apr 2017 17:43:06</pubDate><title>109831</title><link>http://portal.amfiindia.com/AUMReport_Rpt_Po.aspx?rpt=swise&amp;dtAUM=01-Jan-2017&amp;mf=13</link><description><![CDATA[ <table border="0" cellspacing="4" cellpadding="2"> <tr> <td style='background-color:#CADDEC;FONT-FAMILY: Verdana,Arial,San-serif; FONT-SIZE: 8pt; FONT-WEIGHT: bold; Color:#012540;'><b>AUM Month </b></td> <td style='FONT-FAMILY: Verdana,Arial,San-serif; FONT-SIZE: 8pt; Color:#012540;'> Jan-2017 </td></tr><tr> <td style='background-color:#CADDEC;FONT-FAMILY: Verdana,Arial,San-serif; FONT-SIZE: 8pt; FONT-WEIGHT: bold; Color:#012540;'><b>Average AUM Excluding Fund of Funds</b></td> <td style='FONT-FAMILY: Verdana,Arial,San-serif; FONT-SIZE: 8pt; Color:#012540;'> Escorts Power & Energy Fund - Dividend Option </td></tr><tr> <td style='background-color:#CADDEC;FONT-FAMILY: Verdana,Arial,San-serif; FONT-SIZE: 8pt; FONT-WEIGHT: bold; Color:#012540;'><b>Average AUM Fund of Funds </b></td> <td style='FONT-FAMILY: Verdana,Arial,San-serif; FONT-SIZE: 8pt; Color:#012540;'> 18.24 </td></tr></table> ]]></description></item><item><pubDate>Mon, 17 Apr 2017 17:43:06</pubDate><title>120842</title><link>http://portal.amfiindia.com/AUMReport_Rpt_Po.aspx?rpt=swise&amp;dtAUM=01-Jan-2017&amp;mf=13</link><description><![CDATA[ <table border="0" cellspacing="4" cellpadding="2"> <tr> <td style='background-color:#CADDEC;FONT-FAMILY: Verdana,Arial,San-serif; FONT-SIZE: 8pt; FONT-WEIGHT: bold; Color:#012540;'><b>AUM Month </b></td> <td style='FONT-FAMILY: Verdana,Arial,San-serif; FONT-SIZE: 8pt; Color:#012540;'> Jan-2017 </td></tr><tr> <td style='background-color:#CADDEC;FONT-FAMILY: Verdana,Arial,San-serif; FONT-SIZE: 8pt; FONT-WEIGHT: bold; Color:#012540;'><b>Average AUM Excluding Fund of Funds</b></td> <td style='FONT-FAMILY: Verdana,Arial,San-serif; FONT-SIZE: 8pt; Color:#012540;'> Escorts Power & Energy Fund - Dividend Option-Direct Plan </td></tr><tr> <td style='background-color:#CADDEC;FONT-FAMILY: Verdana,Arial,San-serif; FONT-SIZE: 8pt; FONT-WEIGHT: bold; Color:#012540;'><b>Average AUM Fund of Funds </b></td> <td style='FONT-FAMILY: Verdana,Arial,San-serif; FONT-SIZE: 8pt; Color:#012540;'> 0.10 </td></tr></table> ]]></description></item><item><pubDate>Mon, 17 Apr 2017 17:43:06</pubDate><title>109830</title><link>http://portal.amfiindia.com/AUMReport_Rpt_Po.aspx?rpt=swise&amp;dtAUM=01-Jan-2017&amp;mf=13</link><description><![CDATA[ <table border="0" cellspacing="4" cellpadding="2"> <tr> <td style='background-color:#CADDEC;FONT-FAMILY: Verdana,Arial,San-serif; FONT-SIZE: 8pt; FONT-WEIGHT: bold; Color:#012540;'><b>AUM Month </b></td> <td style='FONT-FAMILY: Verdana,Arial,San-serif; FONT-SIZE: 8pt; Color:#012540;'> Jan-2017 </td></tr><tr> <td style='background-color:#CADDEC;FONT-FAMILY: Verdana,Arial,San-serif; FONT-SIZE: 8pt; FONT-WEIGHT: bold; Color:#012540;'><b>Average AUM Excluding Fund of Funds</b></td> <td style='FONT-FAMILY: Verdana,Arial,San-serif; FONT-SIZE: 8pt; Color:#012540;'> Escorts Power & Energy Fund - Growth Option </td></tr><tr> <td style='background-color:#CADDEC;FONT-FAMILY: Verdana,Arial,San-serif; FONT-SIZE: 8pt; FONT-WEIGHT: bold; Color:#012540;'><b>Average AUM Fund of Funds </b></td> <td style='FONT-FAMILY: Verdana,Arial,San-serif; FONT-SIZE: 8pt; Color:#012540;'> 54.19 </td></tr></table> ]]></description></item><item><pubDate>Mon, 17 Apr 2017 17:43:06</pubDate><title>120843</title><link>http://portal.amfiindia.com/AUMReport_Rpt_Po.aspx?rpt=swise&amp;dtAUM=01-Jan-2017&amp;mf=13</link><description><![CDATA[ <table border="0" cellspacing="4" cellpadding="2"> <tr> <td style='background-color:#CADDEC;FONT-FAMILY: Verdana,Arial,San-serif; FONT-SIZE: 8pt; FONT-WEIGHT: bold; Color:#012540;'><b>AUM Month </b></td> <td style='FONT-FAMILY: Verdana,Arial,San-serif; FONT-SIZE: 8pt; Color:#012540;'> Jan-2017 </td></tr><tr> <td style='background-color:#CADDEC;FONT-FAMILY: Verdana,Arial,San-serif; FONT-SIZE: 8pt; FONT-WEIGHT: bold; Color:#012540;'><b>Average AUM Excluding Fund of Funds</b></td> <td style='FONT-FAMILY: Verdana,Arial,San-serif; FONT-SIZE: 8pt; Color:#012540;'> Escorts Power & Energy Fund - Growth Option-Direct Plan </td></tr><tr> <td style='background-color:#CADDEC;FONT-FAMILY: Verdana,Arial,San-serif; FONT-SIZE: 8pt; FONT-WEIGHT: bold; Color:#012540;'><b>Average AUM Fund of Funds </b></td> <td style='FONT-FAMILY: Verdana,Arial,San-serif; FONT-SIZE: 8pt; Color:#012540;'> 5.07 </td></tr></table> ]]></description></item><item><pubDate>Mon, 17 Apr 2017 17:43:06</pubDate><title>103465</title><link>http://portal.amfiindia.com/AUMReport_Rpt_Po.aspx?rpt=swise&amp;dtAUM=01-Jan-2017&amp;mf=13</link><description><![CDATA[ <table border="0" cellspacing="4" cellpadding="2"> <tr> <td style='background-color:#CADDEC;FONT-FAMILY: Verdana,Arial,San-serif; FONT-SIZE: 8pt; FONT-WEIGHT: bold; Color:#012540;'><b>AUM Month </b></td> <td style='FONT-FAMILY: Verdana,Arial,San-serif; FONT-SIZE: 8pt; Color:#012540;'> Jan-2017 </td></tr><tr> <td style='background-color:#CADDEC;FONT-FAMILY: Verdana,Arial,San-serif; FONT-SIZE: 8pt; FONT-WEIGHT: bold; Color:#012540;'><b>Average AUM Excluding Fund of Funds</b></td> <td style='FONT-FAMILY: Verdana,Arial,San-serif; FONT-SIZE: 8pt; Color:#012540;'> Escorts Short Term Debt Fund-Dividend Option </td></tr><tr> <td style='background-color:#CADDEC;FONT-FAMILY: Verdana,Arial,San-serif; FONT-SIZE: 8pt; FONT-WEIGHT: bold; Color:#012540;'><b>Average AUM Fund of Funds </b></td> <td style='FONT-FAMILY: Verdana,Arial,San-serif; FONT-SIZE: 8pt; Color:#012540;'> 14.50 </td></tr></table> ]]></description></item><item><pubDate>Mon, 17 Apr 2017 17:43:06</pubDate><title>120844</title><link>http://portal.amfiindia.com/AUMReport_Rpt_Po.aspx?rpt=swise&amp;dtAUM=01-Jan-2017&amp;mf=13</link><description><![CDATA[ <table border="0" cellspacing="4" cellpadding="2"> <tr> <td style='background-color:#CADDEC;FONT-FAMILY: Verdana,Arial,San-serif; FONT-SIZE: 8pt; FONT-WEIGHT: bold; Color:#012540;'><b>AUM Month </b></td> <td style='FONT-FAMILY: Verdana,Arial,San-serif; FONT-SIZE: 8pt; Color:#012540;'> Jan-2017 </td></tr><tr> <td style='background-color:#CADDEC;FONT-FAMILY: Verdana,Arial,San-serif; FONT-SIZE: 8pt; FONT-WEIGHT: bold; Color:#012540;'><b>Average AUM Excluding Fund of Funds</b></td> <td style='FONT-FAMILY: Verdana,Arial,San-serif; FONT-SIZE: 8pt; Color:#012540;'> Escorts Short Term Debt Fund-Dividend Option-Direct Plan </td></tr><tr> <td style='background-color:#CADDEC;FONT-FAMILY: Verdana,Arial,San-serif; FONT-SIZE: 8pt; FONT-WEIGHT: bold; Color:#012540;'><b>Average AUM Fund of Funds </b></td> <td style='FONT-FAMILY: Verdana,Arial,San-serif; FONT-SIZE: 8pt; Color:#012540;'> 0.90 </td></tr></table> ]]></description></item><item><pubDate>Mon, 17 Apr 2017 17:43:06</pubDate><title>103464</title><link>http://portal.amfiindia.com/AUMReport_Rpt_Po.aspx?rpt=swise&amp;dtAUM=01-Jan-2017&amp;mf=13</link><description><![CDATA[ <table border="0" cellspacing="4" cellpadding="2"> <tr> <td style='background-color:#CADDEC;FONT-FAMILY: Verdana,Arial,San-serif; FONT-SIZE: 8pt; FONT-WEIGHT: bold; Color:#012540;'><b>AUM Month </b></td> <td style='FONT-FAMILY: Verdana,Arial,San-serif; FONT-SIZE: 8pt; Color:#012540;'> Jan-2017 </td></tr><tr> <td style='background-color:#CADDEC;FONT-FAMILY: Verdana,Arial,San-serif; FONT-SIZE: 8pt; FONT-WEIGHT: bold; Color:#012540;'><b>Average AUM Excluding Fund of Funds</b></td> <td style='FONT-FAMILY: Verdana,Arial,San-serif; FONT-SIZE: 8pt; Color:#012540;'> Escorts Short Term Debt Fund-Growth Option </td></tr><tr> <td style='background-color:#CADDEC;FONT-FAMILY: Verdana,Arial,San-serif; FONT-SIZE: 8pt; FONT-WEIGHT: bold; Color:#012540;'><b>Average AUM Fund of Funds </b></td> <td style='FONT-FAMILY: Verdana,Arial,San-serif; FONT-SIZE: 8pt; Color:#012540;'> 524.13 </td></tr></table> ]]></description></item><item><pubDate>Mon, 17 Apr 2017 17:43:06</pubDate><title>120845</title><link>http://portal.amfiindia.com/AUMReport_Rpt_Po.aspx?rpt=swise&amp;dtAUM=01-Jan-2017&amp;mf=13</link><description><![CDATA[ <table border="0" cellspacing="4" cellpadding="2"> <tr> <td style='background-color:#CADDEC;FONT-FAMILY: Verdana,Arial,San-serif; FONT-SIZE: 8pt; FONT-WEIGHT: bold; Color:#012540;'><b>AUM Month </b></td> <td style='FONT-FAMILY: Verdana,Arial,San-serif; FONT-SIZE: 8pt; Color:#012540;'> Jan-2017 </td></tr><tr> <td style='background-color:#CADDEC;FONT-FAMILY: Verdana,Arial,San-serif; FONT-SIZE: 8pt; FONT-WEIGHT: bold; Color:#012540;'><b>Average AUM Excluding Fund of Funds</b></td> <td style='FONT-FAMILY: Verdana,Arial,San-serif; FONT-SIZE: 8pt; Color:#012540;'> Escorts Short Term Debt Fund-Growth Option-Direct Plan </td></tr><tr> <td style='background-color:#CADDEC;FONT-FAMILY: Verdana,Arial,San-serif; FONT-SIZE: 8pt; FONT-WEIGHT: bold; Color:#012540;'><b>Average AUM Fund of Funds </b></td> <td style='FONT-FAMILY: Verdana,Arial,San-serif; FONT-SIZE: 8pt; Color:#012540;'> 169.78 </td></tr></table> ]]></description></item><item><pubDate>Mon, 17 Apr 2017 17:43:06</pubDate><title>100174</title><link>http://portal.amfiindia.com/AUMReport_Rpt_Po.aspx?rpt=swise&amp;dtAUM=01-Jan-2017&amp;mf=13</link><description><![CDATA[ <table border="0" cellspacing="4" cellpadding="2"> <tr> <td style='background-color:#CADDEC;FONT-FAMILY: Verdana,Arial,San-serif; FONT-SIZE: 8pt; FONT-WEIGHT: bold; Color:#012540;'><b>AUM Month </b></td> <td style='FONT-FAMILY: Verdana,Arial,San-serif; FONT-SIZE: 8pt; Color:#012540;'> Jan-2017 </td></tr><tr> <td style='background-color:#CADDEC;FONT-FAMILY: Verdana,Arial,San-serif; FONT-SIZE: 8pt; FONT-WEIGHT: bold; Color:#012540;'><b>Average AUM Excluding Fund of Funds</b></td> <td style='FONT-FAMILY: Verdana,Arial,San-serif; FONT-SIZE: 8pt; Color:#012540;'> Escorts Tax Plan-Dividend </td></tr><tr> <td style='background-color:#CADDEC;FONT-FAMILY: Verdana,Arial,San-serif; FONT-SIZE: 8pt; FONT-WEIGHT: bold; Color:#012540;'><b>Average AUM Fund of Funds </b></td> <td style='FONT-FAMILY: Verdana,Arial,San-serif; FONT-SIZE: 8pt; Color:#012540;'> 193.15 </td></tr></table> ]]></description></item><item><pubDate>Mon, 17 Apr 2017 17:43:06</pubDate><title>120846</title><link>http://portal.amfiindia.com/AUMReport_Rpt_Po.aspx?rpt=swise&amp;dtAUM=01-Jan-2017&amp;mf=13</link><description><![CDATA[ <table border="0" cellspacing="4" cellpadding="2"> <tr> <td style='background-color:#CADDEC;FONT-FAMILY: Verdana,Arial,San-serif; FONT-SIZE: 8pt; FONT-WEIGHT: bold; Color:#012540;'><b>AUM Month </b></td> <td style='FONT-FAMILY: Verdana,Arial,San-serif; FONT-SIZE: 8pt; Color:#012540;'> Jan-2017 </td></tr><tr> <td style='background-color:#CADDEC;FONT-FAMILY: Verdana,Arial,San-serif; FONT-SIZE: 8pt; FONT-WEIGHT: bold; Color:#012540;'><b>Average AUM Excluding Fund of Funds</b></td> <td style='FONT-FAMILY: Verdana,Arial,San-serif; FONT-SIZE: 8pt; Color:#012540;'> Escorts Tax Plan-Dividend Option-Direct Plan </td></tr><tr> <td style='background-color:#CADDEC;FONT-FAMILY: Verdana,Arial,San-serif; FONT-SIZE: 8pt; FONT-WEIGHT: bold; Color:#012540;'><b>Average AUM Fund of Funds </b></td> <td style='FONT-FAMILY: Verdana,Arial,San-serif; FONT-SIZE: 8pt; Color:#012540;'> 14.85 </td></tr></table> ]]></description></item><item><pubDate>Mon, 17 Apr 2017 17:43:06</pubDate><title>100175</title><link>http://portal.amfiindia.com/AUMReport_Rpt_Po.aspx?rpt=swise&amp;dtAUM=01-Jan-2017&amp;mf=13</link><description><![CDATA[ <table border="0" cellspacing="4" cellpadding="2"> <tr> <td style='background-color:#CADDEC;FONT-FAMILY: Verdana,Arial,San-serif; FONT-SIZE: 8pt; FONT-WEIGHT: bold; Color:#012540;'><b>AUM Month </b></td> <td style='FONT-FAMILY: Verdana,Arial,San-serif; FONT-SIZE: 8pt; Color:#012540;'> Jan-2017 </td></tr><tr> <td style='background-color:#CADDEC;FONT-FAMILY: Verdana,Arial,San-serif; FONT-SIZE: 8pt; FONT-WEIGHT: bold; Color:#012540;'><b>Average AUM Excluding Fund of Funds</b></td> <td style='FONT-FAMILY: Verdana,Arial,San-serif; FONT-SIZE: 8pt; Color:#012540;'> Escorts Tax Plan-Growth </td></tr><tr> <td style='background-color:#CADDEC;FONT-FAMILY: Verdana,Arial,San-serif; FONT-SIZE: 8pt; FONT-WEIGHT: bold; Color:#012540;'><b>Average AUM Fund of Funds </b></td> <td style='FONT-FAMILY: Verdana,Arial,San-serif; FONT-SIZE: 8pt; Color:#012540;'> 204.06 </td></tr></table> ]]></description></item><item><pubDate>Mon, 17 Apr 2017 17:43:06</pubDate><title>120847</title><link>http://portal.amfiindia.com/AUMReport_Rpt_Po.aspx?rpt=swise&amp;dtAUM=01-Jan-2017&amp;mf=13</link><description><![CDATA[ <table border="0" cellspacing="4" cellpadding="2"> <tr> <td style='background-color:#CADDEC;FONT-FAMILY: Verdana,Arial,San-serif; FONT-SIZE: 8pt; FONT-WEIGHT: bold; Color:#012540;'><b>AUM Month </b></td> <td style='FONT-FAMILY: Verdana,Arial,San-serif; FONT-SIZE: 8pt; Color:#012540;'> Jan-2017 </td></tr><tr> <td style='background-color:#CADDEC;FONT-FAMILY: Verdana,Arial,San-serif; FONT-SIZE: 8pt; FONT-WEIGHT: bold; Color:#012540;'><b>Average AUM Excluding Fund of Funds</b></td> <td style='FONT-FAMILY: Verdana,Arial,San-serif; FONT-SIZE: 8pt; Color:#012540;'> Escorts Tax Plan-Growth Option-Direct Plan </td></tr><tr> <td style='background-color:#CADDEC;FONT-FAMILY: Verdana,Arial,San-serif; FONT-SIZE: 8pt; FONT-WEIGHT: bold; Color:#012540;'><b>Average AUM Fund of Funds </b></td> <td style='FONT-FAMILY: Verdana,Arial,San-serif; FONT-SIZE: 8pt; Color:#012540;'> 99.10 </td></tr></table> ]]></description></item></channel></rss>