<?xml version='1.0' encoding='ISO-8859-1'?><?xml-stylesheet title='XSL_formatting' type='text/xsl' href='http://portal.amfiindia.com/rssstyle.xsl'?><rss version='2.0' xmlns:cf='http://www.microsoft.com/schemas/rss/core/2005' xmlns:nav='http://www.amfiindia.com/rss/nav'><channel><title>List of Schemes with AUM for Mirae Asset Mutual Fund</title><link>http://www.amfiindia.com</link><description>The  Association  of  Mutual  Funds  in  India (AMFI)  is  dedicated  to  developing  the  Indian  Mutual  Fund  Industry  on  professional,  healthy  and  ethical  lines  and  to  enhance  and  maintain  standards  in  all  areas  with  a  view  to  protecting  and  promoting  the  interests  of  mutual  funds  and  their  unit  holders.</description><language>en-us</language><pubDate>4/17/2017 5:43:39 PM</pubDate><copyright>(C) Association of Mutual Funds in India (AMFI) - Copyright 2017</copyright><image><title>amfiindia.com</title><url>http://www.amfiindia.com/portal/images/pu-amfilogo.gif</url><link>http://www.amfiindia.com/</link><description>Visit amfiindia.com</description></image><item><pubDate>Mon, 17 Apr 2017 17:43:39</pubDate><title>111647</title><link>http://portal.amfiindia.com/AUMReport_Rpt_Po.aspx?rpt=swise&amp;dtAUM=01-Jan-2017&amp;mf=45</link><description><![CDATA[ <table border="0" cellspacing="4" cellpadding="2"> <tr> <td style='background-color:#CADDEC;FONT-FAMILY: Verdana,Arial,San-serif; FONT-SIZE: 8pt; FONT-WEIGHT: bold; Color:#012540;'><b>AUM Month </b></td> <td style='FONT-FAMILY: Verdana,Arial,San-serif; FONT-SIZE: 8pt; Color:#012540;'> Jan-2017 </td></tr><tr> <td style='background-color:#CADDEC;FONT-FAMILY: Verdana,Arial,San-serif; FONT-SIZE: 8pt; FONT-WEIGHT: bold; Color:#012540;'><b>Average AUM Excluding Fund of Funds</b></td> <td style='FONT-FAMILY: Verdana,Arial,San-serif; FONT-SIZE: 8pt; Color:#012540;'> Mirae Asset Cash Management Fund - Daily Dividend </td></tr><tr> <td style='background-color:#CADDEC;FONT-FAMILY: Verdana,Arial,San-serif; FONT-SIZE: 8pt; FONT-WEIGHT: bold; Color:#012540;'><b>Average AUM Fund of Funds </b></td> <td style='FONT-FAMILY: Verdana,Arial,San-serif; FONT-SIZE: 8pt; Color:#012540;'> 2666.90 </td></tr></table> ]]></description></item><item><pubDate>Mon, 17 Apr 2017 17:43:39</pubDate><title>118861</title><link>http://portal.amfiindia.com/AUMReport_Rpt_Po.aspx?rpt=swise&amp;dtAUM=01-Jan-2017&amp;mf=45</link><description><![CDATA[ <table border="0" cellspacing="4" cellpadding="2"> <tr> <td style='background-color:#CADDEC;FONT-FAMILY: Verdana,Arial,San-serif; FONT-SIZE: 8pt; FONT-WEIGHT: bold; Color:#012540;'><b>AUM Month </b></td> <td style='FONT-FAMILY: Verdana,Arial,San-serif; FONT-SIZE: 8pt; Color:#012540;'> Jan-2017 </td></tr><tr> <td style='background-color:#CADDEC;FONT-FAMILY: Verdana,Arial,San-serif; FONT-SIZE: 8pt; FONT-WEIGHT: bold; Color:#012540;'><b>Average AUM Excluding Fund of Funds</b></td> <td style='FONT-FAMILY: Verdana,Arial,San-serif; FONT-SIZE: 8pt; Color:#012540;'> Mirae Asset Cash Management Fund - Direct Plan - Daily Dividend </td></tr><tr> <td style='background-color:#CADDEC;FONT-FAMILY: Verdana,Arial,San-serif; FONT-SIZE: 8pt; FONT-WEIGHT: bold; Color:#012540;'><b>Average AUM Fund of Funds </b></td> <td style='FONT-FAMILY: Verdana,Arial,San-serif; FONT-SIZE: 8pt; Color:#012540;'> 459.99 </td></tr></table> ]]></description></item><item><pubDate>Mon, 17 Apr 2017 17:43:39</pubDate><title>118859</title><link>http://portal.amfiindia.com/AUMReport_Rpt_Po.aspx?rpt=swise&amp;dtAUM=01-Jan-2017&amp;mf=45</link><description><![CDATA[ <table border="0" cellspacing="4" cellpadding="2"> <tr> <td style='background-color:#CADDEC;FONT-FAMILY: Verdana,Arial,San-serif; FONT-SIZE: 8pt; FONT-WEIGHT: bold; Color:#012540;'><b>AUM Month </b></td> <td style='FONT-FAMILY: Verdana,Arial,San-serif; FONT-SIZE: 8pt; Color:#012540;'> Jan-2017 </td></tr><tr> <td style='background-color:#CADDEC;FONT-FAMILY: Verdana,Arial,San-serif; FONT-SIZE: 8pt; FONT-WEIGHT: bold; Color:#012540;'><b>Average AUM Excluding Fund of Funds</b></td> <td style='FONT-FAMILY: Verdana,Arial,San-serif; FONT-SIZE: 8pt; Color:#012540;'> Mirae Asset Cash Management Fund - Direct Plan - Growth </td></tr><tr> <td style='background-color:#CADDEC;FONT-FAMILY: Verdana,Arial,San-serif; FONT-SIZE: 8pt; FONT-WEIGHT: bold; Color:#012540;'><b>Average AUM Fund of Funds </b></td> <td style='FONT-FAMILY: Verdana,Arial,San-serif; FONT-SIZE: 8pt; Color:#012540;'> 11890.79 </td></tr></table> ]]></description></item><item><pubDate>Mon, 17 Apr 2017 17:43:39</pubDate><title>118860</title><link>http://portal.amfiindia.com/AUMReport_Rpt_Po.aspx?rpt=swise&amp;dtAUM=01-Jan-2017&amp;mf=45</link><description><![CDATA[ <table border="0" cellspacing="4" cellpadding="2"> <tr> <td style='background-color:#CADDEC;FONT-FAMILY: Verdana,Arial,San-serif; FONT-SIZE: 8pt; FONT-WEIGHT: bold; Color:#012540;'><b>AUM Month </b></td> <td style='FONT-FAMILY: Verdana,Arial,San-serif; FONT-SIZE: 8pt; Color:#012540;'> Jan-2017 </td></tr><tr> <td style='background-color:#CADDEC;FONT-FAMILY: Verdana,Arial,San-serif; FONT-SIZE: 8pt; FONT-WEIGHT: bold; Color:#012540;'><b>Average AUM Excluding Fund of Funds</b></td> <td style='FONT-FAMILY: Verdana,Arial,San-serif; FONT-SIZE: 8pt; Color:#012540;'> Mirae Asset Cash Management Fund - Direct Plan - Monthly Dividend </td></tr><tr> <td style='background-color:#CADDEC;FONT-FAMILY: Verdana,Arial,San-serif; FONT-SIZE: 8pt; FONT-WEIGHT: bold; Color:#012540;'><b>Average AUM Fund of Funds </b></td> <td style='FONT-FAMILY: Verdana,Arial,San-serif; FONT-SIZE: 8pt; Color:#012540;'> 33.09 </td></tr></table> ]]></description></item><item><pubDate>Mon, 17 Apr 2017 17:43:39</pubDate><title>118862</title><link>http://portal.amfiindia.com/AUMReport_Rpt_Po.aspx?rpt=swise&amp;dtAUM=01-Jan-2017&amp;mf=45</link><description><![CDATA[ <table border="0" cellspacing="4" cellpadding="2"> <tr> <td style='background-color:#CADDEC;FONT-FAMILY: Verdana,Arial,San-serif; FONT-SIZE: 8pt; FONT-WEIGHT: bold; Color:#012540;'><b>AUM Month </b></td> <td style='FONT-FAMILY: Verdana,Arial,San-serif; FONT-SIZE: 8pt; Color:#012540;'> Jan-2017 </td></tr><tr> <td style='background-color:#CADDEC;FONT-FAMILY: Verdana,Arial,San-serif; FONT-SIZE: 8pt; FONT-WEIGHT: bold; Color:#012540;'><b>Average AUM Excluding Fund of Funds</b></td> <td style='FONT-FAMILY: Verdana,Arial,San-serif; FONT-SIZE: 8pt; Color:#012540;'> Mirae Asset Cash Management Fund - Direct Plan - Weekly Dividend </td></tr><tr> <td style='background-color:#CADDEC;FONT-FAMILY: Verdana,Arial,San-serif; FONT-SIZE: 8pt; FONT-WEIGHT: bold; Color:#012540;'><b>Average AUM Fund of Funds </b></td> <td style='FONT-FAMILY: Verdana,Arial,San-serif; FONT-SIZE: 8pt; Color:#012540;'> 107.18 </td></tr></table> ]]></description></item><item><pubDate>Mon, 17 Apr 2017 17:43:39</pubDate><title>111646</title><link>http://portal.amfiindia.com/AUMReport_Rpt_Po.aspx?rpt=swise&amp;dtAUM=01-Jan-2017&amp;mf=45</link><description><![CDATA[ <table border="0" cellspacing="4" cellpadding="2"> <tr> <td style='background-color:#CADDEC;FONT-FAMILY: Verdana,Arial,San-serif; FONT-SIZE: 8pt; FONT-WEIGHT: bold; Color:#012540;'><b>AUM Month </b></td> <td style='FONT-FAMILY: Verdana,Arial,San-serif; FONT-SIZE: 8pt; Color:#012540;'> Jan-2017 </td></tr><tr> <td style='background-color:#CADDEC;FONT-FAMILY: Verdana,Arial,San-serif; FONT-SIZE: 8pt; FONT-WEIGHT: bold; Color:#012540;'><b>Average AUM Excluding Fund of Funds</b></td> <td style='FONT-FAMILY: Verdana,Arial,San-serif; FONT-SIZE: 8pt; Color:#012540;'> Mirae Asset Cash Management Fund - Growth </td></tr><tr> <td style='background-color:#CADDEC;FONT-FAMILY: Verdana,Arial,San-serif; FONT-SIZE: 8pt; FONT-WEIGHT: bold; Color:#012540;'><b>Average AUM Fund of Funds </b></td> <td style='FONT-FAMILY: Verdana,Arial,San-serif; FONT-SIZE: 8pt; Color:#012540;'> 10357.10 </td></tr></table> ]]></description></item><item><pubDate>Mon, 17 Apr 2017 17:43:39</pubDate><title>111645</title><link>http://portal.amfiindia.com/AUMReport_Rpt_Po.aspx?rpt=swise&amp;dtAUM=01-Jan-2017&amp;mf=45</link><description><![CDATA[ <table border="0" cellspacing="4" cellpadding="2"> <tr> <td style='background-color:#CADDEC;FONT-FAMILY: Verdana,Arial,San-serif; FONT-SIZE: 8pt; FONT-WEIGHT: bold; Color:#012540;'><b>AUM Month </b></td> <td style='FONT-FAMILY: Verdana,Arial,San-serif; FONT-SIZE: 8pt; Color:#012540;'> Jan-2017 </td></tr><tr> <td style='background-color:#CADDEC;FONT-FAMILY: Verdana,Arial,San-serif; FONT-SIZE: 8pt; FONT-WEIGHT: bold; Color:#012540;'><b>Average AUM Excluding Fund of Funds</b></td> <td style='FONT-FAMILY: Verdana,Arial,San-serif; FONT-SIZE: 8pt; Color:#012540;'> Mirae Asset Cash Management Fund - Monthly Dividend </td></tr><tr> <td style='background-color:#CADDEC;FONT-FAMILY: Verdana,Arial,San-serif; FONT-SIZE: 8pt; FONT-WEIGHT: bold; Color:#012540;'><b>Average AUM Fund of Funds </b></td> <td style='FONT-FAMILY: Verdana,Arial,San-serif; FONT-SIZE: 8pt; Color:#012540;'> 452.02 </td></tr></table> ]]></description></item><item><pubDate>Mon, 17 Apr 2017 17:43:39</pubDate><title>111644</title><link>http://portal.amfiindia.com/AUMReport_Rpt_Po.aspx?rpt=swise&amp;dtAUM=01-Jan-2017&amp;mf=45</link><description><![CDATA[ <table border="0" cellspacing="4" cellpadding="2"> <tr> <td style='background-color:#CADDEC;FONT-FAMILY: Verdana,Arial,San-serif; FONT-SIZE: 8pt; FONT-WEIGHT: bold; Color:#012540;'><b>AUM Month </b></td> <td style='FONT-FAMILY: Verdana,Arial,San-serif; FONT-SIZE: 8pt; Color:#012540;'> Jan-2017 </td></tr><tr> <td style='background-color:#CADDEC;FONT-FAMILY: Verdana,Arial,San-serif; FONT-SIZE: 8pt; FONT-WEIGHT: bold; Color:#012540;'><b>Average AUM Excluding Fund of Funds</b></td> <td style='FONT-FAMILY: Verdana,Arial,San-serif; FONT-SIZE: 8pt; Color:#012540;'> Mirae Asset Cash Management Fund - Weekly Dividend </td></tr><tr> <td style='background-color:#CADDEC;FONT-FAMILY: Verdana,Arial,San-serif; FONT-SIZE: 8pt; FONT-WEIGHT: bold; Color:#012540;'><b>Average AUM Fund of Funds </b></td> <td style='FONT-FAMILY: Verdana,Arial,San-serif; FONT-SIZE: 8pt; Color:#012540;'> 1388.23 </td></tr></table> ]]></description></item><item><pubDate>Mon, 17 Apr 2017 17:43:39</pubDate><title>118832</title><link>http://portal.amfiindia.com/AUMReport_Rpt_Po.aspx?rpt=swise&amp;dtAUM=01-Jan-2017&amp;mf=45</link><description><![CDATA[ <table border="0" cellspacing="4" cellpadding="2"> <tr> <td style='background-color:#CADDEC;FONT-FAMILY: Verdana,Arial,San-serif; FONT-SIZE: 8pt; FONT-WEIGHT: bold; Color:#012540;'><b>AUM Month </b></td> <td style='FONT-FAMILY: Verdana,Arial,San-serif; FONT-SIZE: 8pt; Color:#012540;'> Jan-2017 </td></tr><tr> <td style='background-color:#CADDEC;FONT-FAMILY: Verdana,Arial,San-serif; FONT-SIZE: 8pt; FONT-WEIGHT: bold; Color:#012540;'><b>Average AUM Excluding Fund of Funds</b></td> <td style='FONT-FAMILY: Verdana,Arial,San-serif; FONT-SIZE: 8pt; Color:#012540;'> Mirae Asset China Advantage Fund - Direct Plan - Dividend </td></tr><tr> <td style='background-color:#CADDEC;FONT-FAMILY: Verdana,Arial,San-serif; FONT-SIZE: 8pt; FONT-WEIGHT: bold; Color:#012540;'><b>Average AUM Fund of Funds </b></td> <td style='FONT-FAMILY: Verdana,Arial,San-serif; FONT-SIZE: 8pt; Color:#012540;'> 2.30 </td></tr></table> ]]></description></item><item><pubDate>Mon, 17 Apr 2017 17:43:39</pubDate><title>118831</title><link>http://portal.amfiindia.com/AUMReport_Rpt_Po.aspx?rpt=swise&amp;dtAUM=01-Jan-2017&amp;mf=45</link><description><![CDATA[ <table border="0" cellspacing="4" cellpadding="2"> <tr> <td style='background-color:#CADDEC;FONT-FAMILY: Verdana,Arial,San-serif; FONT-SIZE: 8pt; FONT-WEIGHT: bold; Color:#012540;'><b>AUM Month </b></td> <td style='FONT-FAMILY: Verdana,Arial,San-serif; FONT-SIZE: 8pt; Color:#012540;'> Jan-2017 </td></tr><tr> <td style='background-color:#CADDEC;FONT-FAMILY: Verdana,Arial,San-serif; FONT-SIZE: 8pt; FONT-WEIGHT: bold; Color:#012540;'><b>Average AUM Excluding Fund of Funds</b></td> <td style='FONT-FAMILY: Verdana,Arial,San-serif; FONT-SIZE: 8pt; Color:#012540;'> Mirae Asset China Advantage Fund - Direct Plan - Growth </td></tr><tr> <td style='background-color:#CADDEC;FONT-FAMILY: Verdana,Arial,San-serif; FONT-SIZE: 8pt; FONT-WEIGHT: bold; Color:#012540;'><b>Average AUM Fund of Funds </b></td> <td style='FONT-FAMILY: Verdana,Arial,San-serif; FONT-SIZE: 8pt; Color:#012540;'> 153.12 </td></tr></table> ]]></description></item><item><pubDate>Mon, 17 Apr 2017 17:43:39</pubDate><title>112147</title><link>http://portal.amfiindia.com/AUMReport_Rpt_Po.aspx?rpt=swise&amp;dtAUM=01-Jan-2017&amp;mf=45</link><description><![CDATA[ <table border="0" cellspacing="4" cellpadding="2"> <tr> <td style='background-color:#CADDEC;FONT-FAMILY: Verdana,Arial,San-serif; FONT-SIZE: 8pt; FONT-WEIGHT: bold; Color:#012540;'><b>AUM Month </b></td> <td style='FONT-FAMILY: Verdana,Arial,San-serif; FONT-SIZE: 8pt; Color:#012540;'> Jan-2017 </td></tr><tr> <td style='background-color:#CADDEC;FONT-FAMILY: Verdana,Arial,San-serif; FONT-SIZE: 8pt; FONT-WEIGHT: bold; Color:#012540;'><b>Average AUM Excluding Fund of Funds</b></td> <td style='FONT-FAMILY: Verdana,Arial,San-serif; FONT-SIZE: 8pt; Color:#012540;'> Mirae Asset China Advantage Fund - Regular Plan Growth Option </td></tr><tr> <td style='background-color:#CADDEC;FONT-FAMILY: Verdana,Arial,San-serif; FONT-SIZE: 8pt; FONT-WEIGHT: bold; Color:#012540;'><b>Average AUM Fund of Funds </b></td> <td style='FONT-FAMILY: Verdana,Arial,San-serif; FONT-SIZE: 8pt; Color:#012540;'> 399.89 </td></tr></table> ]]></description></item><item><pubDate>Mon, 17 Apr 2017 17:43:39</pubDate><title>112148</title><link>http://portal.amfiindia.com/AUMReport_Rpt_Po.aspx?rpt=swise&amp;dtAUM=01-Jan-2017&amp;mf=45</link><description><![CDATA[ <table border="0" cellspacing="4" cellpadding="2"> <tr> <td style='background-color:#CADDEC;FONT-FAMILY: Verdana,Arial,San-serif; FONT-SIZE: 8pt; FONT-WEIGHT: bold; Color:#012540;'><b>AUM Month </b></td> <td style='FONT-FAMILY: Verdana,Arial,San-serif; FONT-SIZE: 8pt; Color:#012540;'> Jan-2017 </td></tr><tr> <td style='background-color:#CADDEC;FONT-FAMILY: Verdana,Arial,San-serif; FONT-SIZE: 8pt; FONT-WEIGHT: bold; Color:#012540;'><b>Average AUM Excluding Fund of Funds</b></td> <td style='FONT-FAMILY: Verdana,Arial,San-serif; FONT-SIZE: 8pt; Color:#012540;'> Mirae Asset China Advatage Fund-Regular Plan Dividend </td></tr><tr> <td style='background-color:#CADDEC;FONT-FAMILY: Verdana,Arial,San-serif; FONT-SIZE: 8pt; FONT-WEIGHT: bold; Color:#012540;'><b>Average AUM Fund of Funds </b></td> <td style='FONT-FAMILY: Verdana,Arial,San-serif; FONT-SIZE: 8pt; Color:#012540;'> 133.77 </td></tr></table> ]]></description></item><item><pubDate>Mon, 17 Apr 2017 17:43:39</pubDate><title>140770</title><link>http://portal.amfiindia.com/AUMReport_Rpt_Po.aspx?rpt=swise&amp;dtAUM=01-Jan-2017&amp;mf=45</link><description><![CDATA[ <table border="0" cellspacing="4" cellpadding="2"> <tr> <td style='background-color:#CADDEC;FONT-FAMILY: Verdana,Arial,San-serif; FONT-SIZE: 8pt; FONT-WEIGHT: bold; Color:#012540;'><b>AUM Month </b></td> <td style='FONT-FAMILY: Verdana,Arial,San-serif; FONT-SIZE: 8pt; Color:#012540;'> Jan-2017 </td></tr><tr> <td style='background-color:#CADDEC;FONT-FAMILY: Verdana,Arial,San-serif; FONT-SIZE: 8pt; FONT-WEIGHT: bold; Color:#012540;'><b>Average AUM Excluding Fund of Funds</b></td> <td style='FONT-FAMILY: Verdana,Arial,San-serif; FONT-SIZE: 8pt; Color:#012540;'> Mirae Asset Dynamic Bond Fund -Direct Plan -Dividend </td></tr><tr> <td style='background-color:#CADDEC;FONT-FAMILY: Verdana,Arial,San-serif; FONT-SIZE: 8pt; FONT-WEIGHT: bold; Color:#012540;'><b>Average AUM Fund of Funds </b></td> <td style='FONT-FAMILY: Verdana,Arial,San-serif; FONT-SIZE: 8pt; Color:#012540;'> 1.03 </td></tr></table> ]]></description></item><item><pubDate>Mon, 17 Apr 2017 17:43:39</pubDate><title>140769</title><link>http://portal.amfiindia.com/AUMReport_Rpt_Po.aspx?rpt=swise&amp;dtAUM=01-Jan-2017&amp;mf=45</link><description><![CDATA[ <table border="0" cellspacing="4" cellpadding="2"> <tr> <td style='background-color:#CADDEC;FONT-FAMILY: Verdana,Arial,San-serif; FONT-SIZE: 8pt; FONT-WEIGHT: bold; Color:#012540;'><b>AUM Month </b></td> <td style='FONT-FAMILY: Verdana,Arial,San-serif; FONT-SIZE: 8pt; Color:#012540;'> Jan-2017 </td></tr><tr> <td style='background-color:#CADDEC;FONT-FAMILY: Verdana,Arial,San-serif; FONT-SIZE: 8pt; FONT-WEIGHT: bold; Color:#012540;'><b>Average AUM Excluding Fund of Funds</b></td> <td style='FONT-FAMILY: Verdana,Arial,San-serif; FONT-SIZE: 8pt; Color:#012540;'> Mirae Asset Dynamic Bond Fund -Direct Plan -Growth </td></tr><tr> <td style='background-color:#CADDEC;FONT-FAMILY: Verdana,Arial,San-serif; FONT-SIZE: 8pt; FONT-WEIGHT: bold; Color:#012540;'><b>Average AUM Fund of Funds </b></td> <td style='FONT-FAMILY: Verdana,Arial,San-serif; FONT-SIZE: 8pt; Color:#012540;'> 24.96 </td></tr></table> ]]></description></item><item><pubDate>Mon, 17 Apr 2017 17:43:39</pubDate><title>140772</title><link>http://portal.amfiindia.com/AUMReport_Rpt_Po.aspx?rpt=swise&amp;dtAUM=01-Jan-2017&amp;mf=45</link><description><![CDATA[ <table border="0" cellspacing="4" cellpadding="2"> <tr> <td style='background-color:#CADDEC;FONT-FAMILY: Verdana,Arial,San-serif; FONT-SIZE: 8pt; FONT-WEIGHT: bold; Color:#012540;'><b>AUM Month </b></td> <td style='FONT-FAMILY: Verdana,Arial,San-serif; FONT-SIZE: 8pt; Color:#012540;'> Jan-2017 </td></tr><tr> <td style='background-color:#CADDEC;FONT-FAMILY: Verdana,Arial,San-serif; FONT-SIZE: 8pt; FONT-WEIGHT: bold; Color:#012540;'><b>Average AUM Excluding Fund of Funds</b></td> <td style='FONT-FAMILY: Verdana,Arial,San-serif; FONT-SIZE: 8pt; Color:#012540;'> Mirae Asset Dynamic Bond Fund -Regular Plan -Dividend </td></tr><tr> <td style='background-color:#CADDEC;FONT-FAMILY: Verdana,Arial,San-serif; FONT-SIZE: 8pt; FONT-WEIGHT: bold; Color:#012540;'><b>Average AUM Fund of Funds </b></td> <td style='FONT-FAMILY: Verdana,Arial,San-serif; FONT-SIZE: 8pt; Color:#012540;'> 33.95 </td></tr></table> ]]></description></item><item><pubDate>Mon, 17 Apr 2017 17:43:39</pubDate><title>140771</title><link>http://portal.amfiindia.com/AUMReport_Rpt_Po.aspx?rpt=swise&amp;dtAUM=01-Jan-2017&amp;mf=45</link><description><![CDATA[ <table border="0" cellspacing="4" cellpadding="2"> <tr> <td style='background-color:#CADDEC;FONT-FAMILY: Verdana,Arial,San-serif; FONT-SIZE: 8pt; FONT-WEIGHT: bold; Color:#012540;'><b>AUM Month </b></td> <td style='FONT-FAMILY: Verdana,Arial,San-serif; FONT-SIZE: 8pt; Color:#012540;'> Jan-2017 </td></tr><tr> <td style='background-color:#CADDEC;FONT-FAMILY: Verdana,Arial,San-serif; FONT-SIZE: 8pt; FONT-WEIGHT: bold; Color:#012540;'><b>Average AUM Excluding Fund of Funds</b></td> <td style='FONT-FAMILY: Verdana,Arial,San-serif; FONT-SIZE: 8pt; Color:#012540;'> Mirae Asset Dynamic Bond Fund-Regular Plan Growth </td></tr><tr> <td style='background-color:#CADDEC;FONT-FAMILY: Verdana,Arial,San-serif; FONT-SIZE: 8pt; FONT-WEIGHT: bold; Color:#012540;'><b>Average AUM Fund of Funds </b></td> <td style='FONT-FAMILY: Verdana,Arial,San-serif; FONT-SIZE: 8pt; Color:#012540;'> 372.20 </td></tr></table> ]]></description></item><item><pubDate>Mon, 17 Apr 2017 17:43:39</pubDate><title>118835</title><link>http://portal.amfiindia.com/AUMReport_Rpt_Po.aspx?rpt=swise&amp;dtAUM=01-Jan-2017&amp;mf=45</link><description><![CDATA[ <table border="0" cellspacing="4" cellpadding="2"> <tr> <td style='background-color:#CADDEC;FONT-FAMILY: Verdana,Arial,San-serif; FONT-SIZE: 8pt; FONT-WEIGHT: bold; Color:#012540;'><b>AUM Month </b></td> <td style='FONT-FAMILY: Verdana,Arial,San-serif; FONT-SIZE: 8pt; Color:#012540;'> Jan-2017 </td></tr><tr> <td style='background-color:#CADDEC;FONT-FAMILY: Verdana,Arial,San-serif; FONT-SIZE: 8pt; FONT-WEIGHT: bold; Color:#012540;'><b>Average AUM Excluding Fund of Funds</b></td> <td style='FONT-FAMILY: Verdana,Arial,San-serif; FONT-SIZE: 8pt; Color:#012540;'> Mirae Asset Emerging Bluechip Fund - Direct Plan - Dividend </td></tr><tr> <td style='background-color:#CADDEC;FONT-FAMILY: Verdana,Arial,San-serif; FONT-SIZE: 8pt; FONT-WEIGHT: bold; Color:#012540;'><b>Average AUM Fund of Funds </b></td> <td style='FONT-FAMILY: Verdana,Arial,San-serif; FONT-SIZE: 8pt; Color:#012540;'> 3672.67 </td></tr></table> ]]></description></item><item><pubDate>Mon, 17 Apr 2017 17:43:39</pubDate><title>118834</title><link>http://portal.amfiindia.com/AUMReport_Rpt_Po.aspx?rpt=swise&amp;dtAUM=01-Jan-2017&amp;mf=45</link><description><![CDATA[ <table border="0" cellspacing="4" cellpadding="2"> <tr> <td style='background-color:#CADDEC;FONT-FAMILY: Verdana,Arial,San-serif; FONT-SIZE: 8pt; FONT-WEIGHT: bold; Color:#012540;'><b>AUM Month </b></td> <td style='FONT-FAMILY: Verdana,Arial,San-serif; FONT-SIZE: 8pt; Color:#012540;'> Jan-2017 </td></tr><tr> <td style='background-color:#CADDEC;FONT-FAMILY: Verdana,Arial,San-serif; FONT-SIZE: 8pt; FONT-WEIGHT: bold; Color:#012540;'><b>Average AUM Excluding Fund of Funds</b></td> <td style='FONT-FAMILY: Verdana,Arial,San-serif; FONT-SIZE: 8pt; Color:#012540;'> Mirae Asset Emerging Bluechip Fund - Direct Plan - Growth </td></tr><tr> <td style='background-color:#CADDEC;FONT-FAMILY: Verdana,Arial,San-serif; FONT-SIZE: 8pt; FONT-WEIGHT: bold; Color:#012540;'><b>Average AUM Fund of Funds </b></td> <td style='FONT-FAMILY: Verdana,Arial,San-serif; FONT-SIZE: 8pt; Color:#012540;'> 38283.99 </td></tr></table> ]]></description></item><item><pubDate>Mon, 17 Apr 2017 17:43:39</pubDate><title>112931</title><link>http://portal.amfiindia.com/AUMReport_Rpt_Po.aspx?rpt=swise&amp;dtAUM=01-Jan-2017&amp;mf=45</link><description><![CDATA[ <table border="0" cellspacing="4" cellpadding="2"> <tr> <td style='background-color:#CADDEC;FONT-FAMILY: Verdana,Arial,San-serif; FONT-SIZE: 8pt; FONT-WEIGHT: bold; Color:#012540;'><b>AUM Month </b></td> <td style='FONT-FAMILY: Verdana,Arial,San-serif; FONT-SIZE: 8pt; Color:#012540;'> Jan-2017 </td></tr><tr> <td style='background-color:#CADDEC;FONT-FAMILY: Verdana,Arial,San-serif; FONT-SIZE: 8pt; FONT-WEIGHT: bold; Color:#012540;'><b>Average AUM Excluding Fund of Funds</b></td> <td style='FONT-FAMILY: Verdana,Arial,San-serif; FONT-SIZE: 8pt; Color:#012540;'> Mirae Asset Emerging Bluechip Fund - Regular Plan - Dividend </td></tr><tr> <td style='background-color:#CADDEC;FONT-FAMILY: Verdana,Arial,San-serif; FONT-SIZE: 8pt; FONT-WEIGHT: bold; Color:#012540;'><b>Average AUM Fund of Funds </b></td> <td style='FONT-FAMILY: Verdana,Arial,San-serif; FONT-SIZE: 8pt; Color:#012540;'> 40071.82 </td></tr></table> ]]></description></item><item><pubDate>Mon, 17 Apr 2017 17:43:39</pubDate><title>112932</title><link>http://portal.amfiindia.com/AUMReport_Rpt_Po.aspx?rpt=swise&amp;dtAUM=01-Jan-2017&amp;mf=45</link><description><![CDATA[ <table border="0" cellspacing="4" cellpadding="2"> <tr> <td style='background-color:#CADDEC;FONT-FAMILY: Verdana,Arial,San-serif; FONT-SIZE: 8pt; FONT-WEIGHT: bold; Color:#012540;'><b>AUM Month </b></td> <td style='FONT-FAMILY: Verdana,Arial,San-serif; FONT-SIZE: 8pt; Color:#012540;'> Jan-2017 </td></tr><tr> <td style='background-color:#CADDEC;FONT-FAMILY: Verdana,Arial,San-serif; FONT-SIZE: 8pt; FONT-WEIGHT: bold; Color:#012540;'><b>Average AUM Excluding Fund of Funds</b></td> <td style='FONT-FAMILY: Verdana,Arial,San-serif; FONT-SIZE: 8pt; Color:#012540;'> Mirae Asset Emerging Bluechip Fund - Regular Plan - Growth Option </td></tr><tr> <td style='background-color:#CADDEC;FONT-FAMILY: Verdana,Arial,San-serif; FONT-SIZE: 8pt; FONT-WEIGHT: bold; Color:#012540;'><b>Average AUM Fund of Funds </b></td> <td style='FONT-FAMILY: Verdana,Arial,San-serif; FONT-SIZE: 8pt; Color:#012540;'> 238458.39 </td></tr></table> ]]></description></item><item><pubDate>Mon, 17 Apr 2017 17:43:39</pubDate><title>118838</title><link>http://portal.amfiindia.com/AUMReport_Rpt_Po.aspx?rpt=swise&amp;dtAUM=01-Jan-2017&amp;mf=45</link><description><![CDATA[ <table border="0" cellspacing="4" cellpadding="2"> <tr> <td style='background-color:#CADDEC;FONT-FAMILY: Verdana,Arial,San-serif; FONT-SIZE: 8pt; FONT-WEIGHT: bold; Color:#012540;'><b>AUM Month </b></td> <td style='FONT-FAMILY: Verdana,Arial,San-serif; FONT-SIZE: 8pt; Color:#012540;'> Jan-2017 </td></tr><tr> <td style='background-color:#CADDEC;FONT-FAMILY: Verdana,Arial,San-serif; FONT-SIZE: 8pt; FONT-WEIGHT: bold; Color:#012540;'><b>Average AUM Excluding Fund of Funds</b></td> <td style='FONT-FAMILY: Verdana,Arial,San-serif; FONT-SIZE: 8pt; Color:#012540;'> Mirae Asset Great Consumer Fund - Direct Plan - Dividend </td></tr><tr> <td style='background-color:#CADDEC;FONT-FAMILY: Verdana,Arial,San-serif; FONT-SIZE: 8pt; FONT-WEIGHT: bold; Color:#012540;'><b>Average AUM Fund of Funds </b></td> <td style='FONT-FAMILY: Verdana,Arial,San-serif; FONT-SIZE: 8pt; Color:#012540;'> 34.78 </td></tr></table> ]]></description></item><item><pubDate>Mon, 17 Apr 2017 17:43:39</pubDate><title>118837</title><link>http://portal.amfiindia.com/AUMReport_Rpt_Po.aspx?rpt=swise&amp;dtAUM=01-Jan-2017&amp;mf=45</link><description><![CDATA[ <table border="0" cellspacing="4" cellpadding="2"> <tr> <td style='background-color:#CADDEC;FONT-FAMILY: Verdana,Arial,San-serif; FONT-SIZE: 8pt; FONT-WEIGHT: bold; Color:#012540;'><b>AUM Month </b></td> <td style='FONT-FAMILY: Verdana,Arial,San-serif; FONT-SIZE: 8pt; Color:#012540;'> Jan-2017 </td></tr><tr> <td style='background-color:#CADDEC;FONT-FAMILY: Verdana,Arial,San-serif; FONT-SIZE: 8pt; FONT-WEIGHT: bold; Color:#012540;'><b>Average AUM Excluding Fund of Funds</b></td> <td style='FONT-FAMILY: Verdana,Arial,San-serif; FONT-SIZE: 8pt; Color:#012540;'> Mirae Asset Great Consumer Fund - Direct Plan - Growth </td></tr><tr> <td style='background-color:#CADDEC;FONT-FAMILY: Verdana,Arial,San-serif; FONT-SIZE: 8pt; FONT-WEIGHT: bold; Color:#012540;'><b>Average AUM Fund of Funds </b></td> <td style='FONT-FAMILY: Verdana,Arial,San-serif; FONT-SIZE: 8pt; Color:#012540;'> 267.44 </td></tr></table> ]]></description></item><item><pubDate>Mon, 17 Apr 2017 17:43:39</pubDate><title>114930</title><link>http://portal.amfiindia.com/AUMReport_Rpt_Po.aspx?rpt=swise&amp;dtAUM=01-Jan-2017&amp;mf=45</link><description><![CDATA[ <table border="0" cellspacing="4" cellpadding="2"> <tr> <td style='background-color:#CADDEC;FONT-FAMILY: Verdana,Arial,San-serif; FONT-SIZE: 8pt; FONT-WEIGHT: bold; Color:#012540;'><b>AUM Month </b></td> <td style='FONT-FAMILY: Verdana,Arial,San-serif; FONT-SIZE: 8pt; Color:#012540;'> Jan-2017 </td></tr><tr> <td style='background-color:#CADDEC;FONT-FAMILY: Verdana,Arial,San-serif; FONT-SIZE: 8pt; FONT-WEIGHT: bold; Color:#012540;'><b>Average AUM Excluding Fund of Funds</b></td> <td style='FONT-FAMILY: Verdana,Arial,San-serif; FONT-SIZE: 8pt; Color:#012540;'> Mirae Asset Great Consumer Fund - Regular Plan - Dividend Option </td></tr><tr> <td style='background-color:#CADDEC;FONT-FAMILY: Verdana,Arial,San-serif; FONT-SIZE: 8pt; FONT-WEIGHT: bold; Color:#012540;'><b>Average AUM Fund of Funds </b></td> <td style='FONT-FAMILY: Verdana,Arial,San-serif; FONT-SIZE: 8pt; Color:#012540;'> 852.04 </td></tr></table> ]]></description></item><item><pubDate>Mon, 17 Apr 2017 17:43:39</pubDate><title>114931</title><link>http://portal.amfiindia.com/AUMReport_Rpt_Po.aspx?rpt=swise&amp;dtAUM=01-Jan-2017&amp;mf=45</link><description><![CDATA[ <table border="0" cellspacing="4" cellpadding="2"> <tr> <td style='background-color:#CADDEC;FONT-FAMILY: Verdana,Arial,San-serif; FONT-SIZE: 8pt; FONT-WEIGHT: bold; Color:#012540;'><b>AUM Month </b></td> <td style='FONT-FAMILY: Verdana,Arial,San-serif; FONT-SIZE: 8pt; Color:#012540;'> Jan-2017 </td></tr><tr> <td style='background-color:#CADDEC;FONT-FAMILY: Verdana,Arial,San-serif; FONT-SIZE: 8pt; FONT-WEIGHT: bold; Color:#012540;'><b>Average AUM Excluding Fund of Funds</b></td> <td style='FONT-FAMILY: Verdana,Arial,San-serif; FONT-SIZE: 8pt; Color:#012540;'> Mirae Asset Great Consumer Fund - Regular Plan - Growth option </td></tr><tr> <td style='background-color:#CADDEC;FONT-FAMILY: Verdana,Arial,San-serif; FONT-SIZE: 8pt; FONT-WEIGHT: bold; Color:#012540;'><b>Average AUM Fund of Funds </b></td> <td style='FONT-FAMILY: Verdana,Arial,San-serif; FONT-SIZE: 8pt; Color:#012540;'> 4676.84 </td></tr></table> ]]></description></item><item><pubDate>Mon, 17 Apr 2017 17:43:39</pubDate><title>118826</title><link>http://portal.amfiindia.com/AUMReport_Rpt_Po.aspx?rpt=swise&amp;dtAUM=01-Jan-2017&amp;mf=45</link><description><![CDATA[ <table border="0" cellspacing="4" cellpadding="2"> <tr> <td style='background-color:#CADDEC;FONT-FAMILY: Verdana,Arial,San-serif; FONT-SIZE: 8pt; FONT-WEIGHT: bold; Color:#012540;'><b>AUM Month </b></td> <td style='FONT-FAMILY: Verdana,Arial,San-serif; FONT-SIZE: 8pt; Color:#012540;'> Jan-2017 </td></tr><tr> <td style='background-color:#CADDEC;FONT-FAMILY: Verdana,Arial,San-serif; FONT-SIZE: 8pt; FONT-WEIGHT: bold; Color:#012540;'><b>Average AUM Excluding Fund of Funds</b></td> <td style='FONT-FAMILY: Verdana,Arial,San-serif; FONT-SIZE: 8pt; Color:#012540;'> Mirae Asset India Opportunities Fund - Direct Plan - Dividend </td></tr><tr> <td style='background-color:#CADDEC;FONT-FAMILY: Verdana,Arial,San-serif; FONT-SIZE: 8pt; FONT-WEIGHT: bold; Color:#012540;'><b>Average AUM Fund of Funds </b></td> <td style='FONT-FAMILY: Verdana,Arial,San-serif; FONT-SIZE: 8pt; Color:#012540;'> 6647.95 </td></tr></table> ]]></description></item><item><pubDate>Mon, 17 Apr 2017 17:43:39</pubDate><title>118825</title><link>http://portal.amfiindia.com/AUMReport_Rpt_Po.aspx?rpt=swise&amp;dtAUM=01-Jan-2017&amp;mf=45</link><description><![CDATA[ <table border="0" cellspacing="4" cellpadding="2"> <tr> <td style='background-color:#CADDEC;FONT-FAMILY: Verdana,Arial,San-serif; FONT-SIZE: 8pt; FONT-WEIGHT: bold; Color:#012540;'><b>AUM Month </b></td> <td style='FONT-FAMILY: Verdana,Arial,San-serif; FONT-SIZE: 8pt; Color:#012540;'> Jan-2017 </td></tr><tr> <td style='background-color:#CADDEC;FONT-FAMILY: Verdana,Arial,San-serif; FONT-SIZE: 8pt; FONT-WEIGHT: bold; Color:#012540;'><b>Average AUM Excluding Fund of Funds</b></td> <td style='FONT-FAMILY: Verdana,Arial,San-serif; FONT-SIZE: 8pt; Color:#012540;'> Mirae Asset India Opportunities Fund - Direct Plan - Growth </td></tr><tr> <td style='background-color:#CADDEC;FONT-FAMILY: Verdana,Arial,San-serif; FONT-SIZE: 8pt; FONT-WEIGHT: bold; Color:#012540;'><b>Average AUM Fund of Funds </b></td> <td style='FONT-FAMILY: Verdana,Arial,San-serif; FONT-SIZE: 8pt; Color:#012540;'> 48802.96 </td></tr></table> ]]></description></item><item><pubDate>Mon, 17 Apr 2017 17:43:39</pubDate><title>107579</title><link>http://portal.amfiindia.com/AUMReport_Rpt_Po.aspx?rpt=swise&amp;dtAUM=01-Jan-2017&amp;mf=45</link><description><![CDATA[ <table border="0" cellspacing="4" cellpadding="2"> <tr> <td style='background-color:#CADDEC;FONT-FAMILY: Verdana,Arial,San-serif; FONT-SIZE: 8pt; FONT-WEIGHT: bold; Color:#012540;'><b>AUM Month </b></td> <td style='FONT-FAMILY: Verdana,Arial,San-serif; FONT-SIZE: 8pt; Color:#012540;'> Jan-2017 </td></tr><tr> <td style='background-color:#CADDEC;FONT-FAMILY: Verdana,Arial,San-serif; FONT-SIZE: 8pt; FONT-WEIGHT: bold; Color:#012540;'><b>Average AUM Excluding Fund of Funds</b></td> <td style='FONT-FAMILY: Verdana,Arial,San-serif; FONT-SIZE: 8pt; Color:#012540;'> Mirae Asset India Opportunities Fund - Dividend Plan </td></tr><tr> <td style='background-color:#CADDEC;FONT-FAMILY: Verdana,Arial,San-serif; FONT-SIZE: 8pt; FONT-WEIGHT: bold; Color:#012540;'><b>Average AUM Fund of Funds </b></td> <td style='FONT-FAMILY: Verdana,Arial,San-serif; FONT-SIZE: 8pt; Color:#012540;'> 56675.95 </td></tr></table> ]]></description></item><item><pubDate>Mon, 17 Apr 2017 17:43:39</pubDate><title>107578</title><link>http://portal.amfiindia.com/AUMReport_Rpt_Po.aspx?rpt=swise&amp;dtAUM=01-Jan-2017&amp;mf=45</link><description><![CDATA[ <table border="0" cellspacing="4" cellpadding="2"> <tr> <td style='background-color:#CADDEC;FONT-FAMILY: Verdana,Arial,San-serif; FONT-SIZE: 8pt; FONT-WEIGHT: bold; Color:#012540;'><b>AUM Month </b></td> <td style='FONT-FAMILY: Verdana,Arial,San-serif; FONT-SIZE: 8pt; Color:#012540;'> Jan-2017 </td></tr><tr> <td style='background-color:#CADDEC;FONT-FAMILY: Verdana,Arial,San-serif; FONT-SIZE: 8pt; FONT-WEIGHT: bold; Color:#012540;'><b>Average AUM Excluding Fund of Funds</b></td> <td style='FONT-FAMILY: Verdana,Arial,San-serif; FONT-SIZE: 8pt; Color:#012540;'> Mirae Asset India Opportunities Fund - Growth Plan </td></tr><tr> <td style='background-color:#CADDEC;FONT-FAMILY: Verdana,Arial,San-serif; FONT-SIZE: 8pt; FONT-WEIGHT: bold; Color:#012540;'><b>Average AUM Fund of Funds </b></td> <td style='FONT-FAMILY: Verdana,Arial,San-serif; FONT-SIZE: 8pt; Color:#012540;'> 192098.32 </td></tr></table> ]]></description></item><item><pubDate>Mon, 17 Apr 2017 17:43:39</pubDate><title>134814</title><link>http://portal.amfiindia.com/AUMReport_Rpt_Po.aspx?rpt=swise&amp;dtAUM=01-Jan-2017&amp;mf=45</link><description><![CDATA[ <table border="0" cellspacing="4" cellpadding="2"> <tr> <td style='background-color:#CADDEC;FONT-FAMILY: Verdana,Arial,San-serif; FONT-SIZE: 8pt; FONT-WEIGHT: bold; Color:#012540;'><b>AUM Month </b></td> <td style='FONT-FAMILY: Verdana,Arial,San-serif; FONT-SIZE: 8pt; Color:#012540;'> Jan-2017 </td></tr><tr> <td style='background-color:#CADDEC;FONT-FAMILY: Verdana,Arial,San-serif; FONT-SIZE: 8pt; FONT-WEIGHT: bold; Color:#012540;'><b>Average AUM Excluding Fund of Funds</b></td> <td style='FONT-FAMILY: Verdana,Arial,San-serif; FONT-SIZE: 8pt; Color:#012540;'> Mirae Asset Prudence Fund -Direct Plan-Dividend </td></tr><tr> <td style='background-color:#CADDEC;FONT-FAMILY: Verdana,Arial,San-serif; FONT-SIZE: 8pt; FONT-WEIGHT: bold; Color:#012540;'><b>Average AUM Fund of Funds </b></td> <td style='FONT-FAMILY: Verdana,Arial,San-serif; FONT-SIZE: 8pt; Color:#012540;'> 106.62 </td></tr></table> ]]></description></item><item><pubDate>Mon, 17 Apr 2017 17:43:39</pubDate><title>134813</title><link>http://portal.amfiindia.com/AUMReport_Rpt_Po.aspx?rpt=swise&amp;dtAUM=01-Jan-2017&amp;mf=45</link><description><![CDATA[ <table border="0" cellspacing="4" cellpadding="2"> <tr> <td style='background-color:#CADDEC;FONT-FAMILY: Verdana,Arial,San-serif; FONT-SIZE: 8pt; FONT-WEIGHT: bold; Color:#012540;'><b>AUM Month </b></td> <td style='FONT-FAMILY: Verdana,Arial,San-serif; FONT-SIZE: 8pt; Color:#012540;'> Jan-2017 </td></tr><tr> <td style='background-color:#CADDEC;FONT-FAMILY: Verdana,Arial,San-serif; FONT-SIZE: 8pt; FONT-WEIGHT: bold; Color:#012540;'><b>Average AUM Excluding Fund of Funds</b></td> <td style='FONT-FAMILY: Verdana,Arial,San-serif; FONT-SIZE: 8pt; Color:#012540;'> Mirae Asset Prudence Fund -Direct Plan-Growth </td></tr><tr> <td style='background-color:#CADDEC;FONT-FAMILY: Verdana,Arial,San-serif; FONT-SIZE: 8pt; FONT-WEIGHT: bold; Color:#012540;'><b>Average AUM Fund of Funds </b></td> <td style='FONT-FAMILY: Verdana,Arial,San-serif; FONT-SIZE: 8pt; Color:#012540;'> 2297.88 </td></tr></table> ]]></description></item><item><pubDate>Mon, 17 Apr 2017 17:43:39</pubDate><title>134816</title><link>http://portal.amfiindia.com/AUMReport_Rpt_Po.aspx?rpt=swise&amp;dtAUM=01-Jan-2017&amp;mf=45</link><description><![CDATA[ <table border="0" cellspacing="4" cellpadding="2"> <tr> <td style='background-color:#CADDEC;FONT-FAMILY: Verdana,Arial,San-serif; FONT-SIZE: 8pt; FONT-WEIGHT: bold; Color:#012540;'><b>AUM Month </b></td> <td style='FONT-FAMILY: Verdana,Arial,San-serif; FONT-SIZE: 8pt; Color:#012540;'> Jan-2017 </td></tr><tr> <td style='background-color:#CADDEC;FONT-FAMILY: Verdana,Arial,San-serif; FONT-SIZE: 8pt; FONT-WEIGHT: bold; Color:#012540;'><b>Average AUM Excluding Fund of Funds</b></td> <td style='FONT-FAMILY: Verdana,Arial,San-serif; FONT-SIZE: 8pt; Color:#012540;'> Mirae Asset Prudence Fund -Regular Plan-Dividend </td></tr><tr> <td style='background-color:#CADDEC;FONT-FAMILY: Verdana,Arial,San-serif; FONT-SIZE: 8pt; FONT-WEIGHT: bold; Color:#012540;'><b>Average AUM Fund of Funds </b></td> <td style='FONT-FAMILY: Verdana,Arial,San-serif; FONT-SIZE: 8pt; Color:#012540;'> 8872.03 </td></tr></table> ]]></description></item><item><pubDate>Mon, 17 Apr 2017 17:43:39</pubDate><title>134815</title><link>http://portal.amfiindia.com/AUMReport_Rpt_Po.aspx?rpt=swise&amp;dtAUM=01-Jan-2017&amp;mf=45</link><description><![CDATA[ <table border="0" cellspacing="4" cellpadding="2"> <tr> <td style='background-color:#CADDEC;FONT-FAMILY: Verdana,Arial,San-serif; FONT-SIZE: 8pt; FONT-WEIGHT: bold; Color:#012540;'><b>AUM Month </b></td> <td style='FONT-FAMILY: Verdana,Arial,San-serif; FONT-SIZE: 8pt; Color:#012540;'> Jan-2017 </td></tr><tr> <td style='background-color:#CADDEC;FONT-FAMILY: Verdana,Arial,San-serif; FONT-SIZE: 8pt; FONT-WEIGHT: bold; Color:#012540;'><b>Average AUM Excluding Fund of Funds</b></td> <td style='FONT-FAMILY: Verdana,Arial,San-serif; FONT-SIZE: 8pt; Color:#012540;'> Mirae Asset Prudence Fund -Regular Plan-Growth </td></tr><tr> <td style='background-color:#CADDEC;FONT-FAMILY: Verdana,Arial,San-serif; FONT-SIZE: 8pt; FONT-WEIGHT: bold; Color:#012540;'><b>Average AUM Fund of Funds </b></td> <td style='FONT-FAMILY: Verdana,Arial,San-serif; FONT-SIZE: 8pt; Color:#012540;'> 29158.08 </td></tr></table> ]]></description></item><item><pubDate>Mon, 17 Apr 2017 17:43:39</pubDate><title>107701</title><link>http://portal.amfiindia.com/AUMReport_Rpt_Po.aspx?rpt=swise&amp;dtAUM=01-Jan-2017&amp;mf=45</link><description><![CDATA[ <table border="0" cellspacing="4" cellpadding="2"> <tr> <td style='background-color:#CADDEC;FONT-FAMILY: Verdana,Arial,San-serif; FONT-SIZE: 8pt; FONT-WEIGHT: bold; Color:#012540;'><b>AUM Month </b></td> <td style='FONT-FAMILY: Verdana,Arial,San-serif; FONT-SIZE: 8pt; Color:#012540;'> Jan-2017 </td></tr><tr> <td style='background-color:#CADDEC;FONT-FAMILY: Verdana,Arial,San-serif; FONT-SIZE: 8pt; FONT-WEIGHT: bold; Color:#012540;'><b>Average AUM Excluding Fund of Funds</b></td> <td style='FONT-FAMILY: Verdana,Arial,San-serif; FONT-SIZE: 8pt; Color:#012540;'> Mirae Asset Savings Bond Fund-Regular Savings Plan- Weekly Dividend </td></tr><tr> <td style='background-color:#CADDEC;FONT-FAMILY: Verdana,Arial,San-serif; FONT-SIZE: 8pt; FONT-WEIGHT: bold; Color:#012540;'><b>Average AUM Fund of Funds </b></td> <td style='FONT-FAMILY: Verdana,Arial,San-serif; FONT-SIZE: 8pt; Color:#012540;'> 1469.84 </td></tr></table> ]]></description></item><item><pubDate>Mon, 17 Apr 2017 17:43:39</pubDate><title>118843</title><link>http://portal.amfiindia.com/AUMReport_Rpt_Po.aspx?rpt=swise&amp;dtAUM=01-Jan-2017&amp;mf=45</link><description><![CDATA[ <table border="0" cellspacing="4" cellpadding="2"> <tr> <td style='background-color:#CADDEC;FONT-FAMILY: Verdana,Arial,San-serif; FONT-SIZE: 8pt; FONT-WEIGHT: bold; Color:#012540;'><b>AUM Month </b></td> <td style='FONT-FAMILY: Verdana,Arial,San-serif; FONT-SIZE: 8pt; Color:#012540;'> Jan-2017 </td></tr><tr> <td style='background-color:#CADDEC;FONT-FAMILY: Verdana,Arial,San-serif; FONT-SIZE: 8pt; FONT-WEIGHT: bold; Color:#012540;'><b>Average AUM Excluding Fund of Funds</b></td> <td style='FONT-FAMILY: Verdana,Arial,San-serif; FONT-SIZE: 8pt; Color:#012540;'> Mirae Asset Savings Fund - Direct Plan - Daily Dividend </td></tr><tr> <td style='background-color:#CADDEC;FONT-FAMILY: Verdana,Arial,San-serif; FONT-SIZE: 8pt; FONT-WEIGHT: bold; Color:#012540;'><b>Average AUM Fund of Funds </b></td> <td style='FONT-FAMILY: Verdana,Arial,San-serif; FONT-SIZE: 8pt; Color:#012540;'> 144.78 </td></tr></table> ]]></description></item><item><pubDate>Mon, 17 Apr 2017 17:43:39</pubDate><title>118840</title><link>http://portal.amfiindia.com/AUMReport_Rpt_Po.aspx?rpt=swise&amp;dtAUM=01-Jan-2017&amp;mf=45</link><description><![CDATA[ <table border="0" cellspacing="4" cellpadding="2"> <tr> <td style='background-color:#CADDEC;FONT-FAMILY: Verdana,Arial,San-serif; FONT-SIZE: 8pt; FONT-WEIGHT: bold; Color:#012540;'><b>AUM Month </b></td> <td style='FONT-FAMILY: Verdana,Arial,San-serif; FONT-SIZE: 8pt; Color:#012540;'> Jan-2017 </td></tr><tr> <td style='background-color:#CADDEC;FONT-FAMILY: Verdana,Arial,San-serif; FONT-SIZE: 8pt; FONT-WEIGHT: bold; Color:#012540;'><b>Average AUM Excluding Fund of Funds</b></td> <td style='FONT-FAMILY: Verdana,Arial,San-serif; FONT-SIZE: 8pt; Color:#012540;'> Mirae Asset Savings Fund - Direct Plan - Growth </td></tr><tr> <td style='background-color:#CADDEC;FONT-FAMILY: Verdana,Arial,San-serif; FONT-SIZE: 8pt; FONT-WEIGHT: bold; Color:#012540;'><b>Average AUM Fund of Funds </b></td> <td style='FONT-FAMILY: Verdana,Arial,San-serif; FONT-SIZE: 8pt; Color:#012540;'> 6538.78 </td></tr></table> ]]></description></item><item><pubDate>Mon, 17 Apr 2017 17:43:39</pubDate><title>118841</title><link>http://portal.amfiindia.com/AUMReport_Rpt_Po.aspx?rpt=swise&amp;dtAUM=01-Jan-2017&amp;mf=45</link><description><![CDATA[ <table border="0" cellspacing="4" cellpadding="2"> <tr> <td style='background-color:#CADDEC;FONT-FAMILY: Verdana,Arial,San-serif; FONT-SIZE: 8pt; FONT-WEIGHT: bold; Color:#012540;'><b>AUM Month </b></td> <td style='FONT-FAMILY: Verdana,Arial,San-serif; FONT-SIZE: 8pt; Color:#012540;'> Jan-2017 </td></tr><tr> <td style='background-color:#CADDEC;FONT-FAMILY: Verdana,Arial,San-serif; FONT-SIZE: 8pt; FONT-WEIGHT: bold; Color:#012540;'><b>Average AUM Excluding Fund of Funds</b></td> <td style='FONT-FAMILY: Verdana,Arial,San-serif; FONT-SIZE: 8pt; Color:#012540;'> Mirae Asset Savings Fund - Direct Plan - Monthly Dividend </td></tr><tr> <td style='background-color:#CADDEC;FONT-FAMILY: Verdana,Arial,San-serif; FONT-SIZE: 8pt; FONT-WEIGHT: bold; Color:#012540;'><b>Average AUM Fund of Funds </b></td> <td style='FONT-FAMILY: Verdana,Arial,San-serif; FONT-SIZE: 8pt; Color:#012540;'> 65.99 </td></tr></table> ]]></description></item><item><pubDate>Mon, 17 Apr 2017 17:43:39</pubDate><title>118842</title><link>http://portal.amfiindia.com/AUMReport_Rpt_Po.aspx?rpt=swise&amp;dtAUM=01-Jan-2017&amp;mf=45</link><description><![CDATA[ <table border="0" cellspacing="4" cellpadding="2"> <tr> <td style='background-color:#CADDEC;FONT-FAMILY: Verdana,Arial,San-serif; FONT-SIZE: 8pt; FONT-WEIGHT: bold; Color:#012540;'><b>AUM Month </b></td> <td style='FONT-FAMILY: Verdana,Arial,San-serif; FONT-SIZE: 8pt; Color:#012540;'> Jan-2017 </td></tr><tr> <td style='background-color:#CADDEC;FONT-FAMILY: Verdana,Arial,San-serif; FONT-SIZE: 8pt; FONT-WEIGHT: bold; Color:#012540;'><b>Average AUM Excluding Fund of Funds</b></td> <td style='FONT-FAMILY: Verdana,Arial,San-serif; FONT-SIZE: 8pt; Color:#012540;'> Mirae Asset Savings Fund - Direct Plan - Quarterly Dividend </td></tr><tr> <td style='background-color:#CADDEC;FONT-FAMILY: Verdana,Arial,San-serif; FONT-SIZE: 8pt; FONT-WEIGHT: bold; Color:#012540;'><b>Average AUM Fund of Funds </b></td> <td style='FONT-FAMILY: Verdana,Arial,San-serif; FONT-SIZE: 8pt; Color:#012540;'> 3.85 </td></tr></table> ]]></description></item><item><pubDate>Mon, 17 Apr 2017 17:43:39</pubDate><title>118844</title><link>http://portal.amfiindia.com/AUMReport_Rpt_Po.aspx?rpt=swise&amp;dtAUM=01-Jan-2017&amp;mf=45</link><description><![CDATA[ <table border="0" cellspacing="4" cellpadding="2"> <tr> <td style='background-color:#CADDEC;FONT-FAMILY: Verdana,Arial,San-serif; FONT-SIZE: 8pt; FONT-WEIGHT: bold; Color:#012540;'><b>AUM Month </b></td> <td style='FONT-FAMILY: Verdana,Arial,San-serif; FONT-SIZE: 8pt; Color:#012540;'> Jan-2017 </td></tr><tr> <td style='background-color:#CADDEC;FONT-FAMILY: Verdana,Arial,San-serif; FONT-SIZE: 8pt; FONT-WEIGHT: bold; Color:#012540;'><b>Average AUM Excluding Fund of Funds</b></td> <td style='FONT-FAMILY: Verdana,Arial,San-serif; FONT-SIZE: 8pt; Color:#012540;'> Mirae Asset Savings Fund - Direct Plan - Weekly Dividend </td></tr><tr> <td style='background-color:#CADDEC;FONT-FAMILY: Verdana,Arial,San-serif; FONT-SIZE: 8pt; FONT-WEIGHT: bold; Color:#012540;'><b>Average AUM Fund of Funds </b></td> <td style='FONT-FAMILY: Verdana,Arial,San-serif; FONT-SIZE: 8pt; Color:#012540;'> 37.40 </td></tr></table> ]]></description></item><item><pubDate>Mon, 17 Apr 2017 17:43:39</pubDate><title>107698</title><link>http://portal.amfiindia.com/AUMReport_Rpt_Po.aspx?rpt=swise&amp;dtAUM=01-Jan-2017&amp;mf=45</link><description><![CDATA[ <table border="0" cellspacing="4" cellpadding="2"> <tr> <td style='background-color:#CADDEC;FONT-FAMILY: Verdana,Arial,San-serif; FONT-SIZE: 8pt; FONT-WEIGHT: bold; Color:#012540;'><b>AUM Month </b></td> <td style='FONT-FAMILY: Verdana,Arial,San-serif; FONT-SIZE: 8pt; Color:#012540;'> Jan-2017 </td></tr><tr> <td style='background-color:#CADDEC;FONT-FAMILY: Verdana,Arial,San-serif; FONT-SIZE: 8pt; FONT-WEIGHT: bold; Color:#012540;'><b>Average AUM Excluding Fund of Funds</b></td> <td style='FONT-FAMILY: Verdana,Arial,San-serif; FONT-SIZE: 8pt; Color:#012540;'> Mirae Asset Savings Fund-Regular Plan- Daily Dividend </td></tr><tr> <td style='background-color:#CADDEC;FONT-FAMILY: Verdana,Arial,San-serif; FONT-SIZE: 8pt; FONT-WEIGHT: bold; Color:#012540;'><b>Average AUM Fund of Funds </b></td> <td style='FONT-FAMILY: Verdana,Arial,San-serif; FONT-SIZE: 8pt; Color:#012540;'> 7.32 </td></tr></table> ]]></description></item><item><pubDate>Mon, 17 Apr 2017 17:43:39</pubDate><title>107695</title><link>http://portal.amfiindia.com/AUMReport_Rpt_Po.aspx?rpt=swise&amp;dtAUM=01-Jan-2017&amp;mf=45</link><description><![CDATA[ <table border="0" cellspacing="4" cellpadding="2"> <tr> <td style='background-color:#CADDEC;FONT-FAMILY: Verdana,Arial,San-serif; FONT-SIZE: 8pt; FONT-WEIGHT: bold; Color:#012540;'><b>AUM Month </b></td> <td style='FONT-FAMILY: Verdana,Arial,San-serif; FONT-SIZE: 8pt; Color:#012540;'> Jan-2017 </td></tr><tr> <td style='background-color:#CADDEC;FONT-FAMILY: Verdana,Arial,San-serif; FONT-SIZE: 8pt; FONT-WEIGHT: bold; Color:#012540;'><b>Average AUM Excluding Fund of Funds</b></td> <td style='FONT-FAMILY: Verdana,Arial,San-serif; FONT-SIZE: 8pt; Color:#012540;'> Mirae Asset Savings Fund-Regular Plan- Growth </td></tr><tr> <td style='background-color:#CADDEC;FONT-FAMILY: Verdana,Arial,San-serif; FONT-SIZE: 8pt; FONT-WEIGHT: bold; Color:#012540;'><b>Average AUM Fund of Funds </b></td> <td style='FONT-FAMILY: Verdana,Arial,San-serif; FONT-SIZE: 8pt; Color:#012540;'> 6.76 </td></tr></table> ]]></description></item><item><pubDate>Mon, 17 Apr 2017 17:43:39</pubDate><title>107697</title><link>http://portal.amfiindia.com/AUMReport_Rpt_Po.aspx?rpt=swise&amp;dtAUM=01-Jan-2017&amp;mf=45</link><description><![CDATA[ <table border="0" cellspacing="4" cellpadding="2"> <tr> <td style='background-color:#CADDEC;FONT-FAMILY: Verdana,Arial,San-serif; FONT-SIZE: 8pt; FONT-WEIGHT: bold; Color:#012540;'><b>AUM Month </b></td> <td style='FONT-FAMILY: Verdana,Arial,San-serif; FONT-SIZE: 8pt; Color:#012540;'> Jan-2017 </td></tr><tr> <td style='background-color:#CADDEC;FONT-FAMILY: Verdana,Arial,San-serif; FONT-SIZE: 8pt; FONT-WEIGHT: bold; Color:#012540;'><b>Average AUM Excluding Fund of Funds</b></td> <td style='FONT-FAMILY: Verdana,Arial,San-serif; FONT-SIZE: 8pt; Color:#012540;'> Mirae Asset Savings Fund-Regular Plan- Monthly Dividend </td></tr><tr> <td style='background-color:#CADDEC;FONT-FAMILY: Verdana,Arial,San-serif; FONT-SIZE: 8pt; FONT-WEIGHT: bold; Color:#012540;'><b>Average AUM Fund of Funds </b></td> <td style='FONT-FAMILY: Verdana,Arial,San-serif; FONT-SIZE: 8pt; Color:#012540;'> 1.34 </td></tr></table> ]]></description></item><item><pubDate>Mon, 17 Apr 2017 17:43:39</pubDate><title>107696</title><link>http://portal.amfiindia.com/AUMReport_Rpt_Po.aspx?rpt=swise&amp;dtAUM=01-Jan-2017&amp;mf=45</link><description><![CDATA[ <table border="0" cellspacing="4" cellpadding="2"> <tr> <td style='background-color:#CADDEC;FONT-FAMILY: Verdana,Arial,San-serif; FONT-SIZE: 8pt; FONT-WEIGHT: bold; Color:#012540;'><b>AUM Month </b></td> <td style='FONT-FAMILY: Verdana,Arial,San-serif; FONT-SIZE: 8pt; Color:#012540;'> Jan-2017 </td></tr><tr> <td style='background-color:#CADDEC;FONT-FAMILY: Verdana,Arial,San-serif; FONT-SIZE: 8pt; FONT-WEIGHT: bold; Color:#012540;'><b>Average AUM Excluding Fund of Funds</b></td> <td style='FONT-FAMILY: Verdana,Arial,San-serif; FONT-SIZE: 8pt; Color:#012540;'> Mirae Asset Savings Fund-Regular Plan- Weekly Dividend </td></tr><tr> <td style='background-color:#CADDEC;FONT-FAMILY: Verdana,Arial,San-serif; FONT-SIZE: 8pt; FONT-WEIGHT: bold; Color:#012540;'><b>Average AUM Fund of Funds </b></td> <td style='FONT-FAMILY: Verdana,Arial,San-serif; FONT-SIZE: 8pt; Color:#012540;'> 0.03 </td></tr></table> ]]></description></item><item><pubDate>Mon, 17 Apr 2017 17:43:39</pubDate><title>107705</title><link>http://portal.amfiindia.com/AUMReport_Rpt_Po.aspx?rpt=swise&amp;dtAUM=01-Jan-2017&amp;mf=45</link><description><![CDATA[ <table border="0" cellspacing="4" cellpadding="2"> <tr> <td style='background-color:#CADDEC;FONT-FAMILY: Verdana,Arial,San-serif; FONT-SIZE: 8pt; FONT-WEIGHT: bold; Color:#012540;'><b>AUM Month </b></td> <td style='FONT-FAMILY: Verdana,Arial,San-serif; FONT-SIZE: 8pt; Color:#012540;'> Jan-2017 </td></tr><tr> <td style='background-color:#CADDEC;FONT-FAMILY: Verdana,Arial,San-serif; FONT-SIZE: 8pt; FONT-WEIGHT: bold; Color:#012540;'><b>Average AUM Excluding Fund of Funds</b></td> <td style='FONT-FAMILY: Verdana,Arial,San-serif; FONT-SIZE: 8pt; Color:#012540;'> Mirae Asset Savings Fund-Regular Savings Plan- Growth </td></tr><tr> <td style='background-color:#CADDEC;FONT-FAMILY: Verdana,Arial,San-serif; FONT-SIZE: 8pt; FONT-WEIGHT: bold; Color:#012540;'><b>Average AUM Fund of Funds </b></td> <td style='FONT-FAMILY: Verdana,Arial,San-serif; FONT-SIZE: 8pt; Color:#012540;'> 12160.20 </td></tr></table> ]]></description></item><item><pubDate>Mon, 17 Apr 2017 17:43:39</pubDate><title>107704</title><link>http://portal.amfiindia.com/AUMReport_Rpt_Po.aspx?rpt=swise&amp;dtAUM=01-Jan-2017&amp;mf=45</link><description><![CDATA[ <table border="0" cellspacing="4" cellpadding="2"> <tr> <td style='background-color:#CADDEC;FONT-FAMILY: Verdana,Arial,San-serif; FONT-SIZE: 8pt; FONT-WEIGHT: bold; Color:#012540;'><b>AUM Month </b></td> <td style='FONT-FAMILY: Verdana,Arial,San-serif; FONT-SIZE: 8pt; Color:#012540;'> Jan-2017 </td></tr><tr> <td style='background-color:#CADDEC;FONT-FAMILY: Verdana,Arial,San-serif; FONT-SIZE: 8pt; FONT-WEIGHT: bold; Color:#012540;'><b>Average AUM Excluding Fund of Funds</b></td> <td style='FONT-FAMILY: Verdana,Arial,San-serif; FONT-SIZE: 8pt; Color:#012540;'> Mirae Asset Savings Fund-Regular Savings Plan- Monthly Dividend </td></tr><tr> <td style='background-color:#CADDEC;FONT-FAMILY: Verdana,Arial,San-serif; FONT-SIZE: 8pt; FONT-WEIGHT: bold; Color:#012540;'><b>Average AUM Fund of Funds </b></td> <td style='FONT-FAMILY: Verdana,Arial,San-serif; FONT-SIZE: 8pt; Color:#012540;'> 513.32 </td></tr></table> ]]></description></item><item><pubDate>Mon, 17 Apr 2017 17:43:39</pubDate><title>107702</title><link>http://portal.amfiindia.com/AUMReport_Rpt_Po.aspx?rpt=swise&amp;dtAUM=01-Jan-2017&amp;mf=45</link><description><![CDATA[ <table border="0" cellspacing="4" cellpadding="2"> <tr> <td style='background-color:#CADDEC;FONT-FAMILY: Verdana,Arial,San-serif; FONT-SIZE: 8pt; FONT-WEIGHT: bold; Color:#012540;'><b>AUM Month </b></td> <td style='FONT-FAMILY: Verdana,Arial,San-serif; FONT-SIZE: 8pt; Color:#012540;'> Jan-2017 </td></tr><tr> <td style='background-color:#CADDEC;FONT-FAMILY: Verdana,Arial,San-serif; FONT-SIZE: 8pt; FONT-WEIGHT: bold; Color:#012540;'><b>Average AUM Excluding Fund of Funds</b></td> <td style='FONT-FAMILY: Verdana,Arial,San-serif; FONT-SIZE: 8pt; Color:#012540;'> Mirae Asset Savings Fund-Regular Savings Plan- Quarterly Dividend </td></tr><tr> <td style='background-color:#CADDEC;FONT-FAMILY: Verdana,Arial,San-serif; FONT-SIZE: 8pt; FONT-WEIGHT: bold; Color:#012540;'><b>Average AUM Fund of Funds </b></td> <td style='FONT-FAMILY: Verdana,Arial,San-serif; FONT-SIZE: 8pt; Color:#012540;'> 39.24 </td></tr></table> ]]></description></item><item><pubDate>Mon, 17 Apr 2017 17:43:39</pubDate><title>107700</title><link>http://portal.amfiindia.com/AUMReport_Rpt_Po.aspx?rpt=swise&amp;dtAUM=01-Jan-2017&amp;mf=45</link><description><![CDATA[ <table border="0" cellspacing="4" cellpadding="2"> <tr> <td style='background-color:#CADDEC;FONT-FAMILY: Verdana,Arial,San-serif; FONT-SIZE: 8pt; FONT-WEIGHT: bold; Color:#012540;'><b>AUM Month </b></td> <td style='FONT-FAMILY: Verdana,Arial,San-serif; FONT-SIZE: 8pt; Color:#012540;'> Jan-2017 </td></tr><tr> <td style='background-color:#CADDEC;FONT-FAMILY: Verdana,Arial,San-serif; FONT-SIZE: 8pt; FONT-WEIGHT: bold; Color:#012540;'><b>Average AUM Excluding Fund of Funds</b></td> <td style='FONT-FAMILY: Verdana,Arial,San-serif; FONT-SIZE: 8pt; Color:#012540;'> Mirae Asset SavingsFund-Regular Savings Plan- Daily Dividend </td></tr><tr> <td style='background-color:#CADDEC;FONT-FAMILY: Verdana,Arial,San-serif; FONT-SIZE: 8pt; FONT-WEIGHT: bold; Color:#012540;'><b>Average AUM Fund of Funds </b></td> <td style='FONT-FAMILY: Verdana,Arial,San-serif; FONT-SIZE: 8pt; Color:#012540;'> 2089.22 </td></tr></table> ]]></description></item><item><pubDate>Mon, 17 Apr 2017 17:43:39</pubDate><title>135781</title><link>http://portal.amfiindia.com/AUMReport_Rpt_Po.aspx?rpt=swise&amp;dtAUM=01-Jan-2017&amp;mf=45</link><description><![CDATA[ <table border="0" cellspacing="4" cellpadding="2"> <tr> <td style='background-color:#CADDEC;FONT-FAMILY: Verdana,Arial,San-serif; FONT-SIZE: 8pt; FONT-WEIGHT: bold; Color:#012540;'><b>AUM Month </b></td> <td style='FONT-FAMILY: Verdana,Arial,San-serif; FONT-SIZE: 8pt; Color:#012540;'> Jan-2017 </td></tr><tr> <td style='background-color:#CADDEC;FONT-FAMILY: Verdana,Arial,San-serif; FONT-SIZE: 8pt; FONT-WEIGHT: bold; Color:#012540;'><b>Average AUM Excluding Fund of Funds</b></td> <td style='FONT-FAMILY: Verdana,Arial,San-serif; FONT-SIZE: 8pt; Color:#012540;'> Mirae Asset Tax Saver Fund-Direct Plan -Growth </td></tr><tr> <td style='background-color:#CADDEC;FONT-FAMILY: Verdana,Arial,San-serif; FONT-SIZE: 8pt; FONT-WEIGHT: bold; Color:#012540;'><b>Average AUM Fund of Funds </b></td> <td style='FONT-FAMILY: Verdana,Arial,San-serif; FONT-SIZE: 8pt; Color:#012540;'> 1203.44 </td></tr></table> ]]></description></item><item><pubDate>Mon, 17 Apr 2017 17:43:39</pubDate><title>135782</title><link>http://portal.amfiindia.com/AUMReport_Rpt_Po.aspx?rpt=swise&amp;dtAUM=01-Jan-2017&amp;mf=45</link><description><![CDATA[ <table border="0" cellspacing="4" cellpadding="2"> <tr> <td style='background-color:#CADDEC;FONT-FAMILY: Verdana,Arial,San-serif; FONT-SIZE: 8pt; FONT-WEIGHT: bold; Color:#012540;'><b>AUM Month </b></td> <td style='FONT-FAMILY: Verdana,Arial,San-serif; FONT-SIZE: 8pt; Color:#012540;'> Jan-2017 </td></tr><tr> <td style='background-color:#CADDEC;FONT-FAMILY: Verdana,Arial,San-serif; FONT-SIZE: 8pt; FONT-WEIGHT: bold; Color:#012540;'><b>Average AUM Excluding Fund of Funds</b></td> <td style='FONT-FAMILY: Verdana,Arial,San-serif; FONT-SIZE: 8pt; Color:#012540;'> Mirae Asset Tax Saver Fund-Direct Plan-Dividend </td></tr><tr> <td style='background-color:#CADDEC;FONT-FAMILY: Verdana,Arial,San-serif; FONT-SIZE: 8pt; FONT-WEIGHT: bold; Color:#012540;'><b>Average AUM Fund of Funds </b></td> <td style='FONT-FAMILY: Verdana,Arial,San-serif; FONT-SIZE: 8pt; Color:#012540;'> 114.60 </td></tr></table> ]]></description></item><item><pubDate>Mon, 17 Apr 2017 17:43:39</pubDate><title>135783</title><link>http://portal.amfiindia.com/AUMReport_Rpt_Po.aspx?rpt=swise&amp;dtAUM=01-Jan-2017&amp;mf=45</link><description><![CDATA[ <table border="0" cellspacing="4" cellpadding="2"> <tr> <td style='background-color:#CADDEC;FONT-FAMILY: Verdana,Arial,San-serif; FONT-SIZE: 8pt; FONT-WEIGHT: bold; Color:#012540;'><b>AUM Month </b></td> <td style='FONT-FAMILY: Verdana,Arial,San-serif; FONT-SIZE: 8pt; Color:#012540;'> Jan-2017 </td></tr><tr> <td style='background-color:#CADDEC;FONT-FAMILY: Verdana,Arial,San-serif; FONT-SIZE: 8pt; FONT-WEIGHT: bold; Color:#012540;'><b>Average AUM Excluding Fund of Funds</b></td> <td style='FONT-FAMILY: Verdana,Arial,San-serif; FONT-SIZE: 8pt; Color:#012540;'> Mirae Asset Tax Saver Fund-Regular Plan-Dividend Payout </td></tr><tr> <td style='background-color:#CADDEC;FONT-FAMILY: Verdana,Arial,San-serif; FONT-SIZE: 8pt; FONT-WEIGHT: bold; Color:#012540;'><b>Average AUM Fund of Funds </b></td> <td style='FONT-FAMILY: Verdana,Arial,San-serif; FONT-SIZE: 8pt; Color:#012540;'> 18086.32 </td></tr></table> ]]></description></item><item><pubDate>Mon, 17 Apr 2017 17:43:39</pubDate><title>135784</title><link>http://portal.amfiindia.com/AUMReport_Rpt_Po.aspx?rpt=swise&amp;dtAUM=01-Jan-2017&amp;mf=45</link><description><![CDATA[ <table border="0" cellspacing="4" cellpadding="2"> <tr> <td style='background-color:#CADDEC;FONT-FAMILY: Verdana,Arial,San-serif; FONT-SIZE: 8pt; FONT-WEIGHT: bold; Color:#012540;'><b>AUM Month </b></td> <td style='FONT-FAMILY: Verdana,Arial,San-serif; FONT-SIZE: 8pt; Color:#012540;'> Jan-2017 </td></tr><tr> <td style='background-color:#CADDEC;FONT-FAMILY: Verdana,Arial,San-serif; FONT-SIZE: 8pt; FONT-WEIGHT: bold; Color:#012540;'><b>Average AUM Excluding Fund of Funds</b></td> <td style='FONT-FAMILY: Verdana,Arial,San-serif; FONT-SIZE: 8pt; Color:#012540;'> Mirae Asset Tax Saver Fund-Regular Plan-Growth </td></tr><tr> <td style='background-color:#CADDEC;FONT-FAMILY: Verdana,Arial,San-serif; FONT-SIZE: 8pt; FONT-WEIGHT: bold; Color:#012540;'><b>Average AUM Fund of Funds </b></td> <td style='FONT-FAMILY: Verdana,Arial,San-serif; FONT-SIZE: 8pt; Color:#012540;'> 3730.06 </td></tr></table> ]]></description></item></channel></rss>