<?xml version='1.0' encoding='ISO-8859-1'?><?xml-stylesheet title='XSL_formatting' type='text/xsl' href='http://portal.amfiindia.com/rssstyle.xsl'?><rss version='2.0' xmlns:cf='http://www.microsoft.com/schemas/rss/core/2005' xmlns:nav='http://www.amfiindia.com/rss/nav'><channel><title>List of Schemes with AUM for Motilal Oswal Mutual Fund</title><link>http://www.amfiindia.com</link><description>The  Association  of  Mutual  Funds  in  India (AMFI)  is  dedicated  to  developing  the  Indian  Mutual  Fund  Industry  on  professional,  healthy  and  ethical  lines  and  to  enhance  and  maintain  standards  in  all  areas  with  a  view  to  protecting  and  promoting  the  interests  of  mutual  funds  and  their  unit  holders.</description><language>en-us</language><pubDate>4/17/2017 5:43:40 PM</pubDate><copyright>(C) Association of Mutual Funds in India (AMFI) - Copyright 2017</copyright><image><title>amfiindia.com</title><url>http://www.amfiindia.com/portal/images/pu-amfilogo.gif</url><link>http://www.amfiindia.com/</link><description>Visit amfiindia.com</description></image><item><pubDate>Mon, 17 Apr 2017 17:43:40</pubDate><title>122390</title><link>http://portal.amfiindia.com/AUMReport_Rpt_Po.aspx?rpt=swise&amp;dtAUM=01-Jan-2017&amp;mf=55</link><description><![CDATA[ <table border="0" cellspacing="4" cellpadding="2"> <tr> <td style='background-color:#CADDEC;FONT-FAMILY: Verdana,Arial,San-serif; FONT-SIZE: 8pt; FONT-WEIGHT: bold; Color:#012540;'><b>AUM Month </b></td> <td style='FONT-FAMILY: Verdana,Arial,San-serif; FONT-SIZE: 8pt; Color:#012540;'> Jan-2017 </td></tr><tr> <td style='background-color:#CADDEC;FONT-FAMILY: Verdana,Arial,San-serif; FONT-SIZE: 8pt; FONT-WEIGHT: bold; Color:#012540;'><b>Average AUM Excluding Fund of Funds</b></td> <td style='FONT-FAMILY: Verdana,Arial,San-serif; FONT-SIZE: 8pt; Color:#012540;'> MOSt Focused 25 Fund- Direct Plan Dividend Option </td></tr><tr> <td style='background-color:#CADDEC;FONT-FAMILY: Verdana,Arial,San-serif; FONT-SIZE: 8pt; FONT-WEIGHT: bold; Color:#012540;'><b>Average AUM Fund of Funds </b></td> <td style='FONT-FAMILY: Verdana,Arial,San-serif; FONT-SIZE: 8pt; Color:#012540;'> 683.47 </td></tr></table> ]]></description></item><item><pubDate>Mon, 17 Apr 2017 17:43:40</pubDate><title>122389</title><link>http://portal.amfiindia.com/AUMReport_Rpt_Po.aspx?rpt=swise&amp;dtAUM=01-Jan-2017&amp;mf=55</link><description><![CDATA[ <table border="0" cellspacing="4" cellpadding="2"> <tr> <td style='background-color:#CADDEC;FONT-FAMILY: Verdana,Arial,San-serif; FONT-SIZE: 8pt; FONT-WEIGHT: bold; Color:#012540;'><b>AUM Month </b></td> <td style='FONT-FAMILY: Verdana,Arial,San-serif; FONT-SIZE: 8pt; Color:#012540;'> Jan-2017 </td></tr><tr> <td style='background-color:#CADDEC;FONT-FAMILY: Verdana,Arial,San-serif; FONT-SIZE: 8pt; FONT-WEIGHT: bold; Color:#012540;'><b>Average AUM Excluding Fund of Funds</b></td> <td style='FONT-FAMILY: Verdana,Arial,San-serif; FONT-SIZE: 8pt; Color:#012540;'> MOSt Focused 25 Fund- Direct Plan Growth Option </td></tr><tr> <td style='background-color:#CADDEC;FONT-FAMILY: Verdana,Arial,San-serif; FONT-SIZE: 8pt; FONT-WEIGHT: bold; Color:#012540;'><b>Average AUM Fund of Funds </b></td> <td style='FONT-FAMILY: Verdana,Arial,San-serif; FONT-SIZE: 8pt; Color:#012540;'> 9114.74 </td></tr></table> ]]></description></item><item><pubDate>Mon, 17 Apr 2017 17:43:40</pubDate><title>122388</title><link>http://portal.amfiindia.com/AUMReport_Rpt_Po.aspx?rpt=swise&amp;dtAUM=01-Jan-2017&amp;mf=55</link><description><![CDATA[ <table border="0" cellspacing="4" cellpadding="2"> <tr> <td style='background-color:#CADDEC;FONT-FAMILY: Verdana,Arial,San-serif; FONT-SIZE: 8pt; FONT-WEIGHT: bold; Color:#012540;'><b>AUM Month </b></td> <td style='FONT-FAMILY: Verdana,Arial,San-serif; FONT-SIZE: 8pt; Color:#012540;'> Jan-2017 </td></tr><tr> <td style='background-color:#CADDEC;FONT-FAMILY: Verdana,Arial,San-serif; FONT-SIZE: 8pt; FONT-WEIGHT: bold; Color:#012540;'><b>Average AUM Excluding Fund of Funds</b></td> <td style='FONT-FAMILY: Verdana,Arial,San-serif; FONT-SIZE: 8pt; Color:#012540;'> MOSt Focused 25 Fund- Regular Plan Dividend Option </td></tr><tr> <td style='background-color:#CADDEC;FONT-FAMILY: Verdana,Arial,San-serif; FONT-SIZE: 8pt; FONT-WEIGHT: bold; Color:#012540;'><b>Average AUM Fund of Funds </b></td> <td style='FONT-FAMILY: Verdana,Arial,San-serif; FONT-SIZE: 8pt; Color:#012540;'> 4298.97 </td></tr></table> ]]></description></item><item><pubDate>Mon, 17 Apr 2017 17:43:40</pubDate><title>122387</title><link>http://portal.amfiindia.com/AUMReport_Rpt_Po.aspx?rpt=swise&amp;dtAUM=01-Jan-2017&amp;mf=55</link><description><![CDATA[ <table border="0" cellspacing="4" cellpadding="2"> <tr> <td style='background-color:#CADDEC;FONT-FAMILY: Verdana,Arial,San-serif; FONT-SIZE: 8pt; FONT-WEIGHT: bold; Color:#012540;'><b>AUM Month </b></td> <td style='FONT-FAMILY: Verdana,Arial,San-serif; FONT-SIZE: 8pt; Color:#012540;'> Jan-2017 </td></tr><tr> <td style='background-color:#CADDEC;FONT-FAMILY: Verdana,Arial,San-serif; FONT-SIZE: 8pt; FONT-WEIGHT: bold; Color:#012540;'><b>Average AUM Excluding Fund of Funds</b></td> <td style='FONT-FAMILY: Verdana,Arial,San-serif; FONT-SIZE: 8pt; Color:#012540;'> MOSt Focused 25 Fund- Regular Plan Growth Option </td></tr><tr> <td style='background-color:#CADDEC;FONT-FAMILY: Verdana,Arial,San-serif; FONT-SIZE: 8pt; FONT-WEIGHT: bold; Color:#012540;'><b>Average AUM Fund of Funds </b></td> <td style='FONT-FAMILY: Verdana,Arial,San-serif; FONT-SIZE: 8pt; Color:#012540;'> 32871.85 </td></tr></table> ]]></description></item><item><pubDate>Mon, 17 Apr 2017 17:43:40</pubDate><title>139868</title><link>http://portal.amfiindia.com/AUMReport_Rpt_Po.aspx?rpt=swise&amp;dtAUM=01-Jan-2017&amp;mf=55</link><description><![CDATA[ <table border="0" cellspacing="4" cellpadding="2"> <tr> <td style='background-color:#CADDEC;FONT-FAMILY: Verdana,Arial,San-serif; FONT-SIZE: 8pt; FONT-WEIGHT: bold; Color:#012540;'><b>AUM Month </b></td> <td style='FONT-FAMILY: Verdana,Arial,San-serif; FONT-SIZE: 8pt; Color:#012540;'> Jan-2017 </td></tr><tr> <td style='background-color:#CADDEC;FONT-FAMILY: Verdana,Arial,San-serif; FONT-SIZE: 8pt; FONT-WEIGHT: bold; Color:#012540;'><b>Average AUM Excluding Fund of Funds</b></td> <td style='FONT-FAMILY: Verdana,Arial,San-serif; FONT-SIZE: 8pt; Color:#012540;'> MOSt Focused Dynamic Equity - Direct Plan - Annual Dividend Re-investment Option </td></tr><tr> <td style='background-color:#CADDEC;FONT-FAMILY: Verdana,Arial,San-serif; FONT-SIZE: 8pt; FONT-WEIGHT: bold; Color:#012540;'><b>Average AUM Fund of Funds </b></td> <td style='FONT-FAMILY: Verdana,Arial,San-serif; FONT-SIZE: 8pt; Color:#012540;'> 237.73 </td></tr></table> ]]></description></item><item><pubDate>Mon, 17 Apr 2017 17:43:40</pubDate><title>139872</title><link>http://portal.amfiindia.com/AUMReport_Rpt_Po.aspx?rpt=swise&amp;dtAUM=01-Jan-2017&amp;mf=55</link><description><![CDATA[ <table border="0" cellspacing="4" cellpadding="2"> <tr> <td style='background-color:#CADDEC;FONT-FAMILY: Verdana,Arial,San-serif; FONT-SIZE: 8pt; FONT-WEIGHT: bold; Color:#012540;'><b>AUM Month </b></td> <td style='FONT-FAMILY: Verdana,Arial,San-serif; FONT-SIZE: 8pt; Color:#012540;'> Jan-2017 </td></tr><tr> <td style='background-color:#CADDEC;FONT-FAMILY: Verdana,Arial,San-serif; FONT-SIZE: 8pt; FONT-WEIGHT: bold; Color:#012540;'><b>Average AUM Excluding Fund of Funds</b></td> <td style='FONT-FAMILY: Verdana,Arial,San-serif; FONT-SIZE: 8pt; Color:#012540;'> MOSt Focused Dynamic Equity - Direct Plan - Growth Option </td></tr><tr> <td style='background-color:#CADDEC;FONT-FAMILY: Verdana,Arial,San-serif; FONT-SIZE: 8pt; FONT-WEIGHT: bold; Color:#012540;'><b>Average AUM Fund of Funds </b></td> <td style='FONT-FAMILY: Verdana,Arial,San-serif; FONT-SIZE: 8pt; Color:#012540;'> 2599.50 </td></tr></table> ]]></description></item><item><pubDate>Mon, 17 Apr 2017 17:43:40</pubDate><title>139867</title><link>http://portal.amfiindia.com/AUMReport_Rpt_Po.aspx?rpt=swise&amp;dtAUM=01-Jan-2017&amp;mf=55</link><description><![CDATA[ <table border="0" cellspacing="4" cellpadding="2"> <tr> <td style='background-color:#CADDEC;FONT-FAMILY: Verdana,Arial,San-serif; FONT-SIZE: 8pt; FONT-WEIGHT: bold; Color:#012540;'><b>AUM Month </b></td> <td style='FONT-FAMILY: Verdana,Arial,San-serif; FONT-SIZE: 8pt; Color:#012540;'> Jan-2017 </td></tr><tr> <td style='background-color:#CADDEC;FONT-FAMILY: Verdana,Arial,San-serif; FONT-SIZE: 8pt; FONT-WEIGHT: bold; Color:#012540;'><b>Average AUM Excluding Fund of Funds</b></td> <td style='FONT-FAMILY: Verdana,Arial,San-serif; FONT-SIZE: 8pt; Color:#012540;'> MOSt Focused Dynamic Equity - Direct Plan - Quarterly Dividend Re-investment Option </td></tr><tr> <td style='background-color:#CADDEC;FONT-FAMILY: Verdana,Arial,San-serif; FONT-SIZE: 8pt; FONT-WEIGHT: bold; Color:#012540;'><b>Average AUM Fund of Funds </b></td> <td style='FONT-FAMILY: Verdana,Arial,San-serif; FONT-SIZE: 8pt; Color:#012540;'> 158.55 </td></tr></table> ]]></description></item><item><pubDate>Mon, 17 Apr 2017 17:43:40</pubDate><title>139864</title><link>http://portal.amfiindia.com/AUMReport_Rpt_Po.aspx?rpt=swise&amp;dtAUM=01-Jan-2017&amp;mf=55</link><description><![CDATA[ <table border="0" cellspacing="4" cellpadding="2"> <tr> <td style='background-color:#CADDEC;FONT-FAMILY: Verdana,Arial,San-serif; FONT-SIZE: 8pt; FONT-WEIGHT: bold; Color:#012540;'><b>AUM Month </b></td> <td style='FONT-FAMILY: Verdana,Arial,San-serif; FONT-SIZE: 8pt; Color:#012540;'> Jan-2017 </td></tr><tr> <td style='background-color:#CADDEC;FONT-FAMILY: Verdana,Arial,San-serif; FONT-SIZE: 8pt; FONT-WEIGHT: bold; Color:#012540;'><b>Average AUM Excluding Fund of Funds</b></td> <td style='FONT-FAMILY: Verdana,Arial,San-serif; FONT-SIZE: 8pt; Color:#012540;'> MOSt Focused Dynamic Equity - Regular Plan - Annual Dividend Re-investment Option </td></tr><tr> <td style='background-color:#CADDEC;FONT-FAMILY: Verdana,Arial,San-serif; FONT-SIZE: 8pt; FONT-WEIGHT: bold; Color:#012540;'><b>Average AUM Fund of Funds </b></td> <td style='FONT-FAMILY: Verdana,Arial,San-serif; FONT-SIZE: 8pt; Color:#012540;'> 3019.48 </td></tr></table> ]]></description></item><item><pubDate>Mon, 17 Apr 2017 17:43:40</pubDate><title>139870</title><link>http://portal.amfiindia.com/AUMReport_Rpt_Po.aspx?rpt=swise&amp;dtAUM=01-Jan-2017&amp;mf=55</link><description><![CDATA[ <table border="0" cellspacing="4" cellpadding="2"> <tr> <td style='background-color:#CADDEC;FONT-FAMILY: Verdana,Arial,San-serif; FONT-SIZE: 8pt; FONT-WEIGHT: bold; Color:#012540;'><b>AUM Month </b></td> <td style='FONT-FAMILY: Verdana,Arial,San-serif; FONT-SIZE: 8pt; Color:#012540;'> Jan-2017 </td></tr><tr> <td style='background-color:#CADDEC;FONT-FAMILY: Verdana,Arial,San-serif; FONT-SIZE: 8pt; FONT-WEIGHT: bold; Color:#012540;'><b>Average AUM Excluding Fund of Funds</b></td> <td style='FONT-FAMILY: Verdana,Arial,San-serif; FONT-SIZE: 8pt; Color:#012540;'> MOSt Focused Dynamic Equity - Regular Plan - Growth Option </td></tr><tr> <td style='background-color:#CADDEC;FONT-FAMILY: Verdana,Arial,San-serif; FONT-SIZE: 8pt; FONT-WEIGHT: bold; Color:#012540;'><b>Average AUM Fund of Funds </b></td> <td style='FONT-FAMILY: Verdana,Arial,San-serif; FONT-SIZE: 8pt; Color:#012540;'> 41845.34 </td></tr></table> ]]></description></item><item><pubDate>Mon, 17 Apr 2017 17:43:40</pubDate><title>139869</title><link>http://portal.amfiindia.com/AUMReport_Rpt_Po.aspx?rpt=swise&amp;dtAUM=01-Jan-2017&amp;mf=55</link><description><![CDATA[ <table border="0" cellspacing="4" cellpadding="2"> <tr> <td style='background-color:#CADDEC;FONT-FAMILY: Verdana,Arial,San-serif; FONT-SIZE: 8pt; FONT-WEIGHT: bold; Color:#012540;'><b>AUM Month </b></td> <td style='FONT-FAMILY: Verdana,Arial,San-serif; FONT-SIZE: 8pt; Color:#012540;'> Jan-2017 </td></tr><tr> <td style='background-color:#CADDEC;FONT-FAMILY: Verdana,Arial,San-serif; FONT-SIZE: 8pt; FONT-WEIGHT: bold; Color:#012540;'><b>Average AUM Excluding Fund of Funds</b></td> <td style='FONT-FAMILY: Verdana,Arial,San-serif; FONT-SIZE: 8pt; Color:#012540;'> MOSt Focused Dynamic Equity - Regular Plan - Quarterly Dividend Re-investment Option </td></tr><tr> <td style='background-color:#CADDEC;FONT-FAMILY: Verdana,Arial,San-serif; FONT-SIZE: 8pt; FONT-WEIGHT: bold; Color:#012540;'><b>Average AUM Fund of Funds </b></td> <td style='FONT-FAMILY: Verdana,Arial,San-serif; FONT-SIZE: 8pt; Color:#012540;'> 1605.17 </td></tr></table> ]]></description></item><item><pubDate>Mon, 17 Apr 2017 17:43:40</pubDate><title>133384</title><link>http://portal.amfiindia.com/AUMReport_Rpt_Po.aspx?rpt=swise&amp;dtAUM=01-Jan-2017&amp;mf=55</link><description><![CDATA[ <table border="0" cellspacing="4" cellpadding="2"> <tr> <td style='background-color:#CADDEC;FONT-FAMILY: Verdana,Arial,San-serif; FONT-SIZE: 8pt; FONT-WEIGHT: bold; Color:#012540;'><b>AUM Month </b></td> <td style='FONT-FAMILY: Verdana,Arial,San-serif; FONT-SIZE: 8pt; Color:#012540;'> Jan-2017 </td></tr><tr> <td style='background-color:#CADDEC;FONT-FAMILY: Verdana,Arial,San-serif; FONT-SIZE: 8pt; FONT-WEIGHT: bold; Color:#012540;'><b>Average AUM Excluding Fund of Funds</b></td> <td style='FONT-FAMILY: Verdana,Arial,San-serif; FONT-SIZE: 8pt; Color:#012540;'> MOSt Focused Long Term - Direct Plan - Dividend Payout Option </td></tr><tr> <td style='background-color:#CADDEC;FONT-FAMILY: Verdana,Arial,San-serif; FONT-SIZE: 8pt; FONT-WEIGHT: bold; Color:#012540;'><b>Average AUM Fund of Funds </b></td> <td style='FONT-FAMILY: Verdana,Arial,San-serif; FONT-SIZE: 8pt; Color:#012540;'> 205.27 </td></tr></table> ]]></description></item><item><pubDate>Mon, 17 Apr 2017 17:43:40</pubDate><title>133386</title><link>http://portal.amfiindia.com/AUMReport_Rpt_Po.aspx?rpt=swise&amp;dtAUM=01-Jan-2017&amp;mf=55</link><description><![CDATA[ <table border="0" cellspacing="4" cellpadding="2"> <tr> <td style='background-color:#CADDEC;FONT-FAMILY: Verdana,Arial,San-serif; FONT-SIZE: 8pt; FONT-WEIGHT: bold; Color:#012540;'><b>AUM Month </b></td> <td style='FONT-FAMILY: Verdana,Arial,San-serif; FONT-SIZE: 8pt; Color:#012540;'> Jan-2017 </td></tr><tr> <td style='background-color:#CADDEC;FONT-FAMILY: Verdana,Arial,San-serif; FONT-SIZE: 8pt; FONT-WEIGHT: bold; Color:#012540;'><b>Average AUM Excluding Fund of Funds</b></td> <td style='FONT-FAMILY: Verdana,Arial,San-serif; FONT-SIZE: 8pt; Color:#012540;'> MOSt Focused Long Term - Direct Plan - Growth Option </td></tr><tr> <td style='background-color:#CADDEC;FONT-FAMILY: Verdana,Arial,San-serif; FONT-SIZE: 8pt; FONT-WEIGHT: bold; Color:#012540;'><b>Average AUM Fund of Funds </b></td> <td style='FONT-FAMILY: Verdana,Arial,San-serif; FONT-SIZE: 8pt; Color:#012540;'> 1818.37 </td></tr></table> ]]></description></item><item><pubDate>Mon, 17 Apr 2017 17:43:40</pubDate><title>133383</title><link>http://portal.amfiindia.com/AUMReport_Rpt_Po.aspx?rpt=swise&amp;dtAUM=01-Jan-2017&amp;mf=55</link><description><![CDATA[ <table border="0" cellspacing="4" cellpadding="2"> <tr> <td style='background-color:#CADDEC;FONT-FAMILY: Verdana,Arial,San-serif; FONT-SIZE: 8pt; FONT-WEIGHT: bold; Color:#012540;'><b>AUM Month </b></td> <td style='FONT-FAMILY: Verdana,Arial,San-serif; FONT-SIZE: 8pt; Color:#012540;'> Jan-2017 </td></tr><tr> <td style='background-color:#CADDEC;FONT-FAMILY: Verdana,Arial,San-serif; FONT-SIZE: 8pt; FONT-WEIGHT: bold; Color:#012540;'><b>Average AUM Excluding Fund of Funds</b></td> <td style='FONT-FAMILY: Verdana,Arial,San-serif; FONT-SIZE: 8pt; Color:#012540;'> MOSt Focused Long Term - Regular Plan - Dividend Payout Option </td></tr><tr> <td style='background-color:#CADDEC;FONT-FAMILY: Verdana,Arial,San-serif; FONT-SIZE: 8pt; FONT-WEIGHT: bold; Color:#012540;'><b>Average AUM Fund of Funds </b></td> <td style='FONT-FAMILY: Verdana,Arial,San-serif; FONT-SIZE: 8pt; Color:#012540;'> 2863.58 </td></tr></table> ]]></description></item><item><pubDate>Mon, 17 Apr 2017 17:43:40</pubDate><title>133385</title><link>http://portal.amfiindia.com/AUMReport_Rpt_Po.aspx?rpt=swise&amp;dtAUM=01-Jan-2017&amp;mf=55</link><description><![CDATA[ <table border="0" cellspacing="4" cellpadding="2"> <tr> <td style='background-color:#CADDEC;FONT-FAMILY: Verdana,Arial,San-serif; FONT-SIZE: 8pt; FONT-WEIGHT: bold; Color:#012540;'><b>AUM Month </b></td> <td style='FONT-FAMILY: Verdana,Arial,San-serif; FONT-SIZE: 8pt; Color:#012540;'> Jan-2017 </td></tr><tr> <td style='background-color:#CADDEC;FONT-FAMILY: Verdana,Arial,San-serif; FONT-SIZE: 8pt; FONT-WEIGHT: bold; Color:#012540;'><b>Average AUM Excluding Fund of Funds</b></td> <td style='FONT-FAMILY: Verdana,Arial,San-serif; FONT-SIZE: 8pt; Color:#012540;'> MOSt Focused Long Term - Regular Plan - Growth Option </td></tr><tr> <td style='background-color:#CADDEC;FONT-FAMILY: Verdana,Arial,San-serif; FONT-SIZE: 8pt; FONT-WEIGHT: bold; Color:#012540;'><b>Average AUM Fund of Funds </b></td> <td style='FONT-FAMILY: Verdana,Arial,San-serif; FONT-SIZE: 8pt; Color:#012540;'> 23520.84 </td></tr></table> ]]></description></item><item><pubDate>Mon, 17 Apr 2017 17:43:40</pubDate><title>127044</title><link>http://portal.amfiindia.com/AUMReport_Rpt_Po.aspx?rpt=swise&amp;dtAUM=01-Jan-2017&amp;mf=55</link><description><![CDATA[ <table border="0" cellspacing="4" cellpadding="2"> <tr> <td style='background-color:#CADDEC;FONT-FAMILY: Verdana,Arial,San-serif; FONT-SIZE: 8pt; FONT-WEIGHT: bold; Color:#012540;'><b>AUM Month </b></td> <td style='FONT-FAMILY: Verdana,Arial,San-serif; FONT-SIZE: 8pt; Color:#012540;'> Jan-2017 </td></tr><tr> <td style='background-color:#CADDEC;FONT-FAMILY: Verdana,Arial,San-serif; FONT-SIZE: 8pt; FONT-WEIGHT: bold; Color:#012540;'><b>Average AUM Excluding Fund of Funds</b></td> <td style='FONT-FAMILY: Verdana,Arial,San-serif; FONT-SIZE: 8pt; Color:#012540;'> MOSt Focused Midcap 30-Direct Plan-Dividend Option </td></tr><tr> <td style='background-color:#CADDEC;FONT-FAMILY: Verdana,Arial,San-serif; FONT-SIZE: 8pt; FONT-WEIGHT: bold; Color:#012540;'><b>Average AUM Fund of Funds </b></td> <td style='FONT-FAMILY: Verdana,Arial,San-serif; FONT-SIZE: 8pt; Color:#012540;'> 1051.64 </td></tr></table> ]]></description></item><item><pubDate>Mon, 17 Apr 2017 17:43:40</pubDate><title>127042</title><link>http://portal.amfiindia.com/AUMReport_Rpt_Po.aspx?rpt=swise&amp;dtAUM=01-Jan-2017&amp;mf=55</link><description><![CDATA[ <table border="0" cellspacing="4" cellpadding="2"> <tr> <td style='background-color:#CADDEC;FONT-FAMILY: Verdana,Arial,San-serif; FONT-SIZE: 8pt; FONT-WEIGHT: bold; Color:#012540;'><b>AUM Month </b></td> <td style='FONT-FAMILY: Verdana,Arial,San-serif; FONT-SIZE: 8pt; Color:#012540;'> Jan-2017 </td></tr><tr> <td style='background-color:#CADDEC;FONT-FAMILY: Verdana,Arial,San-serif; FONT-SIZE: 8pt; FONT-WEIGHT: bold; Color:#012540;'><b>Average AUM Excluding Fund of Funds</b></td> <td style='FONT-FAMILY: Verdana,Arial,San-serif; FONT-SIZE: 8pt; Color:#012540;'> MOSt Focused Midcap 30-Direct Plan-Growth Option </td></tr><tr> <td style='background-color:#CADDEC;FONT-FAMILY: Verdana,Arial,San-serif; FONT-SIZE: 8pt; FONT-WEIGHT: bold; Color:#012540;'><b>Average AUM Fund of Funds </b></td> <td style='FONT-FAMILY: Verdana,Arial,San-serif; FONT-SIZE: 8pt; Color:#012540;'> 48321.39 </td></tr></table> ]]></description></item><item><pubDate>Mon, 17 Apr 2017 17:43:40</pubDate><title>127040</title><link>http://portal.amfiindia.com/AUMReport_Rpt_Po.aspx?rpt=swise&amp;dtAUM=01-Jan-2017&amp;mf=55</link><description><![CDATA[ <table border="0" cellspacing="4" cellpadding="2"> <tr> <td style='background-color:#CADDEC;FONT-FAMILY: Verdana,Arial,San-serif; FONT-SIZE: 8pt; FONT-WEIGHT: bold; Color:#012540;'><b>AUM Month </b></td> <td style='FONT-FAMILY: Verdana,Arial,San-serif; FONT-SIZE: 8pt; Color:#012540;'> Jan-2017 </td></tr><tr> <td style='background-color:#CADDEC;FONT-FAMILY: Verdana,Arial,San-serif; FONT-SIZE: 8pt; FONT-WEIGHT: bold; Color:#012540;'><b>Average AUM Excluding Fund of Funds</b></td> <td style='FONT-FAMILY: Verdana,Arial,San-serif; FONT-SIZE: 8pt; Color:#012540;'> MOSt Focused Midcap 30-Regular Plan-Dividend Option </td></tr><tr> <td style='background-color:#CADDEC;FONT-FAMILY: Verdana,Arial,San-serif; FONT-SIZE: 8pt; FONT-WEIGHT: bold; Color:#012540;'><b>Average AUM Fund of Funds </b></td> <td style='FONT-FAMILY: Verdana,Arial,San-serif; FONT-SIZE: 8pt; Color:#012540;'> 10338.75 </td></tr></table> ]]></description></item><item><pubDate>Mon, 17 Apr 2017 17:43:40</pubDate><title>127039</title><link>http://portal.amfiindia.com/AUMReport_Rpt_Po.aspx?rpt=swise&amp;dtAUM=01-Jan-2017&amp;mf=55</link><description><![CDATA[ <table border="0" cellspacing="4" cellpadding="2"> <tr> <td style='background-color:#CADDEC;FONT-FAMILY: Verdana,Arial,San-serif; FONT-SIZE: 8pt; FONT-WEIGHT: bold; Color:#012540;'><b>AUM Month </b></td> <td style='FONT-FAMILY: Verdana,Arial,San-serif; FONT-SIZE: 8pt; Color:#012540;'> Jan-2017 </td></tr><tr> <td style='background-color:#CADDEC;FONT-FAMILY: Verdana,Arial,San-serif; FONT-SIZE: 8pt; FONT-WEIGHT: bold; Color:#012540;'><b>Average AUM Excluding Fund of Funds</b></td> <td style='FONT-FAMILY: Verdana,Arial,San-serif; FONT-SIZE: 8pt; Color:#012540;'> MOSt Focused Midcap 30-Regular Plan-Growth Option </td></tr><tr> <td style='background-color:#CADDEC;FONT-FAMILY: Verdana,Arial,San-serif; FONT-SIZE: 8pt; FONT-WEIGHT: bold; Color:#012540;'><b>Average AUM Fund of Funds </b></td> <td style='FONT-FAMILY: Verdana,Arial,San-serif; FONT-SIZE: 8pt; Color:#012540;'> 64446.22 </td></tr></table> ]]></description></item><item><pubDate>Mon, 17 Apr 2017 17:43:40</pubDate><title>129047</title><link>http://portal.amfiindia.com/AUMReport_Rpt_Po.aspx?rpt=swise&amp;dtAUM=01-Jan-2017&amp;mf=55</link><description><![CDATA[ <table border="0" cellspacing="4" cellpadding="2"> <tr> <td style='background-color:#CADDEC;FONT-FAMILY: Verdana,Arial,San-serif; FONT-SIZE: 8pt; FONT-WEIGHT: bold; Color:#012540;'><b>AUM Month </b></td> <td style='FONT-FAMILY: Verdana,Arial,San-serif; FONT-SIZE: 8pt; Color:#012540;'> Jan-2017 </td></tr><tr> <td style='background-color:#CADDEC;FONT-FAMILY: Verdana,Arial,San-serif; FONT-SIZE: 8pt; FONT-WEIGHT: bold; Color:#012540;'><b>Average AUM Excluding Fund of Funds</b></td> <td style='FONT-FAMILY: Verdana,Arial,San-serif; FONT-SIZE: 8pt; Color:#012540;'> MOSt Focused Multicap 35- Direct Plan-Dividend Option </td></tr><tr> <td style='background-color:#CADDEC;FONT-FAMILY: Verdana,Arial,San-serif; FONT-SIZE: 8pt; FONT-WEIGHT: bold; Color:#012540;'><b>Average AUM Fund of Funds </b></td> <td style='FONT-FAMILY: Verdana,Arial,San-serif; FONT-SIZE: 8pt; Color:#012540;'> 25836.34 </td></tr></table> ]]></description></item><item><pubDate>Mon, 17 Apr 2017 17:43:40</pubDate><title>129046</title><link>http://portal.amfiindia.com/AUMReport_Rpt_Po.aspx?rpt=swise&amp;dtAUM=01-Jan-2017&amp;mf=55</link><description><![CDATA[ <table border="0" cellspacing="4" cellpadding="2"> <tr> <td style='background-color:#CADDEC;FONT-FAMILY: Verdana,Arial,San-serif; FONT-SIZE: 8pt; FONT-WEIGHT: bold; Color:#012540;'><b>AUM Month </b></td> <td style='FONT-FAMILY: Verdana,Arial,San-serif; FONT-SIZE: 8pt; Color:#012540;'> Jan-2017 </td></tr><tr> <td style='background-color:#CADDEC;FONT-FAMILY: Verdana,Arial,San-serif; FONT-SIZE: 8pt; FONT-WEIGHT: bold; Color:#012540;'><b>Average AUM Excluding Fund of Funds</b></td> <td style='FONT-FAMILY: Verdana,Arial,San-serif; FONT-SIZE: 8pt; Color:#012540;'> MOSt Focused Multicap 35-Direct Plan-Growth Option </td></tr><tr> <td style='background-color:#CADDEC;FONT-FAMILY: Verdana,Arial,San-serif; FONT-SIZE: 8pt; FONT-WEIGHT: bold; Color:#012540;'><b>Average AUM Fund of Funds </b></td> <td style='FONT-FAMILY: Verdana,Arial,San-serif; FONT-SIZE: 8pt; Color:#012540;'> 183237.91 </td></tr></table> ]]></description></item><item><pubDate>Mon, 17 Apr 2017 17:43:40</pubDate><title>129049</title><link>http://portal.amfiindia.com/AUMReport_Rpt_Po.aspx?rpt=swise&amp;dtAUM=01-Jan-2017&amp;mf=55</link><description><![CDATA[ <table border="0" cellspacing="4" cellpadding="2"> <tr> <td style='background-color:#CADDEC;FONT-FAMILY: Verdana,Arial,San-serif; FONT-SIZE: 8pt; FONT-WEIGHT: bold; Color:#012540;'><b>AUM Month </b></td> <td style='FONT-FAMILY: Verdana,Arial,San-serif; FONT-SIZE: 8pt; Color:#012540;'> Jan-2017 </td></tr><tr> <td style='background-color:#CADDEC;FONT-FAMILY: Verdana,Arial,San-serif; FONT-SIZE: 8pt; FONT-WEIGHT: bold; Color:#012540;'><b>Average AUM Excluding Fund of Funds</b></td> <td style='FONT-FAMILY: Verdana,Arial,San-serif; FONT-SIZE: 8pt; Color:#012540;'> MOSt Focused Multicap 35-Regular Plan -Dividend Option </td></tr><tr> <td style='background-color:#CADDEC;FONT-FAMILY: Verdana,Arial,San-serif; FONT-SIZE: 8pt; FONT-WEIGHT: bold; Color:#012540;'><b>Average AUM Fund of Funds </b></td> <td style='FONT-FAMILY: Verdana,Arial,San-serif; FONT-SIZE: 8pt; Color:#012540;'> 61615.60 </td></tr></table> ]]></description></item><item><pubDate>Mon, 17 Apr 2017 17:43:40</pubDate><title>129048</title><link>http://portal.amfiindia.com/AUMReport_Rpt_Po.aspx?rpt=swise&amp;dtAUM=01-Jan-2017&amp;mf=55</link><description><![CDATA[ <table border="0" cellspacing="4" cellpadding="2"> <tr> <td style='background-color:#CADDEC;FONT-FAMILY: Verdana,Arial,San-serif; FONT-SIZE: 8pt; FONT-WEIGHT: bold; Color:#012540;'><b>AUM Month </b></td> <td style='FONT-FAMILY: Verdana,Arial,San-serif; FONT-SIZE: 8pt; Color:#012540;'> Jan-2017 </td></tr><tr> <td style='background-color:#CADDEC;FONT-FAMILY: Verdana,Arial,San-serif; FONT-SIZE: 8pt; FONT-WEIGHT: bold; Color:#012540;'><b>Average AUM Excluding Fund of Funds</b></td> <td style='FONT-FAMILY: Verdana,Arial,San-serif; FONT-SIZE: 8pt; Color:#012540;'> MOSt Focused Multicap 35-Regular Plan-Growth Option </td></tr><tr> <td style='background-color:#CADDEC;FONT-FAMILY: Verdana,Arial,San-serif; FONT-SIZE: 8pt; FONT-WEIGHT: bold; Color:#012540;'><b>Average AUM Fund of Funds </b></td> <td style='FONT-FAMILY: Verdana,Arial,San-serif; FONT-SIZE: 8pt; Color:#012540;'> 252791.09 </td></tr></table> ]]></description></item><item><pubDate>Mon, 17 Apr 2017 17:43:40</pubDate><title>114456</title><link>http://portal.amfiindia.com/AUMReport_Rpt_Po.aspx?rpt=swise&amp;dtAUM=01-Jan-2017&amp;mf=55</link><description><![CDATA[ <table border="0" cellspacing="4" cellpadding="2"> <tr> <td style='background-color:#CADDEC;FONT-FAMILY: Verdana,Arial,San-serif; FONT-SIZE: 8pt; FONT-WEIGHT: bold; Color:#012540;'><b>AUM Month </b></td> <td style='FONT-FAMILY: Verdana,Arial,San-serif; FONT-SIZE: 8pt; Color:#012540;'> Jan-2017 </td></tr><tr> <td style='background-color:#CADDEC;FONT-FAMILY: Verdana,Arial,San-serif; FONT-SIZE: 8pt; FONT-WEIGHT: bold; Color:#012540;'><b>Average AUM Excluding Fund of Funds</b></td> <td style='FONT-FAMILY: Verdana,Arial,San-serif; FONT-SIZE: 8pt; Color:#012540;'> MOSt Shares M100 </td></tr><tr> <td style='background-color:#CADDEC;FONT-FAMILY: Verdana,Arial,San-serif; FONT-SIZE: 8pt; FONT-WEIGHT: bold; Color:#012540;'><b>Average AUM Fund of Funds </b></td> <td style='FONT-FAMILY: Verdana,Arial,San-serif; FONT-SIZE: 8pt; Color:#012540;'> 2581.95 </td></tr></table> ]]></description></item><item><pubDate>Mon, 17 Apr 2017 17:43:40</pubDate><title>113069</title><link>http://portal.amfiindia.com/AUMReport_Rpt_Po.aspx?rpt=swise&amp;dtAUM=01-Jan-2017&amp;mf=55</link><description><![CDATA[ <table border="0" cellspacing="4" cellpadding="2"> <tr> <td style='background-color:#CADDEC;FONT-FAMILY: Verdana,Arial,San-serif; FONT-SIZE: 8pt; FONT-WEIGHT: bold; Color:#012540;'><b>AUM Month </b></td> <td style='FONT-FAMILY: Verdana,Arial,San-serif; FONT-SIZE: 8pt; Color:#012540;'> Jan-2017 </td></tr><tr> <td style='background-color:#CADDEC;FONT-FAMILY: Verdana,Arial,San-serif; FONT-SIZE: 8pt; FONT-WEIGHT: bold; Color:#012540;'><b>Average AUM Excluding Fund of Funds</b></td> <td style='FONT-FAMILY: Verdana,Arial,San-serif; FONT-SIZE: 8pt; Color:#012540;'> MOSt Shares M50 </td></tr><tr> <td style='background-color:#CADDEC;FONT-FAMILY: Verdana,Arial,San-serif; FONT-SIZE: 8pt; FONT-WEIGHT: bold; Color:#012540;'><b>Average AUM Fund of Funds </b></td> <td style='FONT-FAMILY: Verdana,Arial,San-serif; FONT-SIZE: 8pt; Color:#012540;'> 2042.58 </td></tr></table> ]]></description></item><item><pubDate>Mon, 17 Apr 2017 17:43:40</pubDate><title>124234</title><link>http://portal.amfiindia.com/AUMReport_Rpt_Po.aspx?rpt=swise&amp;dtAUM=01-Jan-2017&amp;mf=55</link><description><![CDATA[ <table border="0" cellspacing="4" cellpadding="2"> <tr> <td style='background-color:#CADDEC;FONT-FAMILY: Verdana,Arial,San-serif; FONT-SIZE: 8pt; FONT-WEIGHT: bold; Color:#012540;'><b>AUM Month </b></td> <td style='FONT-FAMILY: Verdana,Arial,San-serif; FONT-SIZE: 8pt; Color:#012540;'> Jan-2017 </td></tr><tr> <td style='background-color:#CADDEC;FONT-FAMILY: Verdana,Arial,San-serif; FONT-SIZE: 8pt; FONT-WEIGHT: bold; Color:#012540;'><b>Average AUM Excluding Fund of Funds</b></td> <td style='FONT-FAMILY: Verdana,Arial,San-serif; FONT-SIZE: 8pt; Color:#012540;'> MOSt Ultra Short Term Bond Fund-Direct Plan- Growth </td></tr><tr> <td style='background-color:#CADDEC;FONT-FAMILY: Verdana,Arial,San-serif; FONT-SIZE: 8pt; FONT-WEIGHT: bold; Color:#012540;'><b>Average AUM Fund of Funds </b></td> <td style='FONT-FAMILY: Verdana,Arial,San-serif; FONT-SIZE: 8pt; Color:#012540;'> 1735.30 </td></tr></table> ]]></description></item><item><pubDate>Mon, 17 Apr 2017 17:43:40</pubDate><title>124316</title><link>http://portal.amfiindia.com/AUMReport_Rpt_Po.aspx?rpt=swise&amp;dtAUM=01-Jan-2017&amp;mf=55</link><description><![CDATA[ <table border="0" cellspacing="4" cellpadding="2"> <tr> <td style='background-color:#CADDEC;FONT-FAMILY: Verdana,Arial,San-serif; FONT-SIZE: 8pt; FONT-WEIGHT: bold; Color:#012540;'><b>AUM Month </b></td> <td style='FONT-FAMILY: Verdana,Arial,San-serif; FONT-SIZE: 8pt; Color:#012540;'> Jan-2017 </td></tr><tr> <td style='background-color:#CADDEC;FONT-FAMILY: Verdana,Arial,San-serif; FONT-SIZE: 8pt; FONT-WEIGHT: bold; Color:#012540;'><b>Average AUM Excluding Fund of Funds</b></td> <td style='FONT-FAMILY: Verdana,Arial,San-serif; FONT-SIZE: 8pt; Color:#012540;'> MOSt Ultra Short Term Bond Fund-Direct Plan-Daily Dividend Option </td></tr><tr> <td style='background-color:#CADDEC;FONT-FAMILY: Verdana,Arial,San-serif; FONT-SIZE: 8pt; FONT-WEIGHT: bold; Color:#012540;'><b>Average AUM Fund of Funds </b></td> <td style='FONT-FAMILY: Verdana,Arial,San-serif; FONT-SIZE: 8pt; Color:#012540;'> 1560.54 </td></tr></table> ]]></description></item><item><pubDate>Mon, 17 Apr 2017 17:43:40</pubDate><title>124311</title><link>http://portal.amfiindia.com/AUMReport_Rpt_Po.aspx?rpt=swise&amp;dtAUM=01-Jan-2017&amp;mf=55</link><description><![CDATA[ <table border="0" cellspacing="4" cellpadding="2"> <tr> <td style='background-color:#CADDEC;FONT-FAMILY: Verdana,Arial,San-serif; FONT-SIZE: 8pt; FONT-WEIGHT: bold; Color:#012540;'><b>AUM Month </b></td> <td style='FONT-FAMILY: Verdana,Arial,San-serif; FONT-SIZE: 8pt; Color:#012540;'> Jan-2017 </td></tr><tr> <td style='background-color:#CADDEC;FONT-FAMILY: Verdana,Arial,San-serif; FONT-SIZE: 8pt; FONT-WEIGHT: bold; Color:#012540;'><b>Average AUM Excluding Fund of Funds</b></td> <td style='FONT-FAMILY: Verdana,Arial,San-serif; FONT-SIZE: 8pt; Color:#012540;'> MOSt Ultra Short Term Bond Fund-Direct Plan-Fortnightly Dividend Option </td></tr><tr> <td style='background-color:#CADDEC;FONT-FAMILY: Verdana,Arial,San-serif; FONT-SIZE: 8pt; FONT-WEIGHT: bold; Color:#012540;'><b>Average AUM Fund of Funds </b></td> <td style='FONT-FAMILY: Verdana,Arial,San-serif; FONT-SIZE: 8pt; Color:#012540;'> 0.33 </td></tr></table> ]]></description></item><item><pubDate>Mon, 17 Apr 2017 17:43:40</pubDate><title>124308</title><link>http://portal.amfiindia.com/AUMReport_Rpt_Po.aspx?rpt=swise&amp;dtAUM=01-Jan-2017&amp;mf=55</link><description><![CDATA[ <table border="0" cellspacing="4" cellpadding="2"> <tr> <td style='background-color:#CADDEC;FONT-FAMILY: Verdana,Arial,San-serif; FONT-SIZE: 8pt; FONT-WEIGHT: bold; Color:#012540;'><b>AUM Month </b></td> <td style='FONT-FAMILY: Verdana,Arial,San-serif; FONT-SIZE: 8pt; Color:#012540;'> Jan-2017 </td></tr><tr> <td style='background-color:#CADDEC;FONT-FAMILY: Verdana,Arial,San-serif; FONT-SIZE: 8pt; FONT-WEIGHT: bold; Color:#012540;'><b>Average AUM Excluding Fund of Funds</b></td> <td style='FONT-FAMILY: Verdana,Arial,San-serif; FONT-SIZE: 8pt; Color:#012540;'> MOSt Ultra Short Term Bond Fund-Direct Plan-Monthly Dividend Option </td></tr><tr> <td style='background-color:#CADDEC;FONT-FAMILY: Verdana,Arial,San-serif; FONT-SIZE: 8pt; FONT-WEIGHT: bold; Color:#012540;'><b>Average AUM Fund of Funds </b></td> <td style='FONT-FAMILY: Verdana,Arial,San-serif; FONT-SIZE: 8pt; Color:#012540;'> 3.62 </td></tr></table> ]]></description></item><item><pubDate>Mon, 17 Apr 2017 17:43:40</pubDate><title>124312</title><link>http://portal.amfiindia.com/AUMReport_Rpt_Po.aspx?rpt=swise&amp;dtAUM=01-Jan-2017&amp;mf=55</link><description><![CDATA[ <table border="0" cellspacing="4" cellpadding="2"> <tr> <td style='background-color:#CADDEC;FONT-FAMILY: Verdana,Arial,San-serif; FONT-SIZE: 8pt; FONT-WEIGHT: bold; Color:#012540;'><b>AUM Month </b></td> <td style='FONT-FAMILY: Verdana,Arial,San-serif; FONT-SIZE: 8pt; Color:#012540;'> Jan-2017 </td></tr><tr> <td style='background-color:#CADDEC;FONT-FAMILY: Verdana,Arial,San-serif; FONT-SIZE: 8pt; FONT-WEIGHT: bold; Color:#012540;'><b>Average AUM Excluding Fund of Funds</b></td> <td style='FONT-FAMILY: Verdana,Arial,San-serif; FONT-SIZE: 8pt; Color:#012540;'> MOSt Ultra Short Term Bond Fund-Direct Plan-Quarterly Dividend Option </td></tr><tr> <td style='background-color:#CADDEC;FONT-FAMILY: Verdana,Arial,San-serif; FONT-SIZE: 8pt; FONT-WEIGHT: bold; Color:#012540;'><b>Average AUM Fund of Funds </b></td> <td style='FONT-FAMILY: Verdana,Arial,San-serif; FONT-SIZE: 8pt; Color:#012540;'> 2.68 </td></tr></table> ]]></description></item><item><pubDate>Mon, 17 Apr 2017 17:43:40</pubDate><title>124306</title><link>http://portal.amfiindia.com/AUMReport_Rpt_Po.aspx?rpt=swise&amp;dtAUM=01-Jan-2017&amp;mf=55</link><description><![CDATA[ <table border="0" cellspacing="4" cellpadding="2"> <tr> <td style='background-color:#CADDEC;FONT-FAMILY: Verdana,Arial,San-serif; FONT-SIZE: 8pt; FONT-WEIGHT: bold; Color:#012540;'><b>AUM Month </b></td> <td style='FONT-FAMILY: Verdana,Arial,San-serif; FONT-SIZE: 8pt; Color:#012540;'> Jan-2017 </td></tr><tr> <td style='background-color:#CADDEC;FONT-FAMILY: Verdana,Arial,San-serif; FONT-SIZE: 8pt; FONT-WEIGHT: bold; Color:#012540;'><b>Average AUM Excluding Fund of Funds</b></td> <td style='FONT-FAMILY: Verdana,Arial,San-serif; FONT-SIZE: 8pt; Color:#012540;'> MOSt Ultra Short Term Bond Fund-Direct Plan-Weekly Dividend Option </td></tr><tr> <td style='background-color:#CADDEC;FONT-FAMILY: Verdana,Arial,San-serif; FONT-SIZE: 8pt; FONT-WEIGHT: bold; Color:#012540;'><b>Average AUM Fund of Funds </b></td> <td style='FONT-FAMILY: Verdana,Arial,San-serif; FONT-SIZE: 8pt; Color:#012540;'> 110.97 </td></tr></table> ]]></description></item><item><pubDate>Mon, 17 Apr 2017 17:43:40</pubDate><title>124233</title><link>http://portal.amfiindia.com/AUMReport_Rpt_Po.aspx?rpt=swise&amp;dtAUM=01-Jan-2017&amp;mf=55</link><description><![CDATA[ <table border="0" cellspacing="4" cellpadding="2"> <tr> <td style='background-color:#CADDEC;FONT-FAMILY: Verdana,Arial,San-serif; FONT-SIZE: 8pt; FONT-WEIGHT: bold; Color:#012540;'><b>AUM Month </b></td> <td style='FONT-FAMILY: Verdana,Arial,San-serif; FONT-SIZE: 8pt; Color:#012540;'> Jan-2017 </td></tr><tr> <td style='background-color:#CADDEC;FONT-FAMILY: Verdana,Arial,San-serif; FONT-SIZE: 8pt; FONT-WEIGHT: bold; Color:#012540;'><b>Average AUM Excluding Fund of Funds</b></td> <td style='FONT-FAMILY: Verdana,Arial,San-serif; FONT-SIZE: 8pt; Color:#012540;'> MOSt Ultra Short Term Bond Fund-Regular Plan- Growth </td></tr><tr> <td style='background-color:#CADDEC;FONT-FAMILY: Verdana,Arial,San-serif; FONT-SIZE: 8pt; FONT-WEIGHT: bold; Color:#012540;'><b>Average AUM Fund of Funds </b></td> <td style='FONT-FAMILY: Verdana,Arial,San-serif; FONT-SIZE: 8pt; Color:#012540;'> 19111.63 </td></tr></table> ]]></description></item><item><pubDate>Mon, 17 Apr 2017 17:43:40</pubDate><title>124303</title><link>http://portal.amfiindia.com/AUMReport_Rpt_Po.aspx?rpt=swise&amp;dtAUM=01-Jan-2017&amp;mf=55</link><description><![CDATA[ <table border="0" cellspacing="4" cellpadding="2"> <tr> <td style='background-color:#CADDEC;FONT-FAMILY: Verdana,Arial,San-serif; FONT-SIZE: 8pt; FONT-WEIGHT: bold; Color:#012540;'><b>AUM Month </b></td> <td style='FONT-FAMILY: Verdana,Arial,San-serif; FONT-SIZE: 8pt; Color:#012540;'> Jan-2017 </td></tr><tr> <td style='background-color:#CADDEC;FONT-FAMILY: Verdana,Arial,San-serif; FONT-SIZE: 8pt; FONT-WEIGHT: bold; Color:#012540;'><b>Average AUM Excluding Fund of Funds</b></td> <td style='FONT-FAMILY: Verdana,Arial,San-serif; FONT-SIZE: 8pt; Color:#012540;'> MOSt Ultra Short Term Bond Fund-Regular Plan-Daily Dividend Option </td></tr><tr> <td style='background-color:#CADDEC;FONT-FAMILY: Verdana,Arial,San-serif; FONT-SIZE: 8pt; FONT-WEIGHT: bold; Color:#012540;'><b>Average AUM Fund of Funds </b></td> <td style='FONT-FAMILY: Verdana,Arial,San-serif; FONT-SIZE: 8pt; Color:#012540;'> 2638.34 </td></tr></table> ]]></description></item><item><pubDate>Mon, 17 Apr 2017 17:43:40</pubDate><title>124313</title><link>http://portal.amfiindia.com/AUMReport_Rpt_Po.aspx?rpt=swise&amp;dtAUM=01-Jan-2017&amp;mf=55</link><description><![CDATA[ <table border="0" cellspacing="4" cellpadding="2"> <tr> <td style='background-color:#CADDEC;FONT-FAMILY: Verdana,Arial,San-serif; FONT-SIZE: 8pt; FONT-WEIGHT: bold; Color:#012540;'><b>AUM Month </b></td> <td style='FONT-FAMILY: Verdana,Arial,San-serif; FONT-SIZE: 8pt; Color:#012540;'> Jan-2017 </td></tr><tr> <td style='background-color:#CADDEC;FONT-FAMILY: Verdana,Arial,San-serif; FONT-SIZE: 8pt; FONT-WEIGHT: bold; Color:#012540;'><b>Average AUM Excluding Fund of Funds</b></td> <td style='FONT-FAMILY: Verdana,Arial,San-serif; FONT-SIZE: 8pt; Color:#012540;'> MOSt Ultra Short Term Bond Fund-Regular Plan-Fortnightly Dividend Option </td></tr><tr> <td style='background-color:#CADDEC;FONT-FAMILY: Verdana,Arial,San-serif; FONT-SIZE: 8pt; FONT-WEIGHT: bold; Color:#012540;'><b>Average AUM Fund of Funds </b></td> <td style='FONT-FAMILY: Verdana,Arial,San-serif; FONT-SIZE: 8pt; Color:#012540;'> 237.97 </td></tr></table> ]]></description></item><item><pubDate>Mon, 17 Apr 2017 17:43:40</pubDate><title>124315</title><link>http://portal.amfiindia.com/AUMReport_Rpt_Po.aspx?rpt=swise&amp;dtAUM=01-Jan-2017&amp;mf=55</link><description><![CDATA[ <table border="0" cellspacing="4" cellpadding="2"> <tr> <td style='background-color:#CADDEC;FONT-FAMILY: Verdana,Arial,San-serif; FONT-SIZE: 8pt; FONT-WEIGHT: bold; Color:#012540;'><b>AUM Month </b></td> <td style='FONT-FAMILY: Verdana,Arial,San-serif; FONT-SIZE: 8pt; Color:#012540;'> Jan-2017 </td></tr><tr> <td style='background-color:#CADDEC;FONT-FAMILY: Verdana,Arial,San-serif; FONT-SIZE: 8pt; FONT-WEIGHT: bold; Color:#012540;'><b>Average AUM Excluding Fund of Funds</b></td> <td style='FONT-FAMILY: Verdana,Arial,San-serif; FONT-SIZE: 8pt; Color:#012540;'> MOSt Ultra Short Term Bond Fund-Regular Plan-Monthly Dividend Plan </td></tr><tr> <td style='background-color:#CADDEC;FONT-FAMILY: Verdana,Arial,San-serif; FONT-SIZE: 8pt; FONT-WEIGHT: bold; Color:#012540;'><b>Average AUM Fund of Funds </b></td> <td style='FONT-FAMILY: Verdana,Arial,San-serif; FONT-SIZE: 8pt; Color:#012540;'> 208.31 </td></tr></table> ]]></description></item><item><pubDate>Mon, 17 Apr 2017 17:43:40</pubDate><title>124305</title><link>http://portal.amfiindia.com/AUMReport_Rpt_Po.aspx?rpt=swise&amp;dtAUM=01-Jan-2017&amp;mf=55</link><description><![CDATA[ <table border="0" cellspacing="4" cellpadding="2"> <tr> <td style='background-color:#CADDEC;FONT-FAMILY: Verdana,Arial,San-serif; FONT-SIZE: 8pt; FONT-WEIGHT: bold; Color:#012540;'><b>AUM Month </b></td> <td style='FONT-FAMILY: Verdana,Arial,San-serif; FONT-SIZE: 8pt; Color:#012540;'> Jan-2017 </td></tr><tr> <td style='background-color:#CADDEC;FONT-FAMILY: Verdana,Arial,San-serif; FONT-SIZE: 8pt; FONT-WEIGHT: bold; Color:#012540;'><b>Average AUM Excluding Fund of Funds</b></td> <td style='FONT-FAMILY: Verdana,Arial,San-serif; FONT-SIZE: 8pt; Color:#012540;'> MOSt Ultra Short Term Bond Fund-Regular Plan-Quarterly Dividend Plan </td></tr><tr> <td style='background-color:#CADDEC;FONT-FAMILY: Verdana,Arial,San-serif; FONT-SIZE: 8pt; FONT-WEIGHT: bold; Color:#012540;'><b>Average AUM Fund of Funds </b></td> <td style='FONT-FAMILY: Verdana,Arial,San-serif; FONT-SIZE: 8pt; Color:#012540;'> 38.21 </td></tr></table> ]]></description></item><item><pubDate>Mon, 17 Apr 2017 17:43:40</pubDate><title>124310</title><link>http://portal.amfiindia.com/AUMReport_Rpt_Po.aspx?rpt=swise&amp;dtAUM=01-Jan-2017&amp;mf=55</link><description><![CDATA[ <table border="0" cellspacing="4" cellpadding="2"> <tr> <td style='background-color:#CADDEC;FONT-FAMILY: Verdana,Arial,San-serif; FONT-SIZE: 8pt; FONT-WEIGHT: bold; Color:#012540;'><b>AUM Month </b></td> <td style='FONT-FAMILY: Verdana,Arial,San-serif; FONT-SIZE: 8pt; Color:#012540;'> Jan-2017 </td></tr><tr> <td style='background-color:#CADDEC;FONT-FAMILY: Verdana,Arial,San-serif; FONT-SIZE: 8pt; FONT-WEIGHT: bold; Color:#012540;'><b>Average AUM Excluding Fund of Funds</b></td> <td style='FONT-FAMILY: Verdana,Arial,San-serif; FONT-SIZE: 8pt; Color:#012540;'> MOSt Ultra Short Term Bond Fund-Regular Plan-Weekly Dividend Option </td></tr><tr> <td style='background-color:#CADDEC;FONT-FAMILY: Verdana,Arial,San-serif; FONT-SIZE: 8pt; FONT-WEIGHT: bold; Color:#012540;'><b>Average AUM Fund of Funds </b></td> <td style='FONT-FAMILY: Verdana,Arial,San-serif; FONT-SIZE: 8pt; Color:#012540;'> 1913.39 </td></tr></table> ]]></description></item><item><pubDate>Mon, 17 Apr 2017 17:43:40</pubDate><title>114984</title><link>http://portal.amfiindia.com/AUMReport_Rpt_Po.aspx?rpt=swise&amp;dtAUM=01-Jan-2017&amp;mf=55</link><description><![CDATA[ <table border="0" cellspacing="4" cellpadding="2"> <tr> <td style='background-color:#CADDEC;FONT-FAMILY: Verdana,Arial,San-serif; FONT-SIZE: 8pt; FONT-WEIGHT: bold; Color:#012540;'><b>AUM Month </b></td> <td style='FONT-FAMILY: Verdana,Arial,San-serif; FONT-SIZE: 8pt; Color:#012540;'> Jan-2017 </td></tr><tr> <td style='background-color:#CADDEC;FONT-FAMILY: Verdana,Arial,San-serif; FONT-SIZE: 8pt; FONT-WEIGHT: bold; Color:#012540;'><b>Average AUM Excluding Fund of Funds</b></td> <td style='FONT-FAMILY: Verdana,Arial,San-serif; FONT-SIZE: 8pt; Color:#012540;'> Motilal Oswal MOSt Shares NASDAQ-100 ETF (MOSt Shares NASDAQ 100) </td></tr><tr> <td style='background-color:#CADDEC;FONT-FAMILY: Verdana,Arial,San-serif; FONT-SIZE: 8pt; FONT-WEIGHT: bold; Color:#012540;'><b>Average AUM Fund of Funds </b></td> <td style='FONT-FAMILY: Verdana,Arial,San-serif; FONT-SIZE: 8pt; Color:#012540;'> 6842.81 </td></tr></table> ]]></description></item></channel></rss>