<?xml version='1.0' encoding='ISO-8859-1'?><?xml-stylesheet title='XSL_formatting' type='text/xsl' href='http://portal.amfiindia.com/rssstyle.xsl'?><rss version='2.0' xmlns:cf='http://www.microsoft.com/schemas/rss/core/2005' xmlns:nav='http://www.amfiindia.com/rss/nav'><channel><title>List of Schemes with AUM for Indiabulls Mutual Fund</title><link>http://www.amfiindia.com</link><description>The  Association  of  Mutual  Funds  in  India (AMFI)  is  dedicated  to  developing  the  Indian  Mutual  Fund  Industry  on  professional,  healthy  and  ethical  lines  and  to  enhance  and  maintain  standards  in  all  areas  with  a  view  to  protecting  and  promoting  the  interests  of  mutual  funds  and  their  unit  holders.</description><language>en-us</language><pubDate>4/17/2017 5:43:30 PM</pubDate><copyright>(C) Association of Mutual Funds in India (AMFI) - Copyright 2017</copyright><image><title>amfiindia.com</title><url>http://www.amfiindia.com/portal/images/pu-amfilogo.gif</url><link>http://www.amfiindia.com/</link><description>Visit amfiindia.com</description></image><item><pubDate>Mon, 17 Apr 2017 17:43:30</pubDate><title>133181</title><link>http://portal.amfiindia.com/AUMReport_Rpt_Po.aspx?rpt=swise&amp;dtAUM=01-Jan-2017&amp;mf=63</link><description><![CDATA[ <table border="0" cellspacing="4" cellpadding="2"> <tr> <td style='background-color:#CADDEC;FONT-FAMILY: Verdana,Arial,San-serif; FONT-SIZE: 8pt; FONT-WEIGHT: bold; Color:#012540;'><b>AUM Month </b></td> <td style='FONT-FAMILY: Verdana,Arial,San-serif; FONT-SIZE: 8pt; Color:#012540;'> Jan-2017 </td></tr><tr> <td style='background-color:#CADDEC;FONT-FAMILY: Verdana,Arial,San-serif; FONT-SIZE: 8pt; FONT-WEIGHT: bold; Color:#012540;'><b>Average AUM Excluding Fund of Funds</b></td> <td style='FONT-FAMILY: Verdana,Arial,San-serif; FONT-SIZE: 8pt; Color:#012540;'> Indiabulls Arbitrage Fund - Direct Plan - Growth Option </td></tr><tr> <td style='background-color:#CADDEC;FONT-FAMILY: Verdana,Arial,San-serif; FONT-SIZE: 8pt; FONT-WEIGHT: bold; Color:#012540;'><b>Average AUM Fund of Funds </b></td> <td style='FONT-FAMILY: Verdana,Arial,San-serif; FONT-SIZE: 8pt; Color:#012540;'> 11304.45 </td></tr></table> ]]></description></item><item><pubDate>Mon, 17 Apr 2017 17:43:30</pubDate><title>140805</title><link>http://portal.amfiindia.com/AUMReport_Rpt_Po.aspx?rpt=swise&amp;dtAUM=01-Jan-2017&amp;mf=63</link><description><![CDATA[ <table border="0" cellspacing="4" cellpadding="2"> <tr> <td style='background-color:#CADDEC;FONT-FAMILY: Verdana,Arial,San-serif; FONT-SIZE: 8pt; FONT-WEIGHT: bold; Color:#012540;'><b>AUM Month </b></td> <td style='FONT-FAMILY: Verdana,Arial,San-serif; FONT-SIZE: 8pt; Color:#012540;'> Jan-2017 </td></tr><tr> <td style='background-color:#CADDEC;FONT-FAMILY: Verdana,Arial,San-serif; FONT-SIZE: 8pt; FONT-WEIGHT: bold; Color:#012540;'><b>Average AUM Excluding Fund of Funds</b></td> <td style='FONT-FAMILY: Verdana,Arial,San-serif; FONT-SIZE: 8pt; Color:#012540;'> Indiabulls Arbitrage Fund - Direct Plan - Half Yearly Dividend Option </td></tr><tr> <td style='background-color:#CADDEC;FONT-FAMILY: Verdana,Arial,San-serif; FONT-SIZE: 8pt; FONT-WEIGHT: bold; Color:#012540;'><b>Average AUM Fund of Funds </b></td> <td style='FONT-FAMILY: Verdana,Arial,San-serif; FONT-SIZE: 8pt; Color:#012540;'> 0.02 </td></tr></table> ]]></description></item><item><pubDate>Mon, 17 Apr 2017 17:43:30</pubDate><title>140801</title><link>http://portal.amfiindia.com/AUMReport_Rpt_Po.aspx?rpt=swise&amp;dtAUM=01-Jan-2017&amp;mf=63</link><description><![CDATA[ <table border="0" cellspacing="4" cellpadding="2"> <tr> <td style='background-color:#CADDEC;FONT-FAMILY: Verdana,Arial,San-serif; FONT-SIZE: 8pt; FONT-WEIGHT: bold; Color:#012540;'><b>AUM Month </b></td> <td style='FONT-FAMILY: Verdana,Arial,San-serif; FONT-SIZE: 8pt; Color:#012540;'> Jan-2017 </td></tr><tr> <td style='background-color:#CADDEC;FONT-FAMILY: Verdana,Arial,San-serif; FONT-SIZE: 8pt; FONT-WEIGHT: bold; Color:#012540;'><b>Average AUM Excluding Fund of Funds</b></td> <td style='FONT-FAMILY: Verdana,Arial,San-serif; FONT-SIZE: 8pt; Color:#012540;'> Indiabulls Arbitrage Fund - Direct Plan - Monthly Dividend Option </td></tr><tr> <td style='background-color:#CADDEC;FONT-FAMILY: Verdana,Arial,San-serif; FONT-SIZE: 8pt; FONT-WEIGHT: bold; Color:#012540;'><b>Average AUM Fund of Funds </b></td> <td style='FONT-FAMILY: Verdana,Arial,San-serif; FONT-SIZE: 8pt; Color:#012540;'> 51222.63 </td></tr></table> ]]></description></item><item><pubDate>Mon, 17 Apr 2017 17:43:30</pubDate><title>133184</title><link>http://portal.amfiindia.com/AUMReport_Rpt_Po.aspx?rpt=swise&amp;dtAUM=01-Jan-2017&amp;mf=63</link><description><![CDATA[ <table border="0" cellspacing="4" cellpadding="2"> <tr> <td style='background-color:#CADDEC;FONT-FAMILY: Verdana,Arial,San-serif; FONT-SIZE: 8pt; FONT-WEIGHT: bold; Color:#012540;'><b>AUM Month </b></td> <td style='FONT-FAMILY: Verdana,Arial,San-serif; FONT-SIZE: 8pt; Color:#012540;'> Jan-2017 </td></tr><tr> <td style='background-color:#CADDEC;FONT-FAMILY: Verdana,Arial,San-serif; FONT-SIZE: 8pt; FONT-WEIGHT: bold; Color:#012540;'><b>Average AUM Excluding Fund of Funds</b></td> <td style='FONT-FAMILY: Verdana,Arial,San-serif; FONT-SIZE: 8pt; Color:#012540;'> Indiabulls Arbitrage Fund - Regular Plan - Growth Option </td></tr><tr> <td style='background-color:#CADDEC;FONT-FAMILY: Verdana,Arial,San-serif; FONT-SIZE: 8pt; FONT-WEIGHT: bold; Color:#012540;'><b>Average AUM Fund of Funds </b></td> <td style='FONT-FAMILY: Verdana,Arial,San-serif; FONT-SIZE: 8pt; Color:#012540;'> 2317.41 </td></tr></table> ]]></description></item><item><pubDate>Mon, 17 Apr 2017 17:43:30</pubDate><title>140806</title><link>http://portal.amfiindia.com/AUMReport_Rpt_Po.aspx?rpt=swise&amp;dtAUM=01-Jan-2017&amp;mf=63</link><description><![CDATA[ <table border="0" cellspacing="4" cellpadding="2"> <tr> <td style='background-color:#CADDEC;FONT-FAMILY: Verdana,Arial,San-serif; FONT-SIZE: 8pt; FONT-WEIGHT: bold; Color:#012540;'><b>AUM Month </b></td> <td style='FONT-FAMILY: Verdana,Arial,San-serif; FONT-SIZE: 8pt; Color:#012540;'> Jan-2017 </td></tr><tr> <td style='background-color:#CADDEC;FONT-FAMILY: Verdana,Arial,San-serif; FONT-SIZE: 8pt; FONT-WEIGHT: bold; Color:#012540;'><b>Average AUM Excluding Fund of Funds</b></td> <td style='FONT-FAMILY: Verdana,Arial,San-serif; FONT-SIZE: 8pt; Color:#012540;'> Indiabulls Arbitrage Fund - Regular Plan - Half Yearly Dividend Option </td></tr><tr> <td style='background-color:#CADDEC;FONT-FAMILY: Verdana,Arial,San-serif; FONT-SIZE: 8pt; FONT-WEIGHT: bold; Color:#012540;'><b>Average AUM Fund of Funds </b></td> <td style='FONT-FAMILY: Verdana,Arial,San-serif; FONT-SIZE: 8pt; Color:#012540;'> 0.02 </td></tr></table> ]]></description></item><item><pubDate>Mon, 17 Apr 2017 17:43:30</pubDate><title>140802</title><link>http://portal.amfiindia.com/AUMReport_Rpt_Po.aspx?rpt=swise&amp;dtAUM=01-Jan-2017&amp;mf=63</link><description><![CDATA[ <table border="0" cellspacing="4" cellpadding="2"> <tr> <td style='background-color:#CADDEC;FONT-FAMILY: Verdana,Arial,San-serif; FONT-SIZE: 8pt; FONT-WEIGHT: bold; Color:#012540;'><b>AUM Month </b></td> <td style='FONT-FAMILY: Verdana,Arial,San-serif; FONT-SIZE: 8pt; Color:#012540;'> Jan-2017 </td></tr><tr> <td style='background-color:#CADDEC;FONT-FAMILY: Verdana,Arial,San-serif; FONT-SIZE: 8pt; FONT-WEIGHT: bold; Color:#012540;'><b>Average AUM Excluding Fund of Funds</b></td> <td style='FONT-FAMILY: Verdana,Arial,San-serif; FONT-SIZE: 8pt; Color:#012540;'> Indiabulls Arbitrage Fund - Regular Plan - Monthly Dividend Option </td></tr><tr> <td style='background-color:#CADDEC;FONT-FAMILY: Verdana,Arial,San-serif; FONT-SIZE: 8pt; FONT-WEIGHT: bold; Color:#012540;'><b>Average AUM Fund of Funds </b></td> <td style='FONT-FAMILY: Verdana,Arial,San-serif; FONT-SIZE: 8pt; Color:#012540;'> 10357.51 </td></tr></table> ]]></description></item><item><pubDate>Mon, 17 Apr 2017 17:43:30</pubDate><title>140804</title><link>http://portal.amfiindia.com/AUMReport_Rpt_Po.aspx?rpt=swise&amp;dtAUM=01-Jan-2017&amp;mf=63</link><description><![CDATA[ <table border="0" cellspacing="4" cellpadding="2"> <tr> <td style='background-color:#CADDEC;FONT-FAMILY: Verdana,Arial,San-serif; FONT-SIZE: 8pt; FONT-WEIGHT: bold; Color:#012540;'><b>AUM Month </b></td> <td style='FONT-FAMILY: Verdana,Arial,San-serif; FONT-SIZE: 8pt; Color:#012540;'> Jan-2017 </td></tr><tr> <td style='background-color:#CADDEC;FONT-FAMILY: Verdana,Arial,San-serif; FONT-SIZE: 8pt; FONT-WEIGHT: bold; Color:#012540;'><b>Average AUM Excluding Fund of Funds</b></td> <td style='FONT-FAMILY: Verdana,Arial,San-serif; FONT-SIZE: 8pt; Color:#012540;'> Indiabulls Arbitrage Fund - Regular Plan - Quarterly Dividend Option </td></tr><tr> <td style='background-color:#CADDEC;FONT-FAMILY: Verdana,Arial,San-serif; FONT-SIZE: 8pt; FONT-WEIGHT: bold; Color:#012540;'><b>Average AUM Fund of Funds </b></td> <td style='FONT-FAMILY: Verdana,Arial,San-serif; FONT-SIZE: 8pt; Color:#012540;'> 0.02 </td></tr></table> ]]></description></item><item><pubDate>Mon, 17 Apr 2017 17:43:30</pubDate><title>140808</title><link>http://portal.amfiindia.com/AUMReport_Rpt_Po.aspx?rpt=swise&amp;dtAUM=01-Jan-2017&amp;mf=63</link><description><![CDATA[ <table border="0" cellspacing="4" cellpadding="2"> <tr> <td style='background-color:#CADDEC;FONT-FAMILY: Verdana,Arial,San-serif; FONT-SIZE: 8pt; FONT-WEIGHT: bold; Color:#012540;'><b>AUM Month </b></td> <td style='FONT-FAMILY: Verdana,Arial,San-serif; FONT-SIZE: 8pt; Color:#012540;'> Jan-2017 </td></tr><tr> <td style='background-color:#CADDEC;FONT-FAMILY: Verdana,Arial,San-serif; FONT-SIZE: 8pt; FONT-WEIGHT: bold; Color:#012540;'><b>Average AUM Excluding Fund of Funds</b></td> <td style='FONT-FAMILY: Verdana,Arial,San-serif; FONT-SIZE: 8pt; Color:#012540;'> Indiabulls Arbitrage Fund - Regular Plan - Yearly Dividend Option </td></tr><tr> <td style='background-color:#CADDEC;FONT-FAMILY: Verdana,Arial,San-serif; FONT-SIZE: 8pt; FONT-WEIGHT: bold; Color:#012540;'><b>Average AUM Fund of Funds </b></td> <td style='FONT-FAMILY: Verdana,Arial,San-serif; FONT-SIZE: 8pt; Color:#012540;'> 0.02 </td></tr></table> ]]></description></item><item><pubDate>Mon, 17 Apr 2017 17:43:30</pubDate><title>119134</title><link>http://portal.amfiindia.com/AUMReport_Rpt_Po.aspx?rpt=swise&amp;dtAUM=01-Jan-2017&amp;mf=63</link><description><![CDATA[ <table border="0" cellspacing="4" cellpadding="2"> <tr> <td style='background-color:#CADDEC;FONT-FAMILY: Verdana,Arial,San-serif; FONT-SIZE: 8pt; FONT-WEIGHT: bold; Color:#012540;'><b>AUM Month </b></td> <td style='FONT-FAMILY: Verdana,Arial,San-serif; FONT-SIZE: 8pt; Color:#012540;'> Jan-2017 </td></tr><tr> <td style='background-color:#CADDEC;FONT-FAMILY: Verdana,Arial,San-serif; FONT-SIZE: 8pt; FONT-WEIGHT: bold; Color:#012540;'><b>Average AUM Excluding Fund of Funds</b></td> <td style='FONT-FAMILY: Verdana,Arial,San-serif; FONT-SIZE: 8pt; Color:#012540;'> Indiabulls Blue Chip Fund - Direct Plan - Dividend Option </td></tr><tr> <td style='background-color:#CADDEC;FONT-FAMILY: Verdana,Arial,San-serif; FONT-SIZE: 8pt; FONT-WEIGHT: bold; Color:#012540;'><b>Average AUM Fund of Funds </b></td> <td style='FONT-FAMILY: Verdana,Arial,San-serif; FONT-SIZE: 8pt; Color:#012540;'> 28.92 </td></tr></table> ]]></description></item><item><pubDate>Mon, 17 Apr 2017 17:43:30</pubDate><title>119133</title><link>http://portal.amfiindia.com/AUMReport_Rpt_Po.aspx?rpt=swise&amp;dtAUM=01-Jan-2017&amp;mf=63</link><description><![CDATA[ <table border="0" cellspacing="4" cellpadding="2"> <tr> <td style='background-color:#CADDEC;FONT-FAMILY: Verdana,Arial,San-serif; FONT-SIZE: 8pt; FONT-WEIGHT: bold; Color:#012540;'><b>AUM Month </b></td> <td style='FONT-FAMILY: Verdana,Arial,San-serif; FONT-SIZE: 8pt; Color:#012540;'> Jan-2017 </td></tr><tr> <td style='background-color:#CADDEC;FONT-FAMILY: Verdana,Arial,San-serif; FONT-SIZE: 8pt; FONT-WEIGHT: bold; Color:#012540;'><b>Average AUM Excluding Fund of Funds</b></td> <td style='FONT-FAMILY: Verdana,Arial,San-serif; FONT-SIZE: 8pt; Color:#012540;'> Indiabulls Blue Chip Fund - Direct Plan - Growth Option </td></tr><tr> <td style='background-color:#CADDEC;FONT-FAMILY: Verdana,Arial,San-serif; FONT-SIZE: 8pt; FONT-WEIGHT: bold; Color:#012540;'><b>Average AUM Fund of Funds </b></td> <td style='FONT-FAMILY: Verdana,Arial,San-serif; FONT-SIZE: 8pt; Color:#012540;'> 274.04 </td></tr></table> ]]></description></item><item><pubDate>Mon, 17 Apr 2017 17:43:30</pubDate><title>140814</title><link>http://portal.amfiindia.com/AUMReport_Rpt_Po.aspx?rpt=swise&amp;dtAUM=01-Jan-2017&amp;mf=63</link><description><![CDATA[ <table border="0" cellspacing="4" cellpadding="2"> <tr> <td style='background-color:#CADDEC;FONT-FAMILY: Verdana,Arial,San-serif; FONT-SIZE: 8pt; FONT-WEIGHT: bold; Color:#012540;'><b>AUM Month </b></td> <td style='FONT-FAMILY: Verdana,Arial,San-serif; FONT-SIZE: 8pt; Color:#012540;'> Jan-2017 </td></tr><tr> <td style='background-color:#CADDEC;FONT-FAMILY: Verdana,Arial,San-serif; FONT-SIZE: 8pt; FONT-WEIGHT: bold; Color:#012540;'><b>Average AUM Excluding Fund of Funds</b></td> <td style='FONT-FAMILY: Verdana,Arial,San-serif; FONT-SIZE: 8pt; Color:#012540;'> Indiabulls Blue Chip Fund - Direct Plan - Half Yearly Dividend Option </td></tr><tr> <td style='background-color:#CADDEC;FONT-FAMILY: Verdana,Arial,San-serif; FONT-SIZE: 8pt; FONT-WEIGHT: bold; Color:#012540;'><b>Average AUM Fund of Funds </b></td> <td style='FONT-FAMILY: Verdana,Arial,San-serif; FONT-SIZE: 8pt; Color:#012540;'> 0.02 </td></tr></table> ]]></description></item><item><pubDate>Mon, 17 Apr 2017 17:43:30</pubDate><title>140809</title><link>http://portal.amfiindia.com/AUMReport_Rpt_Po.aspx?rpt=swise&amp;dtAUM=01-Jan-2017&amp;mf=63</link><description><![CDATA[ <table border="0" cellspacing="4" cellpadding="2"> <tr> <td style='background-color:#CADDEC;FONT-FAMILY: Verdana,Arial,San-serif; FONT-SIZE: 8pt; FONT-WEIGHT: bold; Color:#012540;'><b>AUM Month </b></td> <td style='FONT-FAMILY: Verdana,Arial,San-serif; FONT-SIZE: 8pt; Color:#012540;'> Jan-2017 </td></tr><tr> <td style='background-color:#CADDEC;FONT-FAMILY: Verdana,Arial,San-serif; FONT-SIZE: 8pt; FONT-WEIGHT: bold; Color:#012540;'><b>Average AUM Excluding Fund of Funds</b></td> <td style='FONT-FAMILY: Verdana,Arial,San-serif; FONT-SIZE: 8pt; Color:#012540;'> Indiabulls Blue Chip Fund - Direct Plan - Monthly Dividend Option </td></tr><tr> <td style='background-color:#CADDEC;FONT-FAMILY: Verdana,Arial,San-serif; FONT-SIZE: 8pt; FONT-WEIGHT: bold; Color:#012540;'><b>Average AUM Fund of Funds </b></td> <td style='FONT-FAMILY: Verdana,Arial,San-serif; FONT-SIZE: 8pt; Color:#012540;'> 0.31 </td></tr></table> ]]></description></item><item><pubDate>Mon, 17 Apr 2017 17:43:30</pubDate><title>140811</title><link>http://portal.amfiindia.com/AUMReport_Rpt_Po.aspx?rpt=swise&amp;dtAUM=01-Jan-2017&amp;mf=63</link><description><![CDATA[ <table border="0" cellspacing="4" cellpadding="2"> <tr> <td style='background-color:#CADDEC;FONT-FAMILY: Verdana,Arial,San-serif; FONT-SIZE: 8pt; FONT-WEIGHT: bold; Color:#012540;'><b>AUM Month </b></td> <td style='FONT-FAMILY: Verdana,Arial,San-serif; FONT-SIZE: 8pt; Color:#012540;'> Jan-2017 </td></tr><tr> <td style='background-color:#CADDEC;FONT-FAMILY: Verdana,Arial,San-serif; FONT-SIZE: 8pt; FONT-WEIGHT: bold; Color:#012540;'><b>Average AUM Excluding Fund of Funds</b></td> <td style='FONT-FAMILY: Verdana,Arial,San-serif; FONT-SIZE: 8pt; Color:#012540;'> Indiabulls Blue Chip Fund - Direct Plan - Quarterly Dividend Option </td></tr><tr> <td style='background-color:#CADDEC;FONT-FAMILY: Verdana,Arial,San-serif; FONT-SIZE: 8pt; FONT-WEIGHT: bold; Color:#012540;'><b>Average AUM Fund of Funds </b></td> <td style='FONT-FAMILY: Verdana,Arial,San-serif; FONT-SIZE: 8pt; Color:#012540;'> 0.31 </td></tr></table> ]]></description></item><item><pubDate>Mon, 17 Apr 2017 17:43:30</pubDate><title>116548</title><link>http://portal.amfiindia.com/AUMReport_Rpt_Po.aspx?rpt=swise&amp;dtAUM=01-Jan-2017&amp;mf=63</link><description><![CDATA[ <table border="0" cellspacing="4" cellpadding="2"> <tr> <td style='background-color:#CADDEC;FONT-FAMILY: Verdana,Arial,San-serif; FONT-SIZE: 8pt; FONT-WEIGHT: bold; Color:#012540;'><b>AUM Month </b></td> <td style='FONT-FAMILY: Verdana,Arial,San-serif; FONT-SIZE: 8pt; Color:#012540;'> Jan-2017 </td></tr><tr> <td style='background-color:#CADDEC;FONT-FAMILY: Verdana,Arial,San-serif; FONT-SIZE: 8pt; FONT-WEIGHT: bold; Color:#012540;'><b>Average AUM Excluding Fund of Funds</b></td> <td style='FONT-FAMILY: Verdana,Arial,San-serif; FONT-SIZE: 8pt; Color:#012540;'> Indiabulls Blue Chip Fund - Dividend Option </td></tr><tr> <td style='background-color:#CADDEC;FONT-FAMILY: Verdana,Arial,San-serif; FONT-SIZE: 8pt; FONT-WEIGHT: bold; Color:#012540;'><b>Average AUM Fund of Funds </b></td> <td style='FONT-FAMILY: Verdana,Arial,San-serif; FONT-SIZE: 8pt; Color:#012540;'> 1154.60 </td></tr></table> ]]></description></item><item><pubDate>Mon, 17 Apr 2017 17:43:30</pubDate><title>116547</title><link>http://portal.amfiindia.com/AUMReport_Rpt_Po.aspx?rpt=swise&amp;dtAUM=01-Jan-2017&amp;mf=63</link><description><![CDATA[ <table border="0" cellspacing="4" cellpadding="2"> <tr> <td style='background-color:#CADDEC;FONT-FAMILY: Verdana,Arial,San-serif; FONT-SIZE: 8pt; FONT-WEIGHT: bold; Color:#012540;'><b>AUM Month </b></td> <td style='FONT-FAMILY: Verdana,Arial,San-serif; FONT-SIZE: 8pt; Color:#012540;'> Jan-2017 </td></tr><tr> <td style='background-color:#CADDEC;FONT-FAMILY: Verdana,Arial,San-serif; FONT-SIZE: 8pt; FONT-WEIGHT: bold; Color:#012540;'><b>Average AUM Excluding Fund of Funds</b></td> <td style='FONT-FAMILY: Verdana,Arial,San-serif; FONT-SIZE: 8pt; Color:#012540;'> Indiabulls Blue Chip Fund - Growth Option </td></tr><tr> <td style='background-color:#CADDEC;FONT-FAMILY: Verdana,Arial,San-serif; FONT-SIZE: 8pt; FONT-WEIGHT: bold; Color:#012540;'><b>Average AUM Fund of Funds </b></td> <td style='FONT-FAMILY: Verdana,Arial,San-serif; FONT-SIZE: 8pt; Color:#012540;'> 2134.44 </td></tr></table> ]]></description></item><item><pubDate>Mon, 17 Apr 2017 17:43:30</pubDate><title>140813</title><link>http://portal.amfiindia.com/AUMReport_Rpt_Po.aspx?rpt=swise&amp;dtAUM=01-Jan-2017&amp;mf=63</link><description><![CDATA[ <table border="0" cellspacing="4" cellpadding="2"> <tr> <td style='background-color:#CADDEC;FONT-FAMILY: Verdana,Arial,San-serif; FONT-SIZE: 8pt; FONT-WEIGHT: bold; Color:#012540;'><b>AUM Month </b></td> <td style='FONT-FAMILY: Verdana,Arial,San-serif; FONT-SIZE: 8pt; Color:#012540;'> Jan-2017 </td></tr><tr> <td style='background-color:#CADDEC;FONT-FAMILY: Verdana,Arial,San-serif; FONT-SIZE: 8pt; FONT-WEIGHT: bold; Color:#012540;'><b>Average AUM Excluding Fund of Funds</b></td> <td style='FONT-FAMILY: Verdana,Arial,San-serif; FONT-SIZE: 8pt; Color:#012540;'> Indiabulls Blue Chip Fund - Regular Plan - Half Yearly Dividend Option </td></tr><tr> <td style='background-color:#CADDEC;FONT-FAMILY: Verdana,Arial,San-serif; FONT-SIZE: 8pt; FONT-WEIGHT: bold; Color:#012540;'><b>Average AUM Fund of Funds </b></td> <td style='FONT-FAMILY: Verdana,Arial,San-serif; FONT-SIZE: 8pt; Color:#012540;'> 0.02 </td></tr></table> ]]></description></item><item><pubDate>Mon, 17 Apr 2017 17:43:30</pubDate><title>140810</title><link>http://portal.amfiindia.com/AUMReport_Rpt_Po.aspx?rpt=swise&amp;dtAUM=01-Jan-2017&amp;mf=63</link><description><![CDATA[ <table border="0" cellspacing="4" cellpadding="2"> <tr> <td style='background-color:#CADDEC;FONT-FAMILY: Verdana,Arial,San-serif; FONT-SIZE: 8pt; FONT-WEIGHT: bold; Color:#012540;'><b>AUM Month </b></td> <td style='FONT-FAMILY: Verdana,Arial,San-serif; FONT-SIZE: 8pt; Color:#012540;'> Jan-2017 </td></tr><tr> <td style='background-color:#CADDEC;FONT-FAMILY: Verdana,Arial,San-serif; FONT-SIZE: 8pt; FONT-WEIGHT: bold; Color:#012540;'><b>Average AUM Excluding Fund of Funds</b></td> <td style='FONT-FAMILY: Verdana,Arial,San-serif; FONT-SIZE: 8pt; Color:#012540;'> Indiabulls Blue Chip Fund - Regular Plan - Monthly Dividend option </td></tr><tr> <td style='background-color:#CADDEC;FONT-FAMILY: Verdana,Arial,San-serif; FONT-SIZE: 8pt; FONT-WEIGHT: bold; Color:#012540;'><b>Average AUM Fund of Funds </b></td> <td style='FONT-FAMILY: Verdana,Arial,San-serif; FONT-SIZE: 8pt; Color:#012540;'> 0.03 </td></tr></table> ]]></description></item><item><pubDate>Mon, 17 Apr 2017 17:43:30</pubDate><title>118427</title><link>http://portal.amfiindia.com/AUMReport_Rpt_Po.aspx?rpt=swise&amp;dtAUM=01-Jan-2017&amp;mf=63</link><description><![CDATA[ <table border="0" cellspacing="4" cellpadding="2"> <tr> <td style='background-color:#CADDEC;FONT-FAMILY: Verdana,Arial,San-serif; FONT-SIZE: 8pt; FONT-WEIGHT: bold; Color:#012540;'><b>AUM Month </b></td> <td style='FONT-FAMILY: Verdana,Arial,San-serif; FONT-SIZE: 8pt; Color:#012540;'> Jan-2017 </td></tr><tr> <td style='background-color:#CADDEC;FONT-FAMILY: Verdana,Arial,San-serif; FONT-SIZE: 8pt; FONT-WEIGHT: bold; Color:#012540;'><b>Average AUM Excluding Fund of Funds</b></td> <td style='FONT-FAMILY: Verdana,Arial,San-serif; FONT-SIZE: 8pt; Color:#012540;'> Indiabulls Gilt Fund - Direct Plan -  Growth Option </td></tr><tr> <td style='background-color:#CADDEC;FONT-FAMILY: Verdana,Arial,San-serif; FONT-SIZE: 8pt; FONT-WEIGHT: bold; Color:#012540;'><b>Average AUM Fund of Funds </b></td> <td style='FONT-FAMILY: Verdana,Arial,San-serif; FONT-SIZE: 8pt; Color:#012540;'> 2010.77 </td></tr></table> ]]></description></item><item><pubDate>Mon, 17 Apr 2017 17:43:30</pubDate><title>118817</title><link>http://portal.amfiindia.com/AUMReport_Rpt_Po.aspx?rpt=swise&amp;dtAUM=01-Jan-2017&amp;mf=63</link><description><![CDATA[ <table border="0" cellspacing="4" cellpadding="2"> <tr> <td style='background-color:#CADDEC;FONT-FAMILY: Verdana,Arial,San-serif; FONT-SIZE: 8pt; FONT-WEIGHT: bold; Color:#012540;'><b>AUM Month </b></td> <td style='FONT-FAMILY: Verdana,Arial,San-serif; FONT-SIZE: 8pt; Color:#012540;'> Jan-2017 </td></tr><tr> <td style='background-color:#CADDEC;FONT-FAMILY: Verdana,Arial,San-serif; FONT-SIZE: 8pt; FONT-WEIGHT: bold; Color:#012540;'><b>Average AUM Excluding Fund of Funds</b></td> <td style='FONT-FAMILY: Verdana,Arial,San-serif; FONT-SIZE: 8pt; Color:#012540;'> Indiabulls Gilt Fund - Direct Plan - Fortnightly Dividend Option </td></tr><tr> <td style='background-color:#CADDEC;FONT-FAMILY: Verdana,Arial,San-serif; FONT-SIZE: 8pt; FONT-WEIGHT: bold; Color:#012540;'><b>Average AUM Fund of Funds </b></td> <td style='FONT-FAMILY: Verdana,Arial,San-serif; FONT-SIZE: 8pt; Color:#012540;'> 0.01 </td></tr></table> ]]></description></item><item><pubDate>Mon, 17 Apr 2017 17:43:30</pubDate><title>118818</title><link>http://portal.amfiindia.com/AUMReport_Rpt_Po.aspx?rpt=swise&amp;dtAUM=01-Jan-2017&amp;mf=63</link><description><![CDATA[ <table border="0" cellspacing="4" cellpadding="2"> <tr> <td style='background-color:#CADDEC;FONT-FAMILY: Verdana,Arial,San-serif; FONT-SIZE: 8pt; FONT-WEIGHT: bold; Color:#012540;'><b>AUM Month </b></td> <td style='FONT-FAMILY: Verdana,Arial,San-serif; FONT-SIZE: 8pt; Color:#012540;'> Jan-2017 </td></tr><tr> <td style='background-color:#CADDEC;FONT-FAMILY: Verdana,Arial,San-serif; FONT-SIZE: 8pt; FONT-WEIGHT: bold; Color:#012540;'><b>Average AUM Excluding Fund of Funds</b></td> <td style='FONT-FAMILY: Verdana,Arial,San-serif; FONT-SIZE: 8pt; Color:#012540;'> Indiabulls Gilt Fund - Direct Plan - Monthly Dividend Option </td></tr><tr> <td style='background-color:#CADDEC;FONT-FAMILY: Verdana,Arial,San-serif; FONT-SIZE: 8pt; FONT-WEIGHT: bold; Color:#012540;'><b>Average AUM Fund of Funds </b></td> <td style='FONT-FAMILY: Verdana,Arial,San-serif; FONT-SIZE: 8pt; Color:#012540;'> 0.04 </td></tr></table> ]]></description></item><item><pubDate>Mon, 17 Apr 2017 17:43:30</pubDate><title>118822</title><link>http://portal.amfiindia.com/AUMReport_Rpt_Po.aspx?rpt=swise&amp;dtAUM=01-Jan-2017&amp;mf=63</link><description><![CDATA[ <table border="0" cellspacing="4" cellpadding="2"> <tr> <td style='background-color:#CADDEC;FONT-FAMILY: Verdana,Arial,San-serif; FONT-SIZE: 8pt; FONT-WEIGHT: bold; Color:#012540;'><b>AUM Month </b></td> <td style='FONT-FAMILY: Verdana,Arial,San-serif; FONT-SIZE: 8pt; Color:#012540;'> Jan-2017 </td></tr><tr> <td style='background-color:#CADDEC;FONT-FAMILY: Verdana,Arial,San-serif; FONT-SIZE: 8pt; FONT-WEIGHT: bold; Color:#012540;'><b>Average AUM Excluding Fund of Funds</b></td> <td style='FONT-FAMILY: Verdana,Arial,San-serif; FONT-SIZE: 8pt; Color:#012540;'> Indiabulls Gilt Fund - Indirect Plan - Fortnightly Dividend Option </td></tr><tr> <td style='background-color:#CADDEC;FONT-FAMILY: Verdana,Arial,San-serif; FONT-SIZE: 8pt; FONT-WEIGHT: bold; Color:#012540;'><b>Average AUM Fund of Funds </b></td> <td style='FONT-FAMILY: Verdana,Arial,San-serif; FONT-SIZE: 8pt; Color:#012540;'> 1.99 </td></tr></table> ]]></description></item><item><pubDate>Mon, 17 Apr 2017 17:43:30</pubDate><title>118820</title><link>http://portal.amfiindia.com/AUMReport_Rpt_Po.aspx?rpt=swise&amp;dtAUM=01-Jan-2017&amp;mf=63</link><description><![CDATA[ <table border="0" cellspacing="4" cellpadding="2"> <tr> <td style='background-color:#CADDEC;FONT-FAMILY: Verdana,Arial,San-serif; FONT-SIZE: 8pt; FONT-WEIGHT: bold; Color:#012540;'><b>AUM Month </b></td> <td style='FONT-FAMILY: Verdana,Arial,San-serif; FONT-SIZE: 8pt; Color:#012540;'> Jan-2017 </td></tr><tr> <td style='background-color:#CADDEC;FONT-FAMILY: Verdana,Arial,San-serif; FONT-SIZE: 8pt; FONT-WEIGHT: bold; Color:#012540;'><b>Average AUM Excluding Fund of Funds</b></td> <td style='FONT-FAMILY: Verdana,Arial,San-serif; FONT-SIZE: 8pt; Color:#012540;'> Indiabulls Gilt Fund - Indirect Plan - Growth Option </td></tr><tr> <td style='background-color:#CADDEC;FONT-FAMILY: Verdana,Arial,San-serif; FONT-SIZE: 8pt; FONT-WEIGHT: bold; Color:#012540;'><b>Average AUM Fund of Funds </b></td> <td style='FONT-FAMILY: Verdana,Arial,San-serif; FONT-SIZE: 8pt; Color:#012540;'> 418.00 </td></tr></table> ]]></description></item><item><pubDate>Mon, 17 Apr 2017 17:43:30</pubDate><title>118823</title><link>http://portal.amfiindia.com/AUMReport_Rpt_Po.aspx?rpt=swise&amp;dtAUM=01-Jan-2017&amp;mf=63</link><description><![CDATA[ <table border="0" cellspacing="4" cellpadding="2"> <tr> <td style='background-color:#CADDEC;FONT-FAMILY: Verdana,Arial,San-serif; FONT-SIZE: 8pt; FONT-WEIGHT: bold; Color:#012540;'><b>AUM Month </b></td> <td style='FONT-FAMILY: Verdana,Arial,San-serif; FONT-SIZE: 8pt; Color:#012540;'> Jan-2017 </td></tr><tr> <td style='background-color:#CADDEC;FONT-FAMILY: Verdana,Arial,San-serif; FONT-SIZE: 8pt; FONT-WEIGHT: bold; Color:#012540;'><b>Average AUM Excluding Fund of Funds</b></td> <td style='FONT-FAMILY: Verdana,Arial,San-serif; FONT-SIZE: 8pt; Color:#012540;'> Indiabulls Gilt Fund - Indirect Plan - Monthly Dividend Option </td></tr><tr> <td style='background-color:#CADDEC;FONT-FAMILY: Verdana,Arial,San-serif; FONT-SIZE: 8pt; FONT-WEIGHT: bold; Color:#012540;'><b>Average AUM Fund of Funds </b></td> <td style='FONT-FAMILY: Verdana,Arial,San-serif; FONT-SIZE: 8pt; Color:#012540;'> 1.27 </td></tr></table> ]]></description></item><item><pubDate>Mon, 17 Apr 2017 17:43:30</pubDate><title>118821</title><link>http://portal.amfiindia.com/AUMReport_Rpt_Po.aspx?rpt=swise&amp;dtAUM=01-Jan-2017&amp;mf=63</link><description><![CDATA[ <table border="0" cellspacing="4" cellpadding="2"> <tr> <td style='background-color:#CADDEC;FONT-FAMILY: Verdana,Arial,San-serif; FONT-SIZE: 8pt; FONT-WEIGHT: bold; Color:#012540;'><b>AUM Month </b></td> <td style='FONT-FAMILY: Verdana,Arial,San-serif; FONT-SIZE: 8pt; Color:#012540;'> Jan-2017 </td></tr><tr> <td style='background-color:#CADDEC;FONT-FAMILY: Verdana,Arial,San-serif; FONT-SIZE: 8pt; FONT-WEIGHT: bold; Color:#012540;'><b>Average AUM Excluding Fund of Funds</b></td> <td style='FONT-FAMILY: Verdana,Arial,San-serif; FONT-SIZE: 8pt; Color:#012540;'> Indiabulls Gilt Fund - Indirect Plan - Weekly Dividend Option </td></tr><tr> <td style='background-color:#CADDEC;FONT-FAMILY: Verdana,Arial,San-serif; FONT-SIZE: 8pt; FONT-WEIGHT: bold; Color:#012540;'><b>Average AUM Fund of Funds </b></td> <td style='FONT-FAMILY: Verdana,Arial,San-serif; FONT-SIZE: 8pt; Color:#012540;'> 0.05 </td></tr></table> ]]></description></item><item><pubDate>Mon, 17 Apr 2017 17:43:30</pubDate><title>121153</title><link>http://portal.amfiindia.com/AUMReport_Rpt_Po.aspx?rpt=swise&amp;dtAUM=01-Jan-2017&amp;mf=63</link><description><![CDATA[ <table border="0" cellspacing="4" cellpadding="2"> <tr> <td style='background-color:#CADDEC;FONT-FAMILY: Verdana,Arial,San-serif; FONT-SIZE: 8pt; FONT-WEIGHT: bold; Color:#012540;'><b>AUM Month </b></td> <td style='FONT-FAMILY: Verdana,Arial,San-serif; FONT-SIZE: 8pt; Color:#012540;'> Jan-2017 </td></tr><tr> <td style='background-color:#CADDEC;FONT-FAMILY: Verdana,Arial,San-serif; FONT-SIZE: 8pt; FONT-WEIGHT: bold; Color:#012540;'><b>Average AUM Excluding Fund of Funds</b></td> <td style='FONT-FAMILY: Verdana,Arial,San-serif; FONT-SIZE: 8pt; Color:#012540;'> Indiabulls Income Fund - Direct Plan - Growth Option </td></tr><tr> <td style='background-color:#CADDEC;FONT-FAMILY: Verdana,Arial,San-serif; FONT-SIZE: 8pt; FONT-WEIGHT: bold; Color:#012540;'><b>Average AUM Fund of Funds </b></td> <td style='FONT-FAMILY: Verdana,Arial,San-serif; FONT-SIZE: 8pt; Color:#012540;'> 16488.47 </td></tr></table> ]]></description></item><item><pubDate>Mon, 17 Apr 2017 17:43:30</pubDate><title>121156</title><link>http://portal.amfiindia.com/AUMReport_Rpt_Po.aspx?rpt=swise&amp;dtAUM=01-Jan-2017&amp;mf=63</link><description><![CDATA[ <table border="0" cellspacing="4" cellpadding="2"> <tr> <td style='background-color:#CADDEC;FONT-FAMILY: Verdana,Arial,San-serif; FONT-SIZE: 8pt; FONT-WEIGHT: bold; Color:#012540;'><b>AUM Month </b></td> <td style='FONT-FAMILY: Verdana,Arial,San-serif; FONT-SIZE: 8pt; Color:#012540;'> Jan-2017 </td></tr><tr> <td style='background-color:#CADDEC;FONT-FAMILY: Verdana,Arial,San-serif; FONT-SIZE: 8pt; FONT-WEIGHT: bold; Color:#012540;'><b>Average AUM Excluding Fund of Funds</b></td> <td style='FONT-FAMILY: Verdana,Arial,San-serif; FONT-SIZE: 8pt; Color:#012540;'> Indiabulls Income Fund - Direct Plan - Half Yearly Dividend Option </td></tr><tr> <td style='background-color:#CADDEC;FONT-FAMILY: Verdana,Arial,San-serif; FONT-SIZE: 8pt; FONT-WEIGHT: bold; Color:#012540;'><b>Average AUM Fund of Funds </b></td> <td style='FONT-FAMILY: Verdana,Arial,San-serif; FONT-SIZE: 8pt; Color:#012540;'> 1.61 </td></tr></table> ]]></description></item><item><pubDate>Mon, 17 Apr 2017 17:43:30</pubDate><title>121154</title><link>http://portal.amfiindia.com/AUMReport_Rpt_Po.aspx?rpt=swise&amp;dtAUM=01-Jan-2017&amp;mf=63</link><description><![CDATA[ <table border="0" cellspacing="4" cellpadding="2"> <tr> <td style='background-color:#CADDEC;FONT-FAMILY: Verdana,Arial,San-serif; FONT-SIZE: 8pt; FONT-WEIGHT: bold; Color:#012540;'><b>AUM Month </b></td> <td style='FONT-FAMILY: Verdana,Arial,San-serif; FONT-SIZE: 8pt; Color:#012540;'> Jan-2017 </td></tr><tr> <td style='background-color:#CADDEC;FONT-FAMILY: Verdana,Arial,San-serif; FONT-SIZE: 8pt; FONT-WEIGHT: bold; Color:#012540;'><b>Average AUM Excluding Fund of Funds</b></td> <td style='FONT-FAMILY: Verdana,Arial,San-serif; FONT-SIZE: 8pt; Color:#012540;'> Indiabulls Income Fund - Direct Plan - Monthly Dividend Option </td></tr><tr> <td style='background-color:#CADDEC;FONT-FAMILY: Verdana,Arial,San-serif; FONT-SIZE: 8pt; FONT-WEIGHT: bold; Color:#012540;'><b>Average AUM Fund of Funds </b></td> <td style='FONT-FAMILY: Verdana,Arial,San-serif; FONT-SIZE: 8pt; Color:#012540;'> 859.85 </td></tr></table> ]]></description></item><item><pubDate>Mon, 17 Apr 2017 17:43:30</pubDate><title>121155</title><link>http://portal.amfiindia.com/AUMReport_Rpt_Po.aspx?rpt=swise&amp;dtAUM=01-Jan-2017&amp;mf=63</link><description><![CDATA[ <table border="0" cellspacing="4" cellpadding="2"> <tr> <td style='background-color:#CADDEC;FONT-FAMILY: Verdana,Arial,San-serif; FONT-SIZE: 8pt; FONT-WEIGHT: bold; Color:#012540;'><b>AUM Month </b></td> <td style='FONT-FAMILY: Verdana,Arial,San-serif; FONT-SIZE: 8pt; Color:#012540;'> Jan-2017 </td></tr><tr> <td style='background-color:#CADDEC;FONT-FAMILY: Verdana,Arial,San-serif; FONT-SIZE: 8pt; FONT-WEIGHT: bold; Color:#012540;'><b>Average AUM Excluding Fund of Funds</b></td> <td style='FONT-FAMILY: Verdana,Arial,San-serif; FONT-SIZE: 8pt; Color:#012540;'> Indiabulls Income Fund - Direct Plan - Quarterly Dividend Option </td></tr><tr> <td style='background-color:#CADDEC;FONT-FAMILY: Verdana,Arial,San-serif; FONT-SIZE: 8pt; FONT-WEIGHT: bold; Color:#012540;'><b>Average AUM Fund of Funds </b></td> <td style='FONT-FAMILY: Verdana,Arial,San-serif; FONT-SIZE: 8pt; Color:#012540;'> 20.06 </td></tr></table> ]]></description></item><item><pubDate>Mon, 17 Apr 2017 17:43:30</pubDate><title>121158</title><link>http://portal.amfiindia.com/AUMReport_Rpt_Po.aspx?rpt=swise&amp;dtAUM=01-Jan-2017&amp;mf=63</link><description><![CDATA[ <table border="0" cellspacing="4" cellpadding="2"> <tr> <td style='background-color:#CADDEC;FONT-FAMILY: Verdana,Arial,San-serif; FONT-SIZE: 8pt; FONT-WEIGHT: bold; Color:#012540;'><b>AUM Month </b></td> <td style='FONT-FAMILY: Verdana,Arial,San-serif; FONT-SIZE: 8pt; Color:#012540;'> Jan-2017 </td></tr><tr> <td style='background-color:#CADDEC;FONT-FAMILY: Verdana,Arial,San-serif; FONT-SIZE: 8pt; FONT-WEIGHT: bold; Color:#012540;'><b>Average AUM Excluding Fund of Funds</b></td> <td style='FONT-FAMILY: Verdana,Arial,San-serif; FONT-SIZE: 8pt; Color:#012540;'> Indiabulls Income Fund - Regular Plan - Growth Option </td></tr><tr> <td style='background-color:#CADDEC;FONT-FAMILY: Verdana,Arial,San-serif; FONT-SIZE: 8pt; FONT-WEIGHT: bold; Color:#012540;'><b>Average AUM Fund of Funds </b></td> <td style='FONT-FAMILY: Verdana,Arial,San-serif; FONT-SIZE: 8pt; Color:#012540;'> 225.55 </td></tr></table> ]]></description></item><item><pubDate>Mon, 17 Apr 2017 17:43:30</pubDate><title>121157</title><link>http://portal.amfiindia.com/AUMReport_Rpt_Po.aspx?rpt=swise&amp;dtAUM=01-Jan-2017&amp;mf=63</link><description><![CDATA[ <table border="0" cellspacing="4" cellpadding="2"> <tr> <td style='background-color:#CADDEC;FONT-FAMILY: Verdana,Arial,San-serif; FONT-SIZE: 8pt; FONT-WEIGHT: bold; Color:#012540;'><b>AUM Month </b></td> <td style='FONT-FAMILY: Verdana,Arial,San-serif; FONT-SIZE: 8pt; Color:#012540;'> Jan-2017 </td></tr><tr> <td style='background-color:#CADDEC;FONT-FAMILY: Verdana,Arial,San-serif; FONT-SIZE: 8pt; FONT-WEIGHT: bold; Color:#012540;'><b>Average AUM Excluding Fund of Funds</b></td> <td style='FONT-FAMILY: Verdana,Arial,San-serif; FONT-SIZE: 8pt; Color:#012540;'> Indiabulls Income Fund - Regular Plan - Half Yearly Dividend Option </td></tr><tr> <td style='background-color:#CADDEC;FONT-FAMILY: Verdana,Arial,San-serif; FONT-SIZE: 8pt; FONT-WEIGHT: bold; Color:#012540;'><b>Average AUM Fund of Funds </b></td> <td style='FONT-FAMILY: Verdana,Arial,San-serif; FONT-SIZE: 8pt; Color:#012540;'> 0.71 </td></tr></table> ]]></description></item><item><pubDate>Mon, 17 Apr 2017 17:43:30</pubDate><title>121159</title><link>http://portal.amfiindia.com/AUMReport_Rpt_Po.aspx?rpt=swise&amp;dtAUM=01-Jan-2017&amp;mf=63</link><description><![CDATA[ <table border="0" cellspacing="4" cellpadding="2"> <tr> <td style='background-color:#CADDEC;FONT-FAMILY: Verdana,Arial,San-serif; FONT-SIZE: 8pt; FONT-WEIGHT: bold; Color:#012540;'><b>AUM Month </b></td> <td style='FONT-FAMILY: Verdana,Arial,San-serif; FONT-SIZE: 8pt; Color:#012540;'> Jan-2017 </td></tr><tr> <td style='background-color:#CADDEC;FONT-FAMILY: Verdana,Arial,San-serif; FONT-SIZE: 8pt; FONT-WEIGHT: bold; Color:#012540;'><b>Average AUM Excluding Fund of Funds</b></td> <td style='FONT-FAMILY: Verdana,Arial,San-serif; FONT-SIZE: 8pt; Color:#012540;'> Indiabulls Income Fund - Regular Plan - Monthly Dividend Option </td></tr><tr> <td style='background-color:#CADDEC;FONT-FAMILY: Verdana,Arial,San-serif; FONT-SIZE: 8pt; FONT-WEIGHT: bold; Color:#012540;'><b>Average AUM Fund of Funds </b></td> <td style='FONT-FAMILY: Verdana,Arial,San-serif; FONT-SIZE: 8pt; Color:#012540;'> 1.17 </td></tr></table> ]]></description></item><item><pubDate>Mon, 17 Apr 2017 17:43:30</pubDate><title>121160</title><link>http://portal.amfiindia.com/AUMReport_Rpt_Po.aspx?rpt=swise&amp;dtAUM=01-Jan-2017&amp;mf=63</link><description><![CDATA[ <table border="0" cellspacing="4" cellpadding="2"> <tr> <td style='background-color:#CADDEC;FONT-FAMILY: Verdana,Arial,San-serif; FONT-SIZE: 8pt; FONT-WEIGHT: bold; Color:#012540;'><b>AUM Month </b></td> <td style='FONT-FAMILY: Verdana,Arial,San-serif; FONT-SIZE: 8pt; Color:#012540;'> Jan-2017 </td></tr><tr> <td style='background-color:#CADDEC;FONT-FAMILY: Verdana,Arial,San-serif; FONT-SIZE: 8pt; FONT-WEIGHT: bold; Color:#012540;'><b>Average AUM Excluding Fund of Funds</b></td> <td style='FONT-FAMILY: Verdana,Arial,San-serif; FONT-SIZE: 8pt; Color:#012540;'> Indiabulls Income Fund - Regular Plan - Quarterly Dividend Option </td></tr><tr> <td style='background-color:#CADDEC;FONT-FAMILY: Verdana,Arial,San-serif; FONT-SIZE: 8pt; FONT-WEIGHT: bold; Color:#012540;'><b>Average AUM Fund of Funds </b></td> <td style='FONT-FAMILY: Verdana,Arial,San-serif; FONT-SIZE: 8pt; Color:#012540;'> 1.45 </td></tr></table> ]]></description></item><item><pubDate>Mon, 17 Apr 2017 17:43:30</pubDate><title>115992</title><link>http://portal.amfiindia.com/AUMReport_Rpt_Po.aspx?rpt=swise&amp;dtAUM=01-Jan-2017&amp;mf=63</link><description><![CDATA[ <table border="0" cellspacing="4" cellpadding="2"> <tr> <td style='background-color:#CADDEC;FONT-FAMILY: Verdana,Arial,San-serif; FONT-SIZE: 8pt; FONT-WEIGHT: bold; Color:#012540;'><b>AUM Month </b></td> <td style='FONT-FAMILY: Verdana,Arial,San-serif; FONT-SIZE: 8pt; Color:#012540;'> Jan-2017 </td></tr><tr> <td style='background-color:#CADDEC;FONT-FAMILY: Verdana,Arial,San-serif; FONT-SIZE: 8pt; FONT-WEIGHT: bold; Color:#012540;'><b>Average AUM Excluding Fund of Funds</b></td> <td style='FONT-FAMILY: Verdana,Arial,San-serif; FONT-SIZE: 8pt; Color:#012540;'> Indiabulls Liquid Fund - Daily Dividend Option </td></tr><tr> <td style='background-color:#CADDEC;FONT-FAMILY: Verdana,Arial,San-serif; FONT-SIZE: 8pt; FONT-WEIGHT: bold; Color:#012540;'><b>Average AUM Fund of Funds </b></td> <td style='FONT-FAMILY: Verdana,Arial,San-serif; FONT-SIZE: 8pt; Color:#012540;'> 7043.38 </td></tr></table> ]]></description></item><item><pubDate>Mon, 17 Apr 2017 17:43:30</pubDate><title>119136</title><link>http://portal.amfiindia.com/AUMReport_Rpt_Po.aspx?rpt=swise&amp;dtAUM=01-Jan-2017&amp;mf=63</link><description><![CDATA[ <table border="0" cellspacing="4" cellpadding="2"> <tr> <td style='background-color:#CADDEC;FONT-FAMILY: Verdana,Arial,San-serif; FONT-SIZE: 8pt; FONT-WEIGHT: bold; Color:#012540;'><b>AUM Month </b></td> <td style='FONT-FAMILY: Verdana,Arial,San-serif; FONT-SIZE: 8pt; Color:#012540;'> Jan-2017 </td></tr><tr> <td style='background-color:#CADDEC;FONT-FAMILY: Verdana,Arial,San-serif; FONT-SIZE: 8pt; FONT-WEIGHT: bold; Color:#012540;'><b>Average AUM Excluding Fund of Funds</b></td> <td style='FONT-FAMILY: Verdana,Arial,San-serif; FONT-SIZE: 8pt; Color:#012540;'> Indiabulls Liquid Fund - Direct Plan - Daily Dividend Option </td></tr><tr> <td style='background-color:#CADDEC;FONT-FAMILY: Verdana,Arial,San-serif; FONT-SIZE: 8pt; FONT-WEIGHT: bold; Color:#012540;'><b>Average AUM Fund of Funds </b></td> <td style='FONT-FAMILY: Verdana,Arial,San-serif; FONT-SIZE: 8pt; Color:#012540;'> 26992.84 </td></tr></table> ]]></description></item><item><pubDate>Mon, 17 Apr 2017 17:43:30</pubDate><title>119138</title><link>http://portal.amfiindia.com/AUMReport_Rpt_Po.aspx?rpt=swise&amp;dtAUM=01-Jan-2017&amp;mf=63</link><description><![CDATA[ <table border="0" cellspacing="4" cellpadding="2"> <tr> <td style='background-color:#CADDEC;FONT-FAMILY: Verdana,Arial,San-serif; FONT-SIZE: 8pt; FONT-WEIGHT: bold; Color:#012540;'><b>AUM Month </b></td> <td style='FONT-FAMILY: Verdana,Arial,San-serif; FONT-SIZE: 8pt; Color:#012540;'> Jan-2017 </td></tr><tr> <td style='background-color:#CADDEC;FONT-FAMILY: Verdana,Arial,San-serif; FONT-SIZE: 8pt; FONT-WEIGHT: bold; Color:#012540;'><b>Average AUM Excluding Fund of Funds</b></td> <td style='FONT-FAMILY: Verdana,Arial,San-serif; FONT-SIZE: 8pt; Color:#012540;'> Indiabulls Liquid Fund - Direct Plan - Fortnightly Dividend Option </td></tr><tr> <td style='background-color:#CADDEC;FONT-FAMILY: Verdana,Arial,San-serif; FONT-SIZE: 8pt; FONT-WEIGHT: bold; Color:#012540;'><b>Average AUM Fund of Funds </b></td> <td style='FONT-FAMILY: Verdana,Arial,San-serif; FONT-SIZE: 8pt; Color:#012540;'> 0.15 </td></tr></table> ]]></description></item><item><pubDate>Mon, 17 Apr 2017 17:43:30</pubDate><title>119135</title><link>http://portal.amfiindia.com/AUMReport_Rpt_Po.aspx?rpt=swise&amp;dtAUM=01-Jan-2017&amp;mf=63</link><description><![CDATA[ <table border="0" cellspacing="4" cellpadding="2"> <tr> <td style='background-color:#CADDEC;FONT-FAMILY: Verdana,Arial,San-serif; FONT-SIZE: 8pt; FONT-WEIGHT: bold; Color:#012540;'><b>AUM Month </b></td> <td style='FONT-FAMILY: Verdana,Arial,San-serif; FONT-SIZE: 8pt; Color:#012540;'> Jan-2017 </td></tr><tr> <td style='background-color:#CADDEC;FONT-FAMILY: Verdana,Arial,San-serif; FONT-SIZE: 8pt; FONT-WEIGHT: bold; Color:#012540;'><b>Average AUM Excluding Fund of Funds</b></td> <td style='FONT-FAMILY: Verdana,Arial,San-serif; FONT-SIZE: 8pt; Color:#012540;'> Indiabulls Liquid Fund - Direct Plan - Growth Option </td></tr><tr> <td style='background-color:#CADDEC;FONT-FAMILY: Verdana,Arial,San-serif; FONT-SIZE: 8pt; FONT-WEIGHT: bold; Color:#012540;'><b>Average AUM Fund of Funds </b></td> <td style='FONT-FAMILY: Verdana,Arial,San-serif; FONT-SIZE: 8pt; Color:#012540;'> 563772.90 </td></tr></table> ]]></description></item><item><pubDate>Mon, 17 Apr 2017 17:43:30</pubDate><title>119139</title><link>http://portal.amfiindia.com/AUMReport_Rpt_Po.aspx?rpt=swise&amp;dtAUM=01-Jan-2017&amp;mf=63</link><description><![CDATA[ <table border="0" cellspacing="4" cellpadding="2"> <tr> <td style='background-color:#CADDEC;FONT-FAMILY: Verdana,Arial,San-serif; FONT-SIZE: 8pt; FONT-WEIGHT: bold; Color:#012540;'><b>AUM Month </b></td> <td style='FONT-FAMILY: Verdana,Arial,San-serif; FONT-SIZE: 8pt; Color:#012540;'> Jan-2017 </td></tr><tr> <td style='background-color:#CADDEC;FONT-FAMILY: Verdana,Arial,San-serif; FONT-SIZE: 8pt; FONT-WEIGHT: bold; Color:#012540;'><b>Average AUM Excluding Fund of Funds</b></td> <td style='FONT-FAMILY: Verdana,Arial,San-serif; FONT-SIZE: 8pt; Color:#012540;'> Indiabulls Liquid Fund - Direct Plan - Monthly Dividend Option </td></tr><tr> <td style='background-color:#CADDEC;FONT-FAMILY: Verdana,Arial,San-serif; FONT-SIZE: 8pt; FONT-WEIGHT: bold; Color:#012540;'><b>Average AUM Fund of Funds </b></td> <td style='FONT-FAMILY: Verdana,Arial,San-serif; FONT-SIZE: 8pt; Color:#012540;'> 69.65 </td></tr></table> ]]></description></item><item><pubDate>Mon, 17 Apr 2017 17:43:30</pubDate><title>119137</title><link>http://portal.amfiindia.com/AUMReport_Rpt_Po.aspx?rpt=swise&amp;dtAUM=01-Jan-2017&amp;mf=63</link><description><![CDATA[ <table border="0" cellspacing="4" cellpadding="2"> <tr> <td style='background-color:#CADDEC;FONT-FAMILY: Verdana,Arial,San-serif; FONT-SIZE: 8pt; FONT-WEIGHT: bold; Color:#012540;'><b>AUM Month </b></td> <td style='FONT-FAMILY: Verdana,Arial,San-serif; FONT-SIZE: 8pt; Color:#012540;'> Jan-2017 </td></tr><tr> <td style='background-color:#CADDEC;FONT-FAMILY: Verdana,Arial,San-serif; FONT-SIZE: 8pt; FONT-WEIGHT: bold; Color:#012540;'><b>Average AUM Excluding Fund of Funds</b></td> <td style='FONT-FAMILY: Verdana,Arial,San-serif; FONT-SIZE: 8pt; Color:#012540;'> Indiabulls Liquid Fund - Direct Plan - Weekly Dividend Option </td></tr><tr> <td style='background-color:#CADDEC;FONT-FAMILY: Verdana,Arial,San-serif; FONT-SIZE: 8pt; FONT-WEIGHT: bold; Color:#012540;'><b>Average AUM Fund of Funds </b></td> <td style='FONT-FAMILY: Verdana,Arial,San-serif; FONT-SIZE: 8pt; Color:#012540;'> 66.64 </td></tr></table> ]]></description></item><item><pubDate>Mon, 17 Apr 2017 17:43:30</pubDate><title>115994</title><link>http://portal.amfiindia.com/AUMReport_Rpt_Po.aspx?rpt=swise&amp;dtAUM=01-Jan-2017&amp;mf=63</link><description><![CDATA[ <table border="0" cellspacing="4" cellpadding="2"> <tr> <td style='background-color:#CADDEC;FONT-FAMILY: Verdana,Arial,San-serif; FONT-SIZE: 8pt; FONT-WEIGHT: bold; Color:#012540;'><b>AUM Month </b></td> <td style='FONT-FAMILY: Verdana,Arial,San-serif; FONT-SIZE: 8pt; Color:#012540;'> Jan-2017 </td></tr><tr> <td style='background-color:#CADDEC;FONT-FAMILY: Verdana,Arial,San-serif; FONT-SIZE: 8pt; FONT-WEIGHT: bold; Color:#012540;'><b>Average AUM Excluding Fund of Funds</b></td> <td style='FONT-FAMILY: Verdana,Arial,San-serif; FONT-SIZE: 8pt; Color:#012540;'> Indiabulls Liquid Fund - Fortnightly Dividend Option </td></tr><tr> <td style='background-color:#CADDEC;FONT-FAMILY: Verdana,Arial,San-serif; FONT-SIZE: 8pt; FONT-WEIGHT: bold; Color:#012540;'><b>Average AUM Fund of Funds </b></td> <td style='FONT-FAMILY: Verdana,Arial,San-serif; FONT-SIZE: 8pt; Color:#012540;'> 2.09 </td></tr></table> ]]></description></item><item><pubDate>Mon, 17 Apr 2017 17:43:30</pubDate><title>115991</title><link>http://portal.amfiindia.com/AUMReport_Rpt_Po.aspx?rpt=swise&amp;dtAUM=01-Jan-2017&amp;mf=63</link><description><![CDATA[ <table border="0" cellspacing="4" cellpadding="2"> <tr> <td style='background-color:#CADDEC;FONT-FAMILY: Verdana,Arial,San-serif; FONT-SIZE: 8pt; FONT-WEIGHT: bold; Color:#012540;'><b>AUM Month </b></td> <td style='FONT-FAMILY: Verdana,Arial,San-serif; FONT-SIZE: 8pt; Color:#012540;'> Jan-2017 </td></tr><tr> <td style='background-color:#CADDEC;FONT-FAMILY: Verdana,Arial,San-serif; FONT-SIZE: 8pt; FONT-WEIGHT: bold; Color:#012540;'><b>Average AUM Excluding Fund of Funds</b></td> <td style='FONT-FAMILY: Verdana,Arial,San-serif; FONT-SIZE: 8pt; Color:#012540;'> Indiabulls Liquid Fund - Growth Option </td></tr><tr> <td style='background-color:#CADDEC;FONT-FAMILY: Verdana,Arial,San-serif; FONT-SIZE: 8pt; FONT-WEIGHT: bold; Color:#012540;'><b>Average AUM Fund of Funds </b></td> <td style='FONT-FAMILY: Verdana,Arial,San-serif; FONT-SIZE: 8pt; Color:#012540;'> 58750.34 </td></tr></table> ]]></description></item><item><pubDate>Mon, 17 Apr 2017 17:43:30</pubDate><title>115995</title><link>http://portal.amfiindia.com/AUMReport_Rpt_Po.aspx?rpt=swise&amp;dtAUM=01-Jan-2017&amp;mf=63</link><description><![CDATA[ <table border="0" cellspacing="4" cellpadding="2"> <tr> <td style='background-color:#CADDEC;FONT-FAMILY: Verdana,Arial,San-serif; FONT-SIZE: 8pt; FONT-WEIGHT: bold; Color:#012540;'><b>AUM Month </b></td> <td style='FONT-FAMILY: Verdana,Arial,San-serif; FONT-SIZE: 8pt; Color:#012540;'> Jan-2017 </td></tr><tr> <td style='background-color:#CADDEC;FONT-FAMILY: Verdana,Arial,San-serif; FONT-SIZE: 8pt; FONT-WEIGHT: bold; Color:#012540;'><b>Average AUM Excluding Fund of Funds</b></td> <td style='FONT-FAMILY: Verdana,Arial,San-serif; FONT-SIZE: 8pt; Color:#012540;'> Indiabulls Liquid Fund - Monthly Dividend Option </td></tr><tr> <td style='background-color:#CADDEC;FONT-FAMILY: Verdana,Arial,San-serif; FONT-SIZE: 8pt; FONT-WEIGHT: bold; Color:#012540;'><b>Average AUM Fund of Funds </b></td> <td style='FONT-FAMILY: Verdana,Arial,San-serif; FONT-SIZE: 8pt; Color:#012540;'> 26.18 </td></tr></table> ]]></description></item><item><pubDate>Mon, 17 Apr 2017 17:43:30</pubDate><title>115993</title><link>http://portal.amfiindia.com/AUMReport_Rpt_Po.aspx?rpt=swise&amp;dtAUM=01-Jan-2017&amp;mf=63</link><description><![CDATA[ <table border="0" cellspacing="4" cellpadding="2"> <tr> <td style='background-color:#CADDEC;FONT-FAMILY: Verdana,Arial,San-serif; FONT-SIZE: 8pt; FONT-WEIGHT: bold; Color:#012540;'><b>AUM Month </b></td> <td style='FONT-FAMILY: Verdana,Arial,San-serif; FONT-SIZE: 8pt; Color:#012540;'> Jan-2017 </td></tr><tr> <td style='background-color:#CADDEC;FONT-FAMILY: Verdana,Arial,San-serif; FONT-SIZE: 8pt; FONT-WEIGHT: bold; Color:#012540;'><b>Average AUM Excluding Fund of Funds</b></td> <td style='FONT-FAMILY: Verdana,Arial,San-serif; FONT-SIZE: 8pt; Color:#012540;'> Indiabulls Liquid Fund - Weekly Dividend Option </td></tr><tr> <td style='background-color:#CADDEC;FONT-FAMILY: Verdana,Arial,San-serif; FONT-SIZE: 8pt; FONT-WEIGHT: bold; Color:#012540;'><b>Average AUM Fund of Funds </b></td> <td style='FONT-FAMILY: Verdana,Arial,San-serif; FONT-SIZE: 8pt; Color:#012540;'> 178.58 </td></tr></table> ]]></description></item><item><pubDate>Mon, 17 Apr 2017 17:43:30</pubDate><title>135690</title><link>http://portal.amfiindia.com/AUMReport_Rpt_Po.aspx?rpt=swise&amp;dtAUM=01-Jan-2017&amp;mf=63</link><description><![CDATA[ <table border="0" cellspacing="4" cellpadding="2"> <tr> <td style='background-color:#CADDEC;FONT-FAMILY: Verdana,Arial,San-serif; FONT-SIZE: 8pt; FONT-WEIGHT: bold; Color:#012540;'><b>AUM Month </b></td> <td style='FONT-FAMILY: Verdana,Arial,San-serif; FONT-SIZE: 8pt; Color:#012540;'> Jan-2017 </td></tr><tr> <td style='background-color:#CADDEC;FONT-FAMILY: Verdana,Arial,San-serif; FONT-SIZE: 8pt; FONT-WEIGHT: bold; Color:#012540;'><b>Average AUM Excluding Fund of Funds</b></td> <td style='FONT-FAMILY: Verdana,Arial,San-serif; FONT-SIZE: 8pt; Color:#012540;'> Indiabulls Monthly Income Plan-Direct Plan-Dividend Option </td></tr><tr> <td style='background-color:#CADDEC;FONT-FAMILY: Verdana,Arial,San-serif; FONT-SIZE: 8pt; FONT-WEIGHT: bold; Color:#012540;'><b>Average AUM Fund of Funds </b></td> <td style='FONT-FAMILY: Verdana,Arial,San-serif; FONT-SIZE: 8pt; Color:#012540;'> 1.90 </td></tr></table> ]]></description></item><item><pubDate>Mon, 17 Apr 2017 17:43:30</pubDate><title>135689</title><link>http://portal.amfiindia.com/AUMReport_Rpt_Po.aspx?rpt=swise&amp;dtAUM=01-Jan-2017&amp;mf=63</link><description><![CDATA[ <table border="0" cellspacing="4" cellpadding="2"> <tr> <td style='background-color:#CADDEC;FONT-FAMILY: Verdana,Arial,San-serif; FONT-SIZE: 8pt; FONT-WEIGHT: bold; Color:#012540;'><b>AUM Month </b></td> <td style='FONT-FAMILY: Verdana,Arial,San-serif; FONT-SIZE: 8pt; Color:#012540;'> Jan-2017 </td></tr><tr> <td style='background-color:#CADDEC;FONT-FAMILY: Verdana,Arial,San-serif; FONT-SIZE: 8pt; FONT-WEIGHT: bold; Color:#012540;'><b>Average AUM Excluding Fund of Funds</b></td> <td style='FONT-FAMILY: Verdana,Arial,San-serif; FONT-SIZE: 8pt; Color:#012540;'> Indiabulls Monthly Income Plan-Direct Plan-Growth Option </td></tr><tr> <td style='background-color:#CADDEC;FONT-FAMILY: Verdana,Arial,San-serif; FONT-SIZE: 8pt; FONT-WEIGHT: bold; Color:#012540;'><b>Average AUM Fund of Funds </b></td> <td style='FONT-FAMILY: Verdana,Arial,San-serif; FONT-SIZE: 8pt; Color:#012540;'> 682.56 </td></tr></table> ]]></description></item><item><pubDate>Mon, 17 Apr 2017 17:43:30</pubDate><title>135691</title><link>http://portal.amfiindia.com/AUMReport_Rpt_Po.aspx?rpt=swise&amp;dtAUM=01-Jan-2017&amp;mf=63</link><description><![CDATA[ <table border="0" cellspacing="4" cellpadding="2"> <tr> <td style='background-color:#CADDEC;FONT-FAMILY: Verdana,Arial,San-serif; FONT-SIZE: 8pt; FONT-WEIGHT: bold; Color:#012540;'><b>AUM Month </b></td> <td style='FONT-FAMILY: Verdana,Arial,San-serif; FONT-SIZE: 8pt; Color:#012540;'> Jan-2017 </td></tr><tr> <td style='background-color:#CADDEC;FONT-FAMILY: Verdana,Arial,San-serif; FONT-SIZE: 8pt; FONT-WEIGHT: bold; Color:#012540;'><b>Average AUM Excluding Fund of Funds</b></td> <td style='FONT-FAMILY: Verdana,Arial,San-serif; FONT-SIZE: 8pt; Color:#012540;'> Indiabulls Monthly Income Plan-Regular Plan-Dividend Option </td></tr><tr> <td style='background-color:#CADDEC;FONT-FAMILY: Verdana,Arial,San-serif; FONT-SIZE: 8pt; FONT-WEIGHT: bold; Color:#012540;'><b>Average AUM Fund of Funds </b></td> <td style='FONT-FAMILY: Verdana,Arial,San-serif; FONT-SIZE: 8pt; Color:#012540;'> 43.13 </td></tr></table> ]]></description></item><item><pubDate>Mon, 17 Apr 2017 17:43:30</pubDate><title>135692</title><link>http://portal.amfiindia.com/AUMReport_Rpt_Po.aspx?rpt=swise&amp;dtAUM=01-Jan-2017&amp;mf=63</link><description><![CDATA[ <table border="0" cellspacing="4" cellpadding="2"> <tr> <td style='background-color:#CADDEC;FONT-FAMILY: Verdana,Arial,San-serif; FONT-SIZE: 8pt; FONT-WEIGHT: bold; Color:#012540;'><b>AUM Month </b></td> <td style='FONT-FAMILY: Verdana,Arial,San-serif; FONT-SIZE: 8pt; Color:#012540;'> Jan-2017 </td></tr><tr> <td style='background-color:#CADDEC;FONT-FAMILY: Verdana,Arial,San-serif; FONT-SIZE: 8pt; FONT-WEIGHT: bold; Color:#012540;'><b>Average AUM Excluding Fund of Funds</b></td> <td style='FONT-FAMILY: Verdana,Arial,San-serif; FONT-SIZE: 8pt; Color:#012540;'> Indiabulls Monthly Income Plan-Regular Plan-Growth Option </td></tr><tr> <td style='background-color:#CADDEC;FONT-FAMILY: Verdana,Arial,San-serif; FONT-SIZE: 8pt; FONT-WEIGHT: bold; Color:#012540;'><b>Average AUM Fund of Funds </b></td> <td style='FONT-FAMILY: Verdana,Arial,San-serif; FONT-SIZE: 8pt; Color:#012540;'> 1460.78 </td></tr></table> ]]></description></item><item><pubDate>Mon, 17 Apr 2017 17:43:30</pubDate><title>123706</title><link>http://portal.amfiindia.com/AUMReport_Rpt_Po.aspx?rpt=swise&amp;dtAUM=01-Jan-2017&amp;mf=63</link><description><![CDATA[ <table border="0" cellspacing="4" cellpadding="2"> <tr> <td style='background-color:#CADDEC;FONT-FAMILY: Verdana,Arial,San-serif; FONT-SIZE: 8pt; FONT-WEIGHT: bold; Color:#012540;'><b>AUM Month </b></td> <td style='FONT-FAMILY: Verdana,Arial,San-serif; FONT-SIZE: 8pt; Color:#012540;'> Jan-2017 </td></tr><tr> <td style='background-color:#CADDEC;FONT-FAMILY: Verdana,Arial,San-serif; FONT-SIZE: 8pt; FONT-WEIGHT: bold; Color:#012540;'><b>Average AUM Excluding Fund of Funds</b></td> <td style='FONT-FAMILY: Verdana,Arial,San-serif; FONT-SIZE: 8pt; Color:#012540;'> Indiabulls Short Term Fund - Direct Plan - Fortnightly Dividend Option </td></tr><tr> <td style='background-color:#CADDEC;FONT-FAMILY: Verdana,Arial,San-serif; FONT-SIZE: 8pt; FONT-WEIGHT: bold; Color:#012540;'><b>Average AUM Fund of Funds </b></td> <td style='FONT-FAMILY: Verdana,Arial,San-serif; FONT-SIZE: 8pt; Color:#012540;'> 1.13 </td></tr></table> ]]></description></item><item><pubDate>Mon, 17 Apr 2017 17:43:30</pubDate><title>123704</title><link>http://portal.amfiindia.com/AUMReport_Rpt_Po.aspx?rpt=swise&amp;dtAUM=01-Jan-2017&amp;mf=63</link><description><![CDATA[ <table border="0" cellspacing="4" cellpadding="2"> <tr> <td style='background-color:#CADDEC;FONT-FAMILY: Verdana,Arial,San-serif; FONT-SIZE: 8pt; FONT-WEIGHT: bold; Color:#012540;'><b>AUM Month </b></td> <td style='FONT-FAMILY: Verdana,Arial,San-serif; FONT-SIZE: 8pt; Color:#012540;'> Jan-2017 </td></tr><tr> <td style='background-color:#CADDEC;FONT-FAMILY: Verdana,Arial,San-serif; FONT-SIZE: 8pt; FONT-WEIGHT: bold; Color:#012540;'><b>Average AUM Excluding Fund of Funds</b></td> <td style='FONT-FAMILY: Verdana,Arial,San-serif; FONT-SIZE: 8pt; Color:#012540;'> Indiabulls Short Term Fund - Direct Plan - Growth Option </td></tr><tr> <td style='background-color:#CADDEC;FONT-FAMILY: Verdana,Arial,San-serif; FONT-SIZE: 8pt; FONT-WEIGHT: bold; Color:#012540;'><b>Average AUM Fund of Funds </b></td> <td style='FONT-FAMILY: Verdana,Arial,San-serif; FONT-SIZE: 8pt; Color:#012540;'> 94861.18 </td></tr></table> ]]></description></item><item><pubDate>Mon, 17 Apr 2017 17:43:30</pubDate><title>123707</title><link>http://portal.amfiindia.com/AUMReport_Rpt_Po.aspx?rpt=swise&amp;dtAUM=01-Jan-2017&amp;mf=63</link><description><![CDATA[ <table border="0" cellspacing="4" cellpadding="2"> <tr> <td style='background-color:#CADDEC;FONT-FAMILY: Verdana,Arial,San-serif; FONT-SIZE: 8pt; FONT-WEIGHT: bold; Color:#012540;'><b>AUM Month </b></td> <td style='FONT-FAMILY: Verdana,Arial,San-serif; FONT-SIZE: 8pt; Color:#012540;'> Jan-2017 </td></tr><tr> <td style='background-color:#CADDEC;FONT-FAMILY: Verdana,Arial,San-serif; FONT-SIZE: 8pt; FONT-WEIGHT: bold; Color:#012540;'><b>Average AUM Excluding Fund of Funds</b></td> <td style='FONT-FAMILY: Verdana,Arial,San-serif; FONT-SIZE: 8pt; Color:#012540;'> Indiabulls Short Term Fund - Direct Plan - Monthly Dividend Option </td></tr><tr> <td style='background-color:#CADDEC;FONT-FAMILY: Verdana,Arial,San-serif; FONT-SIZE: 8pt; FONT-WEIGHT: bold; Color:#012540;'><b>Average AUM Fund of Funds </b></td> <td style='FONT-FAMILY: Verdana,Arial,San-serif; FONT-SIZE: 8pt; Color:#012540;'> 11.90 </td></tr></table> ]]></description></item><item><pubDate>Mon, 17 Apr 2017 17:43:30</pubDate><title>123705</title><link>http://portal.amfiindia.com/AUMReport_Rpt_Po.aspx?rpt=swise&amp;dtAUM=01-Jan-2017&amp;mf=63</link><description><![CDATA[ <table border="0" cellspacing="4" cellpadding="2"> <tr> <td style='background-color:#CADDEC;FONT-FAMILY: Verdana,Arial,San-serif; FONT-SIZE: 8pt; FONT-WEIGHT: bold; Color:#012540;'><b>AUM Month </b></td> <td style='FONT-FAMILY: Verdana,Arial,San-serif; FONT-SIZE: 8pt; Color:#012540;'> Jan-2017 </td></tr><tr> <td style='background-color:#CADDEC;FONT-FAMILY: Verdana,Arial,San-serif; FONT-SIZE: 8pt; FONT-WEIGHT: bold; Color:#012540;'><b>Average AUM Excluding Fund of Funds</b></td> <td style='FONT-FAMILY: Verdana,Arial,San-serif; FONT-SIZE: 8pt; Color:#012540;'> Indiabulls Short Term Fund - Direct Plan - Weekly Dividend Option </td></tr><tr> <td style='background-color:#CADDEC;FONT-FAMILY: Verdana,Arial,San-serif; FONT-SIZE: 8pt; FONT-WEIGHT: bold; Color:#012540;'><b>Average AUM Fund of Funds </b></td> <td style='FONT-FAMILY: Verdana,Arial,San-serif; FONT-SIZE: 8pt; Color:#012540;'> 5.57 </td></tr></table> ]]></description></item><item><pubDate>Mon, 17 Apr 2017 17:43:30</pubDate><title>123708</title><link>http://portal.amfiindia.com/AUMReport_Rpt_Po.aspx?rpt=swise&amp;dtAUM=01-Jan-2017&amp;mf=63</link><description><![CDATA[ <table border="0" cellspacing="4" cellpadding="2"> <tr> <td style='background-color:#CADDEC;FONT-FAMILY: Verdana,Arial,San-serif; FONT-SIZE: 8pt; FONT-WEIGHT: bold; Color:#012540;'><b>AUM Month </b></td> <td style='FONT-FAMILY: Verdana,Arial,San-serif; FONT-SIZE: 8pt; Color:#012540;'> Jan-2017 </td></tr><tr> <td style='background-color:#CADDEC;FONT-FAMILY: Verdana,Arial,San-serif; FONT-SIZE: 8pt; FONT-WEIGHT: bold; Color:#012540;'><b>Average AUM Excluding Fund of Funds</b></td> <td style='FONT-FAMILY: Verdana,Arial,San-serif; FONT-SIZE: 8pt; Color:#012540;'> Indiabulls Short Term Fund - Regular Plan - Growth Option </td></tr><tr> <td style='background-color:#CADDEC;FONT-FAMILY: Verdana,Arial,San-serif; FONT-SIZE: 8pt; FONT-WEIGHT: bold; Color:#012540;'><b>Average AUM Fund of Funds </b></td> <td style='FONT-FAMILY: Verdana,Arial,San-serif; FONT-SIZE: 8pt; Color:#012540;'> 12958.21 </td></tr></table> ]]></description></item><item><pubDate>Mon, 17 Apr 2017 17:43:30</pubDate><title>123711</title><link>http://portal.amfiindia.com/AUMReport_Rpt_Po.aspx?rpt=swise&amp;dtAUM=01-Jan-2017&amp;mf=63</link><description><![CDATA[ <table border="0" cellspacing="4" cellpadding="2"> <tr> <td style='background-color:#CADDEC;FONT-FAMILY: Verdana,Arial,San-serif; FONT-SIZE: 8pt; FONT-WEIGHT: bold; Color:#012540;'><b>AUM Month </b></td> <td style='FONT-FAMILY: Verdana,Arial,San-serif; FONT-SIZE: 8pt; Color:#012540;'> Jan-2017 </td></tr><tr> <td style='background-color:#CADDEC;FONT-FAMILY: Verdana,Arial,San-serif; FONT-SIZE: 8pt; FONT-WEIGHT: bold; Color:#012540;'><b>Average AUM Excluding Fund of Funds</b></td> <td style='FONT-FAMILY: Verdana,Arial,San-serif; FONT-SIZE: 8pt; Color:#012540;'> Indiabulls Short Term Fund - Regular Plan - Monthly Dividend Option </td></tr><tr> <td style='background-color:#CADDEC;FONT-FAMILY: Verdana,Arial,San-serif; FONT-SIZE: 8pt; FONT-WEIGHT: bold; Color:#012540;'><b>Average AUM Fund of Funds </b></td> <td style='FONT-FAMILY: Verdana,Arial,San-serif; FONT-SIZE: 8pt; Color:#012540;'> 336.07 </td></tr></table> ]]></description></item><item><pubDate>Mon, 17 Apr 2017 17:43:30</pubDate><title>123709</title><link>http://portal.amfiindia.com/AUMReport_Rpt_Po.aspx?rpt=swise&amp;dtAUM=01-Jan-2017&amp;mf=63</link><description><![CDATA[ <table border="0" cellspacing="4" cellpadding="2"> <tr> <td style='background-color:#CADDEC;FONT-FAMILY: Verdana,Arial,San-serif; FONT-SIZE: 8pt; FONT-WEIGHT: bold; Color:#012540;'><b>AUM Month </b></td> <td style='FONT-FAMILY: Verdana,Arial,San-serif; FONT-SIZE: 8pt; Color:#012540;'> Jan-2017 </td></tr><tr> <td style='background-color:#CADDEC;FONT-FAMILY: Verdana,Arial,San-serif; FONT-SIZE: 8pt; FONT-WEIGHT: bold; Color:#012540;'><b>Average AUM Excluding Fund of Funds</b></td> <td style='FONT-FAMILY: Verdana,Arial,San-serif; FONT-SIZE: 8pt; Color:#012540;'> Indiabulls Short Term Fund - Regular Plan - Weekly Dividend Option </td></tr><tr> <td style='background-color:#CADDEC;FONT-FAMILY: Verdana,Arial,San-serif; FONT-SIZE: 8pt; FONT-WEIGHT: bold; Color:#012540;'><b>Average AUM Fund of Funds </b></td> <td style='FONT-FAMILY: Verdana,Arial,San-serif; FONT-SIZE: 8pt; Color:#012540;'> 16.25 </td></tr></table> ]]></description></item><item><pubDate>Mon, 17 Apr 2017 17:43:30</pubDate><title>116610</title><link>http://portal.amfiindia.com/AUMReport_Rpt_Po.aspx?rpt=swise&amp;dtAUM=01-Jan-2017&amp;mf=63</link><description><![CDATA[ <table border="0" cellspacing="4" cellpadding="2"> <tr> <td style='background-color:#CADDEC;FONT-FAMILY: Verdana,Arial,San-serif; FONT-SIZE: 8pt; FONT-WEIGHT: bold; Color:#012540;'><b>AUM Month </b></td> <td style='FONT-FAMILY: Verdana,Arial,San-serif; FONT-SIZE: 8pt; Color:#012540;'> Jan-2017 </td></tr><tr> <td style='background-color:#CADDEC;FONT-FAMILY: Verdana,Arial,San-serif; FONT-SIZE: 8pt; FONT-WEIGHT: bold; Color:#012540;'><b>Average AUM Excluding Fund of Funds</b></td> <td style='FONT-FAMILY: Verdana,Arial,San-serif; FONT-SIZE: 8pt; Color:#012540;'> Indiabulls Ultra Short Term Fund - Daily Dividend Option </td></tr><tr> <td style='background-color:#CADDEC;FONT-FAMILY: Verdana,Arial,San-serif; FONT-SIZE: 8pt; FONT-WEIGHT: bold; Color:#012540;'><b>Average AUM Fund of Funds </b></td> <td style='FONT-FAMILY: Verdana,Arial,San-serif; FONT-SIZE: 8pt; Color:#012540;'> 3729.69 </td></tr></table> ]]></description></item><item><pubDate>Mon, 17 Apr 2017 17:43:30</pubDate><title>119144</title><link>http://portal.amfiindia.com/AUMReport_Rpt_Po.aspx?rpt=swise&amp;dtAUM=01-Jan-2017&amp;mf=63</link><description><![CDATA[ <table border="0" cellspacing="4" cellpadding="2"> <tr> <td style='background-color:#CADDEC;FONT-FAMILY: Verdana,Arial,San-serif; FONT-SIZE: 8pt; FONT-WEIGHT: bold; Color:#012540;'><b>AUM Month </b></td> <td style='FONT-FAMILY: Verdana,Arial,San-serif; FONT-SIZE: 8pt; Color:#012540;'> Jan-2017 </td></tr><tr> <td style='background-color:#CADDEC;FONT-FAMILY: Verdana,Arial,San-serif; FONT-SIZE: 8pt; FONT-WEIGHT: bold; Color:#012540;'><b>Average AUM Excluding Fund of Funds</b></td> <td style='FONT-FAMILY: Verdana,Arial,San-serif; FONT-SIZE: 8pt; Color:#012540;'> Indiabulls Ultra Short Term Fund - Direct Plan - Daily Dividend Option </td></tr><tr> <td style='background-color:#CADDEC;FONT-FAMILY: Verdana,Arial,San-serif; FONT-SIZE: 8pt; FONT-WEIGHT: bold; Color:#012540;'><b>Average AUM Fund of Funds </b></td> <td style='FONT-FAMILY: Verdana,Arial,San-serif; FONT-SIZE: 8pt; Color:#012540;'> 4585.42 </td></tr></table> ]]></description></item><item><pubDate>Mon, 17 Apr 2017 17:43:30</pubDate><title>119146</title><link>http://portal.amfiindia.com/AUMReport_Rpt_Po.aspx?rpt=swise&amp;dtAUM=01-Jan-2017&amp;mf=63</link><description><![CDATA[ <table border="0" cellspacing="4" cellpadding="2"> <tr> <td style='background-color:#CADDEC;FONT-FAMILY: Verdana,Arial,San-serif; FONT-SIZE: 8pt; FONT-WEIGHT: bold; Color:#012540;'><b>AUM Month </b></td> <td style='FONT-FAMILY: Verdana,Arial,San-serif; FONT-SIZE: 8pt; Color:#012540;'> Jan-2017 </td></tr><tr> <td style='background-color:#CADDEC;FONT-FAMILY: Verdana,Arial,San-serif; FONT-SIZE: 8pt; FONT-WEIGHT: bold; Color:#012540;'><b>Average AUM Excluding Fund of Funds</b></td> <td style='FONT-FAMILY: Verdana,Arial,San-serif; FONT-SIZE: 8pt; Color:#012540;'> Indiabulls Ultra Short Term Fund - Direct Plan - Fortnightly Dividend Option </td></tr><tr> <td style='background-color:#CADDEC;FONT-FAMILY: Verdana,Arial,San-serif; FONT-SIZE: 8pt; FONT-WEIGHT: bold; Color:#012540;'><b>Average AUM Fund of Funds </b></td> <td style='FONT-FAMILY: Verdana,Arial,San-serif; FONT-SIZE: 8pt; Color:#012540;'> 161.74 </td></tr></table> ]]></description></item><item><pubDate>Mon, 17 Apr 2017 17:43:30</pubDate><title>119143</title><link>http://portal.amfiindia.com/AUMReport_Rpt_Po.aspx?rpt=swise&amp;dtAUM=01-Jan-2017&amp;mf=63</link><description><![CDATA[ <table border="0" cellspacing="4" cellpadding="2"> <tr> <td style='background-color:#CADDEC;FONT-FAMILY: Verdana,Arial,San-serif; FONT-SIZE: 8pt; FONT-WEIGHT: bold; Color:#012540;'><b>AUM Month </b></td> <td style='FONT-FAMILY: Verdana,Arial,San-serif; FONT-SIZE: 8pt; Color:#012540;'> Jan-2017 </td></tr><tr> <td style='background-color:#CADDEC;FONT-FAMILY: Verdana,Arial,San-serif; FONT-SIZE: 8pt; FONT-WEIGHT: bold; Color:#012540;'><b>Average AUM Excluding Fund of Funds</b></td> <td style='FONT-FAMILY: Verdana,Arial,San-serif; FONT-SIZE: 8pt; Color:#012540;'> Indiabulls Ultra Short Term Fund - Direct Plan - Growth Option </td></tr><tr> <td style='background-color:#CADDEC;FONT-FAMILY: Verdana,Arial,San-serif; FONT-SIZE: 8pt; FONT-WEIGHT: bold; Color:#012540;'><b>Average AUM Fund of Funds </b></td> <td style='FONT-FAMILY: Verdana,Arial,San-serif; FONT-SIZE: 8pt; Color:#012540;'> 193534.51 </td></tr></table> ]]></description></item><item><pubDate>Mon, 17 Apr 2017 17:43:30</pubDate><title>119147</title><link>http://portal.amfiindia.com/AUMReport_Rpt_Po.aspx?rpt=swise&amp;dtAUM=01-Jan-2017&amp;mf=63</link><description><![CDATA[ <table border="0" cellspacing="4" cellpadding="2"> <tr> <td style='background-color:#CADDEC;FONT-FAMILY: Verdana,Arial,San-serif; FONT-SIZE: 8pt; FONT-WEIGHT: bold; Color:#012540;'><b>AUM Month </b></td> <td style='FONT-FAMILY: Verdana,Arial,San-serif; FONT-SIZE: 8pt; Color:#012540;'> Jan-2017 </td></tr><tr> <td style='background-color:#CADDEC;FONT-FAMILY: Verdana,Arial,San-serif; FONT-SIZE: 8pt; FONT-WEIGHT: bold; Color:#012540;'><b>Average AUM Excluding Fund of Funds</b></td> <td style='FONT-FAMILY: Verdana,Arial,San-serif; FONT-SIZE: 8pt; Color:#012540;'> Indiabulls Ultra Short Term Fund - Direct Plan - Monthly Dividend Option </td></tr><tr> <td style='background-color:#CADDEC;FONT-FAMILY: Verdana,Arial,San-serif; FONT-SIZE: 8pt; FONT-WEIGHT: bold; Color:#012540;'><b>Average AUM Fund of Funds </b></td> <td style='FONT-FAMILY: Verdana,Arial,San-serif; FONT-SIZE: 8pt; Color:#012540;'> 16.62 </td></tr></table> ]]></description></item><item><pubDate>Mon, 17 Apr 2017 17:43:30</pubDate><title>119145</title><link>http://portal.amfiindia.com/AUMReport_Rpt_Po.aspx?rpt=swise&amp;dtAUM=01-Jan-2017&amp;mf=63</link><description><![CDATA[ <table border="0" cellspacing="4" cellpadding="2"> <tr> <td style='background-color:#CADDEC;FONT-FAMILY: Verdana,Arial,San-serif; FONT-SIZE: 8pt; FONT-WEIGHT: bold; Color:#012540;'><b>AUM Month </b></td> <td style='FONT-FAMILY: Verdana,Arial,San-serif; FONT-SIZE: 8pt; Color:#012540;'> Jan-2017 </td></tr><tr> <td style='background-color:#CADDEC;FONT-FAMILY: Verdana,Arial,San-serif; FONT-SIZE: 8pt; FONT-WEIGHT: bold; Color:#012540;'><b>Average AUM Excluding Fund of Funds</b></td> <td style='FONT-FAMILY: Verdana,Arial,San-serif; FONT-SIZE: 8pt; Color:#012540;'> Indiabulls Ultra Short Term Fund - Direct Plan - Weekly Dividend Option </td></tr><tr> <td style='background-color:#CADDEC;FONT-FAMILY: Verdana,Arial,San-serif; FONT-SIZE: 8pt; FONT-WEIGHT: bold; Color:#012540;'><b>Average AUM Fund of Funds </b></td> <td style='FONT-FAMILY: Verdana,Arial,San-serif; FONT-SIZE: 8pt; Color:#012540;'> 1.72 </td></tr></table> ]]></description></item><item><pubDate>Mon, 17 Apr 2017 17:43:30</pubDate><title>116424</title><link>http://portal.amfiindia.com/AUMReport_Rpt_Po.aspx?rpt=swise&amp;dtAUM=01-Jan-2017&amp;mf=63</link><description><![CDATA[ <table border="0" cellspacing="4" cellpadding="2"> <tr> <td style='background-color:#CADDEC;FONT-FAMILY: Verdana,Arial,San-serif; FONT-SIZE: 8pt; FONT-WEIGHT: bold; Color:#012540;'><b>AUM Month </b></td> <td style='FONT-FAMILY: Verdana,Arial,San-serif; FONT-SIZE: 8pt; Color:#012540;'> Jan-2017 </td></tr><tr> <td style='background-color:#CADDEC;FONT-FAMILY: Verdana,Arial,San-serif; FONT-SIZE: 8pt; FONT-WEIGHT: bold; Color:#012540;'><b>Average AUM Excluding Fund of Funds</b></td> <td style='FONT-FAMILY: Verdana,Arial,San-serif; FONT-SIZE: 8pt; Color:#012540;'> Indiabulls Ultra Short Term Fund - Growth Option </td></tr><tr> <td style='background-color:#CADDEC;FONT-FAMILY: Verdana,Arial,San-serif; FONT-SIZE: 8pt; FONT-WEIGHT: bold; Color:#012540;'><b>Average AUM Fund of Funds </b></td> <td style='FONT-FAMILY: Verdana,Arial,San-serif; FONT-SIZE: 8pt; Color:#012540;'> 6358.14 </td></tr></table> ]]></description></item><item><pubDate>Mon, 17 Apr 2017 17:43:30</pubDate><title>116427</title><link>http://portal.amfiindia.com/AUMReport_Rpt_Po.aspx?rpt=swise&amp;dtAUM=01-Jan-2017&amp;mf=63</link><description><![CDATA[ <table border="0" cellspacing="4" cellpadding="2"> <tr> <td style='background-color:#CADDEC;FONT-FAMILY: Verdana,Arial,San-serif; FONT-SIZE: 8pt; FONT-WEIGHT: bold; Color:#012540;'><b>AUM Month </b></td> <td style='FONT-FAMILY: Verdana,Arial,San-serif; FONT-SIZE: 8pt; Color:#012540;'> Jan-2017 </td></tr><tr> <td style='background-color:#CADDEC;FONT-FAMILY: Verdana,Arial,San-serif; FONT-SIZE: 8pt; FONT-WEIGHT: bold; Color:#012540;'><b>Average AUM Excluding Fund of Funds</b></td> <td style='FONT-FAMILY: Verdana,Arial,San-serif; FONT-SIZE: 8pt; Color:#012540;'> Indiabulls Ultra Short Term Fund - Monthly Dividend Option </td></tr><tr> <td style='background-color:#CADDEC;FONT-FAMILY: Verdana,Arial,San-serif; FONT-SIZE: 8pt; FONT-WEIGHT: bold; Color:#012540;'><b>Average AUM Fund of Funds </b></td> <td style='FONT-FAMILY: Verdana,Arial,San-serif; FONT-SIZE: 8pt; Color:#012540;'> 12.37 </td></tr></table> ]]></description></item><item><pubDate>Mon, 17 Apr 2017 17:43:30</pubDate><title>116425</title><link>http://portal.amfiindia.com/AUMReport_Rpt_Po.aspx?rpt=swise&amp;dtAUM=01-Jan-2017&amp;mf=63</link><description><![CDATA[ <table border="0" cellspacing="4" cellpadding="2"> <tr> <td style='background-color:#CADDEC;FONT-FAMILY: Verdana,Arial,San-serif; FONT-SIZE: 8pt; FONT-WEIGHT: bold; Color:#012540;'><b>AUM Month </b></td> <td style='FONT-FAMILY: Verdana,Arial,San-serif; FONT-SIZE: 8pt; Color:#012540;'> Jan-2017 </td></tr><tr> <td style='background-color:#CADDEC;FONT-FAMILY: Verdana,Arial,San-serif; FONT-SIZE: 8pt; FONT-WEIGHT: bold; Color:#012540;'><b>Average AUM Excluding Fund of Funds</b></td> <td style='FONT-FAMILY: Verdana,Arial,San-serif; FONT-SIZE: 8pt; Color:#012540;'> Indiabulls Ultra Short Term Fund - Weekly Dividend Option </td></tr><tr> <td style='background-color:#CADDEC;FONT-FAMILY: Verdana,Arial,San-serif; FONT-SIZE: 8pt; FONT-WEIGHT: bold; Color:#012540;'><b>Average AUM Fund of Funds </b></td> <td style='FONT-FAMILY: Verdana,Arial,San-serif; FONT-SIZE: 8pt; Color:#012540;'> 7.16 </td></tr></table> ]]></description></item><item><pubDate>Mon, 17 Apr 2017 17:43:30</pubDate><title>135342</title><link>http://portal.amfiindia.com/AUMReport_Rpt_Po.aspx?rpt=swise&amp;dtAUM=01-Jan-2017&amp;mf=63</link><description><![CDATA[ <table border="0" cellspacing="4" cellpadding="2"> <tr> <td style='background-color:#CADDEC;FONT-FAMILY: Verdana,Arial,San-serif; FONT-SIZE: 8pt; FONT-WEIGHT: bold; Color:#012540;'><b>AUM Month </b></td> <td style='FONT-FAMILY: Verdana,Arial,San-serif; FONT-SIZE: 8pt; Color:#012540;'> Jan-2017 </td></tr><tr> <td style='background-color:#CADDEC;FONT-FAMILY: Verdana,Arial,San-serif; FONT-SIZE: 8pt; FONT-WEIGHT: bold; Color:#012540;'><b>Average AUM Excluding Fund of Funds</b></td> <td style='FONT-FAMILY: Verdana,Arial,San-serif; FONT-SIZE: 8pt; Color:#012540;'> Indiabulls Value Discovery Fund - Direct Plan - Dividend Option </td></tr><tr> <td style='background-color:#CADDEC;FONT-FAMILY: Verdana,Arial,San-serif; FONT-SIZE: 8pt; FONT-WEIGHT: bold; Color:#012540;'><b>Average AUM Fund of Funds </b></td> <td style='FONT-FAMILY: Verdana,Arial,San-serif; FONT-SIZE: 8pt; Color:#012540;'> 2.78 </td></tr></table> ]]></description></item><item><pubDate>Mon, 17 Apr 2017 17:43:30</pubDate><title>135341</title><link>http://portal.amfiindia.com/AUMReport_Rpt_Po.aspx?rpt=swise&amp;dtAUM=01-Jan-2017&amp;mf=63</link><description><![CDATA[ <table border="0" cellspacing="4" cellpadding="2"> <tr> <td style='background-color:#CADDEC;FONT-FAMILY: Verdana,Arial,San-serif; FONT-SIZE: 8pt; FONT-WEIGHT: bold; Color:#012540;'><b>AUM Month </b></td> <td style='FONT-FAMILY: Verdana,Arial,San-serif; FONT-SIZE: 8pt; Color:#012540;'> Jan-2017 </td></tr><tr> <td style='background-color:#CADDEC;FONT-FAMILY: Verdana,Arial,San-serif; FONT-SIZE: 8pt; FONT-WEIGHT: bold; Color:#012540;'><b>Average AUM Excluding Fund of Funds</b></td> <td style='FONT-FAMILY: Verdana,Arial,San-serif; FONT-SIZE: 8pt; Color:#012540;'> Indiabulls Value Discovery Fund - Direct Plan - Growth Option </td></tr><tr> <td style='background-color:#CADDEC;FONT-FAMILY: Verdana,Arial,San-serif; FONT-SIZE: 8pt; FONT-WEIGHT: bold; Color:#012540;'><b>Average AUM Fund of Funds </b></td> <td style='FONT-FAMILY: Verdana,Arial,San-serif; FONT-SIZE: 8pt; Color:#012540;'> 44.98 </td></tr></table> ]]></description></item><item><pubDate>Mon, 17 Apr 2017 17:43:30</pubDate><title>140819</title><link>http://portal.amfiindia.com/AUMReport_Rpt_Po.aspx?rpt=swise&amp;dtAUM=01-Jan-2017&amp;mf=63</link><description><![CDATA[ <table border="0" cellspacing="4" cellpadding="2"> <tr> <td style='background-color:#CADDEC;FONT-FAMILY: Verdana,Arial,San-serif; FONT-SIZE: 8pt; FONT-WEIGHT: bold; Color:#012540;'><b>AUM Month </b></td> <td style='FONT-FAMILY: Verdana,Arial,San-serif; FONT-SIZE: 8pt; Color:#012540;'> Jan-2017 </td></tr><tr> <td style='background-color:#CADDEC;FONT-FAMILY: Verdana,Arial,San-serif; FONT-SIZE: 8pt; FONT-WEIGHT: bold; Color:#012540;'><b>Average AUM Excluding Fund of Funds</b></td> <td style='FONT-FAMILY: Verdana,Arial,San-serif; FONT-SIZE: 8pt; Color:#012540;'> Indiabulls Value Discovery Fund - Direct Plan - Half Yearly Dividend Option </td></tr><tr> <td style='background-color:#CADDEC;FONT-FAMILY: Verdana,Arial,San-serif; FONT-SIZE: 8pt; FONT-WEIGHT: bold; Color:#012540;'><b>Average AUM Fund of Funds </b></td> <td style='FONT-FAMILY: Verdana,Arial,San-serif; FONT-SIZE: 8pt; Color:#012540;'> 0.03 </td></tr></table> ]]></description></item><item><pubDate>Mon, 17 Apr 2017 17:43:30</pubDate><title>140815</title><link>http://portal.amfiindia.com/AUMReport_Rpt_Po.aspx?rpt=swise&amp;dtAUM=01-Jan-2017&amp;mf=63</link><description><![CDATA[ <table border="0" cellspacing="4" cellpadding="2"> <tr> <td style='background-color:#CADDEC;FONT-FAMILY: Verdana,Arial,San-serif; FONT-SIZE: 8pt; FONT-WEIGHT: bold; Color:#012540;'><b>AUM Month </b></td> <td style='FONT-FAMILY: Verdana,Arial,San-serif; FONT-SIZE: 8pt; Color:#012540;'> Jan-2017 </td></tr><tr> <td style='background-color:#CADDEC;FONT-FAMILY: Verdana,Arial,San-serif; FONT-SIZE: 8pt; FONT-WEIGHT: bold; Color:#012540;'><b>Average AUM Excluding Fund of Funds</b></td> <td style='FONT-FAMILY: Verdana,Arial,San-serif; FONT-SIZE: 8pt; Color:#012540;'> Indiabulls Value Discovery Fund - Direct Plan - Monthly Dividend Option </td></tr><tr> <td style='background-color:#CADDEC;FONT-FAMILY: Verdana,Arial,San-serif; FONT-SIZE: 8pt; FONT-WEIGHT: bold; Color:#012540;'><b>Average AUM Fund of Funds </b></td> <td style='FONT-FAMILY: Verdana,Arial,San-serif; FONT-SIZE: 8pt; Color:#012540;'> 0.02 </td></tr></table> ]]></description></item><item><pubDate>Mon, 17 Apr 2017 17:43:30</pubDate><title>140817</title><link>http://portal.amfiindia.com/AUMReport_Rpt_Po.aspx?rpt=swise&amp;dtAUM=01-Jan-2017&amp;mf=63</link><description><![CDATA[ <table border="0" cellspacing="4" cellpadding="2"> <tr> <td style='background-color:#CADDEC;FONT-FAMILY: Verdana,Arial,San-serif; FONT-SIZE: 8pt; FONT-WEIGHT: bold; Color:#012540;'><b>AUM Month </b></td> <td style='FONT-FAMILY: Verdana,Arial,San-serif; FONT-SIZE: 8pt; Color:#012540;'> Jan-2017 </td></tr><tr> <td style='background-color:#CADDEC;FONT-FAMILY: Verdana,Arial,San-serif; FONT-SIZE: 8pt; FONT-WEIGHT: bold; Color:#012540;'><b>Average AUM Excluding Fund of Funds</b></td> <td style='FONT-FAMILY: Verdana,Arial,San-serif; FONT-SIZE: 8pt; Color:#012540;'> Indiabulls Value Discovery Fund - Direct Plan - Quarterly Dividend Option </td></tr><tr> <td style='background-color:#CADDEC;FONT-FAMILY: Verdana,Arial,San-serif; FONT-SIZE: 8pt; FONT-WEIGHT: bold; Color:#012540;'><b>Average AUM Fund of Funds </b></td> <td style='FONT-FAMILY: Verdana,Arial,San-serif; FONT-SIZE: 8pt; Color:#012540;'> 0.09 </td></tr></table> ]]></description></item><item><pubDate>Mon, 17 Apr 2017 17:43:30</pubDate><title>135344</title><link>http://portal.amfiindia.com/AUMReport_Rpt_Po.aspx?rpt=swise&amp;dtAUM=01-Jan-2017&amp;mf=63</link><description><![CDATA[ <table border="0" cellspacing="4" cellpadding="2"> <tr> <td style='background-color:#CADDEC;FONT-FAMILY: Verdana,Arial,San-serif; FONT-SIZE: 8pt; FONT-WEIGHT: bold; Color:#012540;'><b>AUM Month </b></td> <td style='FONT-FAMILY: Verdana,Arial,San-serif; FONT-SIZE: 8pt; Color:#012540;'> Jan-2017 </td></tr><tr> <td style='background-color:#CADDEC;FONT-FAMILY: Verdana,Arial,San-serif; FONT-SIZE: 8pt; FONT-WEIGHT: bold; Color:#012540;'><b>Average AUM Excluding Fund of Funds</b></td> <td style='FONT-FAMILY: Verdana,Arial,San-serif; FONT-SIZE: 8pt; Color:#012540;'> Indiabulls Value Discovery Fund - Regular Plan - Dividend Option </td></tr><tr> <td style='background-color:#CADDEC;FONT-FAMILY: Verdana,Arial,San-serif; FONT-SIZE: 8pt; FONT-WEIGHT: bold; Color:#012540;'><b>Average AUM Fund of Funds </b></td> <td style='FONT-FAMILY: Verdana,Arial,San-serif; FONT-SIZE: 8pt; Color:#012540;'> 2161.75 </td></tr></table> ]]></description></item><item><pubDate>Mon, 17 Apr 2017 17:43:30</pubDate><title>135343</title><link>http://portal.amfiindia.com/AUMReport_Rpt_Po.aspx?rpt=swise&amp;dtAUM=01-Jan-2017&amp;mf=63</link><description><![CDATA[ <table border="0" cellspacing="4" cellpadding="2"> <tr> <td style='background-color:#CADDEC;FONT-FAMILY: Verdana,Arial,San-serif; FONT-SIZE: 8pt; FONT-WEIGHT: bold; Color:#012540;'><b>AUM Month </b></td> <td style='FONT-FAMILY: Verdana,Arial,San-serif; FONT-SIZE: 8pt; Color:#012540;'> Jan-2017 </td></tr><tr> <td style='background-color:#CADDEC;FONT-FAMILY: Verdana,Arial,San-serif; FONT-SIZE: 8pt; FONT-WEIGHT: bold; Color:#012540;'><b>Average AUM Excluding Fund of Funds</b></td> <td style='FONT-FAMILY: Verdana,Arial,San-serif; FONT-SIZE: 8pt; Color:#012540;'> Indiabulls Value Discovery Fund - Regular Plan - Growth Option </td></tr><tr> <td style='background-color:#CADDEC;FONT-FAMILY: Verdana,Arial,San-serif; FONT-SIZE: 8pt; FONT-WEIGHT: bold; Color:#012540;'><b>Average AUM Fund of Funds </b></td> <td style='FONT-FAMILY: Verdana,Arial,San-serif; FONT-SIZE: 8pt; Color:#012540;'> 1225.99 </td></tr></table> ]]></description></item><item><pubDate>Mon, 17 Apr 2017 17:43:30</pubDate><title>138218</title><link>http://portal.amfiindia.com/AUMReport_Rpt_Po.aspx?rpt=swise&amp;dtAUM=01-Jan-2017&amp;mf=63</link><description><![CDATA[ <table border="0" cellspacing="4" cellpadding="2"> <tr> <td style='background-color:#CADDEC;FONT-FAMILY: Verdana,Arial,San-serif; FONT-SIZE: 8pt; FONT-WEIGHT: bold; Color:#012540;'><b>AUM Month </b></td> <td style='FONT-FAMILY: Verdana,Arial,San-serif; FONT-SIZE: 8pt; Color:#012540;'> Jan-2017 </td></tr><tr> <td style='background-color:#CADDEC;FONT-FAMILY: Verdana,Arial,San-serif; FONT-SIZE: 8pt; FONT-WEIGHT: bold; Color:#012540;'><b>Average AUM Excluding Fund of Funds</b></td> <td style='FONT-FAMILY: Verdana,Arial,San-serif; FONT-SIZE: 8pt; Color:#012540;'> Indiabulls FMP Series V - Plan (1) - 1175 Days - Direct Plan Growth </td></tr><tr> <td style='background-color:#CADDEC;FONT-FAMILY: Verdana,Arial,San-serif; FONT-SIZE: 8pt; FONT-WEIGHT: bold; Color:#012540;'><b>Average AUM Fund of Funds </b></td> <td style='FONT-FAMILY: Verdana,Arial,San-serif; FONT-SIZE: 8pt; Color:#012540;'> 385.42 </td></tr></table> ]]></description></item><item><pubDate>Mon, 17 Apr 2017 17:43:30</pubDate><title>138220</title><link>http://portal.amfiindia.com/AUMReport_Rpt_Po.aspx?rpt=swise&amp;dtAUM=01-Jan-2017&amp;mf=63</link><description><![CDATA[ <table border="0" cellspacing="4" cellpadding="2"> <tr> <td style='background-color:#CADDEC;FONT-FAMILY: Verdana,Arial,San-serif; FONT-SIZE: 8pt; FONT-WEIGHT: bold; Color:#012540;'><b>AUM Month </b></td> <td style='FONT-FAMILY: Verdana,Arial,San-serif; FONT-SIZE: 8pt; Color:#012540;'> Jan-2017 </td></tr><tr> <td style='background-color:#CADDEC;FONT-FAMILY: Verdana,Arial,San-serif; FONT-SIZE: 8pt; FONT-WEIGHT: bold; Color:#012540;'><b>Average AUM Excluding Fund of Funds</b></td> <td style='FONT-FAMILY: Verdana,Arial,San-serif; FONT-SIZE: 8pt; Color:#012540;'> Indiabulls FMP Series V - Plan (1) - 1175 Days - Regular Plan Growth </td></tr><tr> <td style='background-color:#CADDEC;FONT-FAMILY: Verdana,Arial,San-serif; FONT-SIZE: 8pt; FONT-WEIGHT: bold; Color:#012540;'><b>Average AUM Fund of Funds </b></td> <td style='FONT-FAMILY: Verdana,Arial,San-serif; FONT-SIZE: 8pt; Color:#012540;'> 3638.15 </td></tr></table> ]]></description></item></channel></rss>