<?xml version='1.0' encoding='ISO-8859-1'?><?xml-stylesheet title='XSL_formatting' type='text/xsl' href='http://portal.amfiindia.com/rssstyle.xsl'?><rss version='2.0' xmlns:cf='http://www.microsoft.com/schemas/rss/core/2005' xmlns:nav='http://www.amfiindia.com/rss/nav'><channel><title>List of Schemes with AUM for PPFAS Mutual Fund</title><link>http://www.amfiindia.com</link><description>The  Association  of  Mutual  Funds  in  India (AMFI)  is  dedicated  to  developing  the  Indian  Mutual  Fund  Industry  on  professional,  healthy  and  ethical  lines  and  to  enhance  and  maintain  standards  in  all  areas  with  a  view  to  protecting  and  promoting  the  interests  of  mutual  funds  and  their  unit  holders.</description><language>en-us</language><pubDate>4/17/2017 5:43:42 PM</pubDate><copyright>(C) Association of Mutual Funds in India (AMFI) - Copyright 2017</copyright><image><title>amfiindia.com</title><url>http://www.amfiindia.com/portal/images/pu-amfilogo.gif</url><link>http://www.amfiindia.com/</link><description>Visit amfiindia.com</description></image><item><pubDate>Mon, 17 Apr 2017 17:43:42</pubDate><title>122639</title><link>http://portal.amfiindia.com/AUMReport_Rpt_Po.aspx?rpt=swise&amp;dtAUM=01-Jan-2017&amp;mf=64</link><description><![CDATA[ <table border="0" cellspacing="4" cellpadding="2"> <tr> <td style='background-color:#CADDEC;FONT-FAMILY: Verdana,Arial,San-serif; FONT-SIZE: 8pt; FONT-WEIGHT: bold; Color:#012540;'><b>AUM Month </b></td> <td style='FONT-FAMILY: Verdana,Arial,San-serif; FONT-SIZE: 8pt; Color:#012540;'> Jan-2017 </td></tr><tr> <td style='background-color:#CADDEC;FONT-FAMILY: Verdana,Arial,San-serif; FONT-SIZE: 8pt; FONT-WEIGHT: bold; Color:#012540;'><b>Average AUM Excluding Fund of Funds</b></td> <td style='FONT-FAMILY: Verdana,Arial,San-serif; FONT-SIZE: 8pt; Color:#012540;'> Parag Parikh Long Term Value Fund - Direct Plan - Growth </td></tr><tr> <td style='background-color:#CADDEC;FONT-FAMILY: Verdana,Arial,San-serif; FONT-SIZE: 8pt; FONT-WEIGHT: bold; Color:#012540;'><b>Average AUM Fund of Funds </b></td> <td style='FONT-FAMILY: Verdana,Arial,San-serif; FONT-SIZE: 8pt; Color:#012540;'> 60201.44 </td></tr></table> ]]></description></item><item><pubDate>Mon, 17 Apr 2017 17:43:42</pubDate><title>122640</title><link>http://portal.amfiindia.com/AUMReport_Rpt_Po.aspx?rpt=swise&amp;dtAUM=01-Jan-2017&amp;mf=64</link><description><![CDATA[ <table border="0" cellspacing="4" cellpadding="2"> <tr> <td style='background-color:#CADDEC;FONT-FAMILY: Verdana,Arial,San-serif; FONT-SIZE: 8pt; FONT-WEIGHT: bold; Color:#012540;'><b>AUM Month </b></td> <td style='FONT-FAMILY: Verdana,Arial,San-serif; FONT-SIZE: 8pt; Color:#012540;'> Jan-2017 </td></tr><tr> <td style='background-color:#CADDEC;FONT-FAMILY: Verdana,Arial,San-serif; FONT-SIZE: 8pt; FONT-WEIGHT: bold; Color:#012540;'><b>Average AUM Excluding Fund of Funds</b></td> <td style='FONT-FAMILY: Verdana,Arial,San-serif; FONT-SIZE: 8pt; Color:#012540;'> Parag Parikh Long Term Value Fund - Regular Plan - Growth </td></tr><tr> <td style='background-color:#CADDEC;FONT-FAMILY: Verdana,Arial,San-serif; FONT-SIZE: 8pt; FONT-WEIGHT: bold; Color:#012540;'><b>Average AUM Fund of Funds </b></td> <td style='FONT-FAMILY: Verdana,Arial,San-serif; FONT-SIZE: 8pt; Color:#012540;'> 9410.88 </td></tr></table> ]]></description></item></channel></rss>