<?xml version='1.0' encoding='ISO-8859-1'?><?xml-stylesheet title='XSL_formatting' type='text/xsl' href='http://portal.amfiindia.com/rssstyle.xsl'?><rss version="2.0" xmlns:cf="http://www.microsoft.com/schemas/rss/core/2005" xmlns:nav="http://www.amfiindia.com/rss/nav">
  <channel>
    <title>List of Schemes with NAV's for <![CDATA[Mirae Asset Mutual Fund]]></title>
    <link>http://www.amfiindia.com</link>
    <description>The  Association  of  Mutual  Funds  in  India (AMFI)  is  dedicated  to  developing  the  Indian  Mutual  Fund  Industry  on  professional,  healthy  and  ethical  lines  and  to  enhance  and  maintain  standards  in  all  areas  with  a  view  to  protecting  and  promoting  the  interests  of  mutual  funds  and  their  unit  holders.</description>
    <language>en-us</language>
    <pubDate>4/17/2017 5:43:39 PM</pubDate>
    <copyright>(C) Association of Mutual Funds in India (AMFI) - Copyright 2017</copyright>
    <image>
      <title>amfiindia.com</title>
      <url>http://www.amfiindia.com/images/logos/logo0.gif</url>
      <link>http://www.amfiindia.com/</link>
      <description>Visit amfiindia.com</description>
    </image>
    <item>
      <pubDate>Thu, 13 Apr 2017 00:00:00</pubDate>
      <title><![CDATA[Mirae Asset Dynamic Bond Fund -Direct Plan -Dividend]]></title>
      <link>http://portal.amfiindia.com/schemedetails.aspx?cmbmfname=45&amp;SdId=140770</link>
      <description><![CDATA[<table border="0" cellspacing="4" cellpadding="2"><tr> <td style='background-color:&CADDEC;FONT-FAMILY: Verdana,Arial,San-serif; FONT-SIZE: 8pt; FONT-WEIGHT: bold; Color:&012540;'><b> Category  </b></td> <td style='FONT-FAMILY: Verdana,Arial,San-serif; FONT-SIZE: 8pt; Color:&012540;'> Income </td></tr><tr> <td style='background-color:&CADDEC;FONT-FAMILY: Verdana,Arial,San-serif; FONT-SIZE: 8pt; FONT-WEIGHT: bold; Color:&012540;'><b> NAV  </b></td> <td style='FONT-FAMILY: Verdana,Arial,San-serif; FONT-SIZE: 8pt; Color:&012540;'> 10.0861 </td></tr><tr> <td style='background-color:&CADDEC;FONT-FAMILY: Verdana,Arial,San-serif; FONT-SIZE: 8pt; FONT-WEIGHT: bold; Color:&012540;'><b> Repurchase Price  </b></td> <td style='FONT-FAMILY: Verdana,Arial,San-serif; FONT-SIZE: 8pt; Color:&012540;'> 10.0357 </td></tr><tr> <td style='background-color:&CADDEC;FONT-FAMILY: Verdana,Arial,San-serif; FONT-SIZE: 8pt; FONT-WEIGHT: bold; Color:&012540;'><b> Sale Price  </b></td> <td style='FONT-FAMILY: Verdana,Arial,San-serif; FONT-SIZE: 8pt; Color:&012540;'> 10.0861 </td></tr><tr> <td style='background-color:&CADDEC;FONT-FAMILY: Verdana,Arial,San-serif; FONT-SIZE: 8pt; FONT-WEIGHT: bold; Color:&012540;'><b> Date </b></td> <td style='FONT-FAMILY: Verdana,Arial,San-serif; FONT-SIZE: 8pt; Color:&012540;'> 13-Apr-2017 </td></tr></table> ]]> </description>
    </item>
    <item>
      <pubDate>Thu, 13 Apr 2017 00:00:00</pubDate>
      <title><![CDATA[Mirae Asset Dynamic Bond Fund -Direct Plan -Growth]]></title>
      <link>http://portal.amfiindia.com/schemedetails.aspx?cmbmfname=45&amp;SdId=140769</link>
      <description><![CDATA[<table border="0" cellspacing="4" cellpadding="2"><tr> <td style='background-color:&CADDEC;FONT-FAMILY: Verdana,Arial,San-serif; FONT-SIZE: 8pt; FONT-WEIGHT: bold; Color:&012540;'><b> Category  </b></td> <td style='FONT-FAMILY: Verdana,Arial,San-serif; FONT-SIZE: 8pt; Color:&012540;'> Income </td></tr><tr> <td style='background-color:&CADDEC;FONT-FAMILY: Verdana,Arial,San-serif; FONT-SIZE: 8pt; FONT-WEIGHT: bold; Color:&012540;'><b> NAV  </b></td> <td style='FONT-FAMILY: Verdana,Arial,San-serif; FONT-SIZE: 8pt; Color:&012540;'> 10.0861 </td></tr><tr> <td style='background-color:&CADDEC;FONT-FAMILY: Verdana,Arial,San-serif; FONT-SIZE: 8pt; FONT-WEIGHT: bold; Color:&012540;'><b> Repurchase Price  </b></td> <td style='FONT-FAMILY: Verdana,Arial,San-serif; FONT-SIZE: 8pt; Color:&012540;'> 10.0357 </td></tr><tr> <td style='background-color:&CADDEC;FONT-FAMILY: Verdana,Arial,San-serif; FONT-SIZE: 8pt; FONT-WEIGHT: bold; Color:&012540;'><b> Sale Price  </b></td> <td style='FONT-FAMILY: Verdana,Arial,San-serif; FONT-SIZE: 8pt; Color:&012540;'> 10.0861 </td></tr><tr> <td style='background-color:&CADDEC;FONT-FAMILY: Verdana,Arial,San-serif; FONT-SIZE: 8pt; FONT-WEIGHT: bold; Color:&012540;'><b> Date </b></td> <td style='FONT-FAMILY: Verdana,Arial,San-serif; FONT-SIZE: 8pt; Color:&012540;'> 13-Apr-2017 </td></tr></table> ]]> </description>
    </item>
    <item>
      <pubDate>Thu, 13 Apr 2017 00:00:00</pubDate>
      <title><![CDATA[Mirae Asset Dynamic Bond Fund -Regular Plan -Dividend]]></title>
      <link>http://portal.amfiindia.com/schemedetails.aspx?cmbmfname=45&amp;SdId=140772</link>
      <description><![CDATA[<table border="0" cellspacing="4" cellpadding="2"><tr> <td style='background-color:&CADDEC;FONT-FAMILY: Verdana,Arial,San-serif; FONT-SIZE: 8pt; FONT-WEIGHT: bold; Color:&012540;'><b> Category  </b></td> <td style='FONT-FAMILY: Verdana,Arial,San-serif; FONT-SIZE: 8pt; Color:&012540;'> Income </td></tr><tr> <td style='background-color:&CADDEC;FONT-FAMILY: Verdana,Arial,San-serif; FONT-SIZE: 8pt; FONT-WEIGHT: bold; Color:&012540;'><b> NAV  </b></td> <td style='FONT-FAMILY: Verdana,Arial,San-serif; FONT-SIZE: 8pt; Color:&012540;'> 10.0791 </td></tr><tr> <td style='background-color:&CADDEC;FONT-FAMILY: Verdana,Arial,San-serif; FONT-SIZE: 8pt; FONT-WEIGHT: bold; Color:&012540;'><b> Repurchase Price  </b></td> <td style='FONT-FAMILY: Verdana,Arial,San-serif; FONT-SIZE: 8pt; Color:&012540;'> 10.0287 </td></tr><tr> <td style='background-color:&CADDEC;FONT-FAMILY: Verdana,Arial,San-serif; FONT-SIZE: 8pt; FONT-WEIGHT: bold; Color:&012540;'><b> Sale Price  </b></td> <td style='FONT-FAMILY: Verdana,Arial,San-serif; FONT-SIZE: 8pt; Color:&012540;'> 10.0791 </td></tr><tr> <td style='background-color:&CADDEC;FONT-FAMILY: Verdana,Arial,San-serif; FONT-SIZE: 8pt; FONT-WEIGHT: bold; Color:&012540;'><b> Date </b></td> <td style='FONT-FAMILY: Verdana,Arial,San-serif; FONT-SIZE: 8pt; Color:&012540;'> 13-Apr-2017 </td></tr></table> ]]> </description>
    </item>
    <item>
      <pubDate>Thu, 13 Apr 2017 00:00:00</pubDate>
      <title><![CDATA[Mirae Asset Dynamic Bond Fund-Regular Plan Growth]]></title>
      <link>http://portal.amfiindia.com/schemedetails.aspx?cmbmfname=45&amp;SdId=140771</link>
      <description><![CDATA[<table border="0" cellspacing="4" cellpadding="2"><tr> <td style='background-color:&CADDEC;FONT-FAMILY: Verdana,Arial,San-serif; FONT-SIZE: 8pt; FONT-WEIGHT: bold; Color:&012540;'><b> Category  </b></td> <td style='FONT-FAMILY: Verdana,Arial,San-serif; FONT-SIZE: 8pt; Color:&012540;'> Income </td></tr><tr> <td style='background-color:&CADDEC;FONT-FAMILY: Verdana,Arial,San-serif; FONT-SIZE: 8pt; FONT-WEIGHT: bold; Color:&012540;'><b> NAV  </b></td> <td style='FONT-FAMILY: Verdana,Arial,San-serif; FONT-SIZE: 8pt; Color:&012540;'> 10.0791 </td></tr><tr> <td style='background-color:&CADDEC;FONT-FAMILY: Verdana,Arial,San-serif; FONT-SIZE: 8pt; FONT-WEIGHT: bold; Color:&012540;'><b> Repurchase Price  </b></td> <td style='FONT-FAMILY: Verdana,Arial,San-serif; FONT-SIZE: 8pt; Color:&012540;'> 10.0287 </td></tr><tr> <td style='background-color:&CADDEC;FONT-FAMILY: Verdana,Arial,San-serif; FONT-SIZE: 8pt; FONT-WEIGHT: bold; Color:&012540;'><b> Sale Price  </b></td> <td style='FONT-FAMILY: Verdana,Arial,San-serif; FONT-SIZE: 8pt; Color:&012540;'> 10.0791 </td></tr><tr> <td style='background-color:&CADDEC;FONT-FAMILY: Verdana,Arial,San-serif; FONT-SIZE: 8pt; FONT-WEIGHT: bold; Color:&012540;'><b> Date </b></td> <td style='FONT-FAMILY: Verdana,Arial,San-serif; FONT-SIZE: 8pt; Color:&012540;'> 13-Apr-2017 </td></tr></table> ]]> </description>
    </item>
    <item>
      <pubDate>Thu, 13 Apr 2017 00:00:00</pubDate>
      <title><![CDATA[Mirae Asset Savings Bond Fund-Regular Savings Plan- Weekly Dividend]]></title>
      <link>http://portal.amfiindia.com/schemedetails.aspx?cmbmfname=45&amp;SdId=107701</link>
      <description><![CDATA[<table border="0" cellspacing="4" cellpadding="2"><tr> <td style='background-color:&CADDEC;FONT-FAMILY: Verdana,Arial,San-serif; FONT-SIZE: 8pt; FONT-WEIGHT: bold; Color:&012540;'><b> Category  </b></td> <td style='FONT-FAMILY: Verdana,Arial,San-serif; FONT-SIZE: 8pt; Color:&012540;'> Income </td></tr><tr> <td style='background-color:&CADDEC;FONT-FAMILY: Verdana,Arial,San-serif; FONT-SIZE: 8pt; FONT-WEIGHT: bold; Color:&012540;'><b> NAV  </b></td> <td style='FONT-FAMILY: Verdana,Arial,San-serif; FONT-SIZE: 8pt; Color:&012540;'> 1115.0540 </td></tr><tr> <td style='background-color:&CADDEC;FONT-FAMILY: Verdana,Arial,San-serif; FONT-SIZE: 8pt; FONT-WEIGHT: bold; Color:&012540;'><b> Repurchase Price  </b></td> <td style='FONT-FAMILY: Verdana,Arial,San-serif; FONT-SIZE: 8pt; Color:&012540;'> 1115.0540 </td></tr><tr> <td style='background-color:&CADDEC;FONT-FAMILY: Verdana,Arial,San-serif; FONT-SIZE: 8pt; FONT-WEIGHT: bold; Color:&012540;'><b> Sale Price  </b></td> <td style='FONT-FAMILY: Verdana,Arial,San-serif; FONT-SIZE: 8pt; Color:&012540;'> 1115.0540 </td></tr><tr> <td style='background-color:&CADDEC;FONT-FAMILY: Verdana,Arial,San-serif; FONT-SIZE: 8pt; FONT-WEIGHT: bold; Color:&012540;'><b> Date </b></td> <td style='FONT-FAMILY: Verdana,Arial,San-serif; FONT-SIZE: 8pt; Color:&012540;'> 13-Apr-2017 </td></tr></table> ]]> </description>
    </item>
    <item>
      <pubDate>Thu, 13 Apr 2017 00:00:00</pubDate>
      <title><![CDATA[Mirae Asset Savings Fund - Direct Plan - Daily Dividend]]></title>
      <link>http://portal.amfiindia.com/schemedetails.aspx?cmbmfname=45&amp;SdId=118843</link>
      <description><![CDATA[<table border="0" cellspacing="4" cellpadding="2"><tr> <td style='background-color:&CADDEC;FONT-FAMILY: Verdana,Arial,San-serif; FONT-SIZE: 8pt; FONT-WEIGHT: bold; Color:&012540;'><b> Category  </b></td> <td style='FONT-FAMILY: Verdana,Arial,San-serif; FONT-SIZE: 8pt; Color:&012540;'> Income </td></tr><tr> <td style='background-color:&CADDEC;FONT-FAMILY: Verdana,Arial,San-serif; FONT-SIZE: 8pt; FONT-WEIGHT: bold; Color:&012540;'><b> NAV  </b></td> <td style='FONT-FAMILY: Verdana,Arial,San-serif; FONT-SIZE: 8pt; Color:&012540;'> 1222.3352 </td></tr><tr> <td style='background-color:&CADDEC;FONT-FAMILY: Verdana,Arial,San-serif; FONT-SIZE: 8pt; FONT-WEIGHT: bold; Color:&012540;'><b> Repurchase Price  </b></td> <td style='FONT-FAMILY: Verdana,Arial,San-serif; FONT-SIZE: 8pt; Color:&012540;'> 1222.3352 </td></tr><tr> <td style='background-color:&CADDEC;FONT-FAMILY: Verdana,Arial,San-serif; FONT-SIZE: 8pt; FONT-WEIGHT: bold; Color:&012540;'><b> Sale Price  </b></td> <td style='FONT-FAMILY: Verdana,Arial,San-serif; FONT-SIZE: 8pt; Color:&012540;'> 1222.3352 </td></tr><tr> <td style='background-color:&CADDEC;FONT-FAMILY: Verdana,Arial,San-serif; FONT-SIZE: 8pt; FONT-WEIGHT: bold; Color:&012540;'><b> Date </b></td> <td style='FONT-FAMILY: Verdana,Arial,San-serif; FONT-SIZE: 8pt; Color:&012540;'> 13-Apr-2017 </td></tr></table> ]]> </description>
    </item>
    <item>
      <pubDate>Thu, 13 Apr 2017 00:00:00</pubDate>
      <title><![CDATA[Mirae Asset Savings Fund - Direct Plan - Growth]]></title>
      <link>http://portal.amfiindia.com/schemedetails.aspx?cmbmfname=45&amp;SdId=118840</link>
      <description><![CDATA[<table border="0" cellspacing="4" cellpadding="2"><tr> <td style='background-color:&CADDEC;FONT-FAMILY: Verdana,Arial,San-serif; FONT-SIZE: 8pt; FONT-WEIGHT: bold; Color:&012540;'><b> Category  </b></td> <td style='FONT-FAMILY: Verdana,Arial,San-serif; FONT-SIZE: 8pt; Color:&012540;'> Income </td></tr><tr> <td style='background-color:&CADDEC;FONT-FAMILY: Verdana,Arial,San-serif; FONT-SIZE: 8pt; FONT-WEIGHT: bold; Color:&012540;'><b> NAV  </b></td> <td style='FONT-FAMILY: Verdana,Arial,San-serif; FONT-SIZE: 8pt; Color:&012540;'> 1464.0381 </td></tr><tr> <td style='background-color:&CADDEC;FONT-FAMILY: Verdana,Arial,San-serif; FONT-SIZE: 8pt; FONT-WEIGHT: bold; Color:&012540;'><b> Repurchase Price  </b></td> <td style='FONT-FAMILY: Verdana,Arial,San-serif; FONT-SIZE: 8pt; Color:&012540;'> 1464.0381 </td></tr><tr> <td style='background-color:&CADDEC;FONT-FAMILY: Verdana,Arial,San-serif; FONT-SIZE: 8pt; FONT-WEIGHT: bold; Color:&012540;'><b> Sale Price  </b></td> <td style='FONT-FAMILY: Verdana,Arial,San-serif; FONT-SIZE: 8pt; Color:&012540;'> 1464.0381 </td></tr><tr> <td style='background-color:&CADDEC;FONT-FAMILY: Verdana,Arial,San-serif; FONT-SIZE: 8pt; FONT-WEIGHT: bold; Color:&012540;'><b> Date </b></td> <td style='FONT-FAMILY: Verdana,Arial,San-serif; FONT-SIZE: 8pt; Color:&012540;'> 13-Apr-2017 </td></tr></table> ]]> </description>
    </item>
    <item>
      <pubDate>Thu, 13 Apr 2017 00:00:00</pubDate>
      <title><![CDATA[Mirae Asset Savings Fund - Direct Plan - Monthly Dividend]]></title>
      <link>http://portal.amfiindia.com/schemedetails.aspx?cmbmfname=45&amp;SdId=118841</link>
      <description><![CDATA[<table border="0" cellspacing="4" cellpadding="2"><tr> <td style='background-color:&CADDEC;FONT-FAMILY: Verdana,Arial,San-serif; FONT-SIZE: 8pt; FONT-WEIGHT: bold; Color:&012540;'><b> Category  </b></td> <td style='FONT-FAMILY: Verdana,Arial,San-serif; FONT-SIZE: 8pt; Color:&012540;'> Income </td></tr><tr> <td style='background-color:&CADDEC;FONT-FAMILY: Verdana,Arial,San-serif; FONT-SIZE: 8pt; FONT-WEIGHT: bold; Color:&012540;'><b> NAV  </b></td> <td style='FONT-FAMILY: Verdana,Arial,San-serif; FONT-SIZE: 8pt; Color:&012540;'> 1129.8804 </td></tr><tr> <td style='background-color:&CADDEC;FONT-FAMILY: Verdana,Arial,San-serif; FONT-SIZE: 8pt; FONT-WEIGHT: bold; Color:&012540;'><b> Repurchase Price  </b></td> <td style='FONT-FAMILY: Verdana,Arial,San-serif; FONT-SIZE: 8pt; Color:&012540;'> 1129.8804 </td></tr><tr> <td style='background-color:&CADDEC;FONT-FAMILY: Verdana,Arial,San-serif; FONT-SIZE: 8pt; FONT-WEIGHT: bold; Color:&012540;'><b> Sale Price  </b></td> <td style='FONT-FAMILY: Verdana,Arial,San-serif; FONT-SIZE: 8pt; Color:&012540;'> 1129.8804 </td></tr><tr> <td style='background-color:&CADDEC;FONT-FAMILY: Verdana,Arial,San-serif; FONT-SIZE: 8pt; FONT-WEIGHT: bold; Color:&012540;'><b> Date </b></td> <td style='FONT-FAMILY: Verdana,Arial,San-serif; FONT-SIZE: 8pt; Color:&012540;'> 13-Apr-2017 </td></tr></table> ]]> </description>
    </item>
    <item>
      <pubDate>Thu, 13 Apr 2017 00:00:00</pubDate>
      <title><![CDATA[Mirae Asset Savings Fund - Direct Plan - Quarterly Dividend]]></title>
      <link>http://portal.amfiindia.com/schemedetails.aspx?cmbmfname=45&amp;SdId=118842</link>
      <description><![CDATA[<table border="0" cellspacing="4" cellpadding="2"><tr> <td style='background-color:&CADDEC;FONT-FAMILY: Verdana,Arial,San-serif; FONT-SIZE: 8pt; FONT-WEIGHT: bold; Color:&012540;'><b> Category  </b></td> <td style='FONT-FAMILY: Verdana,Arial,San-serif; FONT-SIZE: 8pt; Color:&012540;'> Income </td></tr><tr> <td style='background-color:&CADDEC;FONT-FAMILY: Verdana,Arial,San-serif; FONT-SIZE: 8pt; FONT-WEIGHT: bold; Color:&012540;'><b> NAV  </b></td> <td style='FONT-FAMILY: Verdana,Arial,San-serif; FONT-SIZE: 8pt; Color:&012540;'> 1045.2954 </td></tr><tr> <td style='background-color:&CADDEC;FONT-FAMILY: Verdana,Arial,San-serif; FONT-SIZE: 8pt; FONT-WEIGHT: bold; Color:&012540;'><b> Repurchase Price  </b></td> <td style='FONT-FAMILY: Verdana,Arial,San-serif; FONT-SIZE: 8pt; Color:&012540;'> 1045.2954 </td></tr><tr> <td style='background-color:&CADDEC;FONT-FAMILY: Verdana,Arial,San-serif; FONT-SIZE: 8pt; FONT-WEIGHT: bold; Color:&012540;'><b> Sale Price  </b></td> <td style='FONT-FAMILY: Verdana,Arial,San-serif; FONT-SIZE: 8pt; Color:&012540;'> 1045.2954 </td></tr><tr> <td style='background-color:&CADDEC;FONT-FAMILY: Verdana,Arial,San-serif; FONT-SIZE: 8pt; FONT-WEIGHT: bold; Color:&012540;'><b> Date </b></td> <td style='FONT-FAMILY: Verdana,Arial,San-serif; FONT-SIZE: 8pt; Color:&012540;'> 13-Apr-2017 </td></tr></table> ]]> </description>
    </item>
    <item>
      <pubDate>Thu, 13 Apr 2017 00:00:00</pubDate>
      <title><![CDATA[Mirae Asset Savings Fund - Direct Plan - Weekly Dividend]]></title>
      <link>http://portal.amfiindia.com/schemedetails.aspx?cmbmfname=45&amp;SdId=118844</link>
      <description><![CDATA[<table border="0" cellspacing="4" cellpadding="2"><tr> <td style='background-color:&CADDEC;FONT-FAMILY: Verdana,Arial,San-serif; FONT-SIZE: 8pt; FONT-WEIGHT: bold; Color:&012540;'><b> Category  </b></td> <td style='FONT-FAMILY: Verdana,Arial,San-serif; FONT-SIZE: 8pt; Color:&012540;'> Income </td></tr><tr> <td style='background-color:&CADDEC;FONT-FAMILY: Verdana,Arial,San-serif; FONT-SIZE: 8pt; FONT-WEIGHT: bold; Color:&012540;'><b> NAV  </b></td> <td style='FONT-FAMILY: Verdana,Arial,San-serif; FONT-SIZE: 8pt; Color:&012540;'> 1417.5966 </td></tr><tr> <td style='background-color:&CADDEC;FONT-FAMILY: Verdana,Arial,San-serif; FONT-SIZE: 8pt; FONT-WEIGHT: bold; Color:&012540;'><b> Repurchase Price  </b></td> <td style='FONT-FAMILY: Verdana,Arial,San-serif; FONT-SIZE: 8pt; Color:&012540;'> 1417.5966 </td></tr><tr> <td style='background-color:&CADDEC;FONT-FAMILY: Verdana,Arial,San-serif; FONT-SIZE: 8pt; FONT-WEIGHT: bold; Color:&012540;'><b> Sale Price  </b></td> <td style='FONT-FAMILY: Verdana,Arial,San-serif; FONT-SIZE: 8pt; Color:&012540;'> 1417.5966 </td></tr><tr> <td style='background-color:&CADDEC;FONT-FAMILY: Verdana,Arial,San-serif; FONT-SIZE: 8pt; FONT-WEIGHT: bold; Color:&012540;'><b> Date </b></td> <td style='FONT-FAMILY: Verdana,Arial,San-serif; FONT-SIZE: 8pt; Color:&012540;'> 13-Apr-2017 </td></tr></table> ]]> </description>
    </item>
    <item>
      <pubDate>Thu, 13 Apr 2017 00:00:00</pubDate>
      <title><![CDATA[Mirae Asset Savings Fund-Regular Plan- Daily Dividend]]></title>
      <link>http://portal.amfiindia.com/schemedetails.aspx?cmbmfname=45&amp;SdId=107698</link>
      <description><![CDATA[<table border="0" cellspacing="4" cellpadding="2"><tr> <td style='background-color:&CADDEC;FONT-FAMILY: Verdana,Arial,San-serif; FONT-SIZE: 8pt; FONT-WEIGHT: bold; Color:&012540;'><b> Category  </b></td> <td style='FONT-FAMILY: Verdana,Arial,San-serif; FONT-SIZE: 8pt; Color:&012540;'> Income </td></tr><tr> <td style='background-color:&CADDEC;FONT-FAMILY: Verdana,Arial,San-serif; FONT-SIZE: 8pt; FONT-WEIGHT: bold; Color:&012540;'><b> NAV  </b></td> <td style='FONT-FAMILY: Verdana,Arial,San-serif; FONT-SIZE: 8pt; Color:&012540;'> 1602.3974 </td></tr><tr> <td style='background-color:&CADDEC;FONT-FAMILY: Verdana,Arial,San-serif; FONT-SIZE: 8pt; FONT-WEIGHT: bold; Color:&012540;'><b> Repurchase Price  </b></td> <td style='FONT-FAMILY: Verdana,Arial,San-serif; FONT-SIZE: 8pt; Color:&012540;'> 1602.3974 </td></tr><tr> <td style='background-color:&CADDEC;FONT-FAMILY: Verdana,Arial,San-serif; FONT-SIZE: 8pt; FONT-WEIGHT: bold; Color:&012540;'><b> Sale Price  </b></td> <td style='FONT-FAMILY: Verdana,Arial,San-serif; FONT-SIZE: 8pt; Color:&012540;'> 1602.3974 </td></tr><tr> <td style='background-color:&CADDEC;FONT-FAMILY: Verdana,Arial,San-serif; FONT-SIZE: 8pt; FONT-WEIGHT: bold; Color:&012540;'><b> Date </b></td> <td style='FONT-FAMILY: Verdana,Arial,San-serif; FONT-SIZE: 8pt; Color:&012540;'> 13-Apr-2017 </td></tr></table> ]]> </description>
    </item>
    <item>
      <pubDate>Thu, 13 Apr 2017 00:00:00</pubDate>
      <title><![CDATA[Mirae Asset Savings Fund-Regular Plan- Growth]]></title>
      <link>http://portal.amfiindia.com/schemedetails.aspx?cmbmfname=45&amp;SdId=107695</link>
      <description><![CDATA[<table border="0" cellspacing="4" cellpadding="2"><tr> <td style='background-color:&CADDEC;FONT-FAMILY: Verdana,Arial,San-serif; FONT-SIZE: 8pt; FONT-WEIGHT: bold; Color:&012540;'><b> Category  </b></td> <td style='FONT-FAMILY: Verdana,Arial,San-serif; FONT-SIZE: 8pt; Color:&012540;'> Income </td></tr><tr> <td style='background-color:&CADDEC;FONT-FAMILY: Verdana,Arial,San-serif; FONT-SIZE: 8pt; FONT-WEIGHT: bold; Color:&012540;'><b> NAV  </b></td> <td style='FONT-FAMILY: Verdana,Arial,San-serif; FONT-SIZE: 8pt; Color:&012540;'> 1680.8376 </td></tr><tr> <td style='background-color:&CADDEC;FONT-FAMILY: Verdana,Arial,San-serif; FONT-SIZE: 8pt; FONT-WEIGHT: bold; Color:&012540;'><b> Repurchase Price  </b></td> <td style='FONT-FAMILY: Verdana,Arial,San-serif; FONT-SIZE: 8pt; Color:&012540;'> 1680.8376 </td></tr><tr> <td style='background-color:&CADDEC;FONT-FAMILY: Verdana,Arial,San-serif; FONT-SIZE: 8pt; FONT-WEIGHT: bold; Color:&012540;'><b> Sale Price  </b></td> <td style='FONT-FAMILY: Verdana,Arial,San-serif; FONT-SIZE: 8pt; Color:&012540;'> 1680.8376 </td></tr><tr> <td style='background-color:&CADDEC;FONT-FAMILY: Verdana,Arial,San-serif; FONT-SIZE: 8pt; FONT-WEIGHT: bold; Color:&012540;'><b> Date </b></td> <td style='FONT-FAMILY: Verdana,Arial,San-serif; FONT-SIZE: 8pt; Color:&012540;'> 13-Apr-2017 </td></tr></table> ]]> </description>
    </item>
    <item>
      <pubDate>Thu, 13 Apr 2017 00:00:00</pubDate>
      <title><![CDATA[Mirae Asset Savings Fund-Regular Plan- Monthly Dividend]]></title>
      <link>http://portal.amfiindia.com/schemedetails.aspx?cmbmfname=45&amp;SdId=107697</link>
      <description><![CDATA[<table border="0" cellspacing="4" cellpadding="2"><tr> <td style='background-color:&CADDEC;FONT-FAMILY: Verdana,Arial,San-serif; FONT-SIZE: 8pt; FONT-WEIGHT: bold; Color:&012540;'><b> Category  </b></td> <td style='FONT-FAMILY: Verdana,Arial,San-serif; FONT-SIZE: 8pt; Color:&012540;'> Income </td></tr><tr> <td style='background-color:&CADDEC;FONT-FAMILY: Verdana,Arial,San-serif; FONT-SIZE: 8pt; FONT-WEIGHT: bold; Color:&012540;'><b> NAV  </b></td> <td style='FONT-FAMILY: Verdana,Arial,San-serif; FONT-SIZE: 8pt; Color:&012540;'> 1605.9642 </td></tr><tr> <td style='background-color:&CADDEC;FONT-FAMILY: Verdana,Arial,San-serif; FONT-SIZE: 8pt; FONT-WEIGHT: bold; Color:&012540;'><b> Repurchase Price  </b></td> <td style='FONT-FAMILY: Verdana,Arial,San-serif; FONT-SIZE: 8pt; Color:&012540;'> 1605.9642 </td></tr><tr> <td style='background-color:&CADDEC;FONT-FAMILY: Verdana,Arial,San-serif; FONT-SIZE: 8pt; FONT-WEIGHT: bold; Color:&012540;'><b> Sale Price  </b></td> <td style='FONT-FAMILY: Verdana,Arial,San-serif; FONT-SIZE: 8pt; Color:&012540;'> 1605.9642 </td></tr><tr> <td style='background-color:&CADDEC;FONT-FAMILY: Verdana,Arial,San-serif; FONT-SIZE: 8pt; FONT-WEIGHT: bold; Color:&012540;'><b> Date </b></td> <td style='FONT-FAMILY: Verdana,Arial,San-serif; FONT-SIZE: 8pt; Color:&012540;'> 13-Apr-2017 </td></tr></table> ]]> </description>
    </item>
    <item>
      <pubDate>Tue, 26 Jun 2012 00:00:00</pubDate>
      <title><![CDATA[Mirae Asset Savings Fund-Regular Plan- Quarterly Dividend]]></title>
      <link>http://portal.amfiindia.com/schemedetails.aspx?cmbmfname=45&amp;SdId=107699</link>
      <description><![CDATA[<table border="0" cellspacing="4" cellpadding="2"><tr> <td style='background-color:&CADDEC;FONT-FAMILY: Verdana,Arial,San-serif; FONT-SIZE: 8pt; FONT-WEIGHT: bold; Color:&012540;'><b> Category  </b></td> <td style='FONT-FAMILY: Verdana,Arial,San-serif; FONT-SIZE: 8pt; Color:&012540;'> Income </td></tr><tr> <td style='background-color:&CADDEC;FONT-FAMILY: Verdana,Arial,San-serif; FONT-SIZE: 8pt; FONT-WEIGHT: bold; Color:&012540;'><b> NAV  </b></td> <td style='FONT-FAMILY: Verdana,Arial,San-serif; FONT-SIZE: 8pt; Color:&012540;'> 1000.3693 </td></tr><tr> <td style='background-color:&CADDEC;FONT-FAMILY: Verdana,Arial,San-serif; FONT-SIZE: 8pt; FONT-WEIGHT: bold; Color:&012540;'><b> Repurchase Price  </b></td> <td style='FONT-FAMILY: Verdana,Arial,San-serif; FONT-SIZE: 8pt; Color:&012540;'> 1000.3693 </td></tr><tr> <td style='background-color:&CADDEC;FONT-FAMILY: Verdana,Arial,San-serif; FONT-SIZE: 8pt; FONT-WEIGHT: bold; Color:&012540;'><b> Sale Price  </b></td> <td style='FONT-FAMILY: Verdana,Arial,San-serif; FONT-SIZE: 8pt; Color:&012540;'> 1000.3693 </td></tr><tr> <td style='background-color:&CADDEC;FONT-FAMILY: Verdana,Arial,San-serif; FONT-SIZE: 8pt; FONT-WEIGHT: bold; Color:&012540;'><b> Date </b></td> <td style='FONT-FAMILY: Verdana,Arial,San-serif; FONT-SIZE: 8pt; Color:&012540;'> 26-Jun-2012 </td></tr></table> ]]> </description>
    </item>
    <item>
      <pubDate>Thu, 13 Apr 2017 00:00:00</pubDate>
      <title><![CDATA[Mirae Asset Savings Fund-Regular Plan- Weekly Dividend]]></title>
      <link>http://portal.amfiindia.com/schemedetails.aspx?cmbmfname=45&amp;SdId=107696</link>
      <description><![CDATA[<table border="0" cellspacing="4" cellpadding="2"><tr> <td style='background-color:&CADDEC;FONT-FAMILY: Verdana,Arial,San-serif; FONT-SIZE: 8pt; FONT-WEIGHT: bold; Color:&012540;'><b> Category  </b></td> <td style='FONT-FAMILY: Verdana,Arial,San-serif; FONT-SIZE: 8pt; Color:&012540;'> Income </td></tr><tr> <td style='background-color:&CADDEC;FONT-FAMILY: Verdana,Arial,San-serif; FONT-SIZE: 8pt; FONT-WEIGHT: bold; Color:&012540;'><b> NAV  </b></td> <td style='FONT-FAMILY: Verdana,Arial,San-serif; FONT-SIZE: 8pt; Color:&012540;'> 1602.5534 </td></tr><tr> <td style='background-color:&CADDEC;FONT-FAMILY: Verdana,Arial,San-serif; FONT-SIZE: 8pt; FONT-WEIGHT: bold; Color:&012540;'><b> Repurchase Price  </b></td> <td style='FONT-FAMILY: Verdana,Arial,San-serif; FONT-SIZE: 8pt; Color:&012540;'> 1602.5534 </td></tr><tr> <td style='background-color:&CADDEC;FONT-FAMILY: Verdana,Arial,San-serif; FONT-SIZE: 8pt; FONT-WEIGHT: bold; Color:&012540;'><b> Sale Price  </b></td> <td style='FONT-FAMILY: Verdana,Arial,San-serif; FONT-SIZE: 8pt; Color:&012540;'> 1602.5534 </td></tr><tr> <td style='background-color:&CADDEC;FONT-FAMILY: Verdana,Arial,San-serif; FONT-SIZE: 8pt; FONT-WEIGHT: bold; Color:&012540;'><b> Date </b></td> <td style='FONT-FAMILY: Verdana,Arial,San-serif; FONT-SIZE: 8pt; Color:&012540;'> 13-Apr-2017 </td></tr></table> ]]> </description>
    </item>
    <item>
      <pubDate>Thu, 13 Apr 2017 00:00:00</pubDate>
      <title><![CDATA[Mirae Asset Savings Fund-Regular Savings Plan- Growth]]></title>
      <link>http://portal.amfiindia.com/schemedetails.aspx?cmbmfname=45&amp;SdId=107705</link>
      <description><![CDATA[<table border="0" cellspacing="4" cellpadding="2"><tr> <td style='background-color:&CADDEC;FONT-FAMILY: Verdana,Arial,San-serif; FONT-SIZE: 8pt; FONT-WEIGHT: bold; Color:&012540;'><b> Category  </b></td> <td style='FONT-FAMILY: Verdana,Arial,San-serif; FONT-SIZE: 8pt; Color:&012540;'> Income </td></tr><tr> <td style='background-color:&CADDEC;FONT-FAMILY: Verdana,Arial,San-serif; FONT-SIZE: 8pt; FONT-WEIGHT: bold; Color:&012540;'><b> NAV  </b></td> <td style='FONT-FAMILY: Verdana,Arial,San-serif; FONT-SIZE: 8pt; Color:&012540;'> 1417.5406 </td></tr><tr> <td style='background-color:&CADDEC;FONT-FAMILY: Verdana,Arial,San-serif; FONT-SIZE: 8pt; FONT-WEIGHT: bold; Color:&012540;'><b> Repurchase Price  </b></td> <td style='FONT-FAMILY: Verdana,Arial,San-serif; FONT-SIZE: 8pt; Color:&012540;'> 1417.5406 </td></tr><tr> <td style='background-color:&CADDEC;FONT-FAMILY: Verdana,Arial,San-serif; FONT-SIZE: 8pt; FONT-WEIGHT: bold; Color:&012540;'><b> Sale Price  </b></td> <td style='FONT-FAMILY: Verdana,Arial,San-serif; FONT-SIZE: 8pt; Color:&012540;'> 1417.5406 </td></tr><tr> <td style='background-color:&CADDEC;FONT-FAMILY: Verdana,Arial,San-serif; FONT-SIZE: 8pt; FONT-WEIGHT: bold; Color:&012540;'><b> Date </b></td> <td style='FONT-FAMILY: Verdana,Arial,San-serif; FONT-SIZE: 8pt; Color:&012540;'> 13-Apr-2017 </td></tr></table> ]]> </description>
    </item>
    <item>
      <pubDate>Thu, 13 Apr 2017 00:00:00</pubDate>
      <title><![CDATA[Mirae Asset Savings Fund-Regular Savings Plan- Monthly Dividend]]></title>
      <link>http://portal.amfiindia.com/schemedetails.aspx?cmbmfname=45&amp;SdId=107704</link>
      <description><![CDATA[<table border="0" cellspacing="4" cellpadding="2"><tr> <td style='background-color:&CADDEC;FONT-FAMILY: Verdana,Arial,San-serif; FONT-SIZE: 8pt; FONT-WEIGHT: bold; Color:&012540;'><b> Category  </b></td> <td style='FONT-FAMILY: Verdana,Arial,San-serif; FONT-SIZE: 8pt; Color:&012540;'> Income </td></tr><tr> <td style='background-color:&CADDEC;FONT-FAMILY: Verdana,Arial,San-serif; FONT-SIZE: 8pt; FONT-WEIGHT: bold; Color:&012540;'><b> NAV  </b></td> <td style='FONT-FAMILY: Verdana,Arial,San-serif; FONT-SIZE: 8pt; Color:&012540;'> 1097.4055 </td></tr><tr> <td style='background-color:&CADDEC;FONT-FAMILY: Verdana,Arial,San-serif; FONT-SIZE: 8pt; FONT-WEIGHT: bold; Color:&012540;'><b> Repurchase Price  </b></td> <td style='FONT-FAMILY: Verdana,Arial,San-serif; FONT-SIZE: 8pt; Color:&012540;'> 1097.4055 </td></tr><tr> <td style='background-color:&CADDEC;FONT-FAMILY: Verdana,Arial,San-serif; FONT-SIZE: 8pt; FONT-WEIGHT: bold; Color:&012540;'><b> Sale Price  </b></td> <td style='FONT-FAMILY: Verdana,Arial,San-serif; FONT-SIZE: 8pt; Color:&012540;'> 1097.4055 </td></tr><tr> <td style='background-color:&CADDEC;FONT-FAMILY: Verdana,Arial,San-serif; FONT-SIZE: 8pt; FONT-WEIGHT: bold; Color:&012540;'><b> Date </b></td> <td style='FONT-FAMILY: Verdana,Arial,San-serif; FONT-SIZE: 8pt; Color:&012540;'> 13-Apr-2017 </td></tr></table> ]]> </description>
    </item>
    <item>
      <pubDate>Thu, 13 Apr 2017 00:00:00</pubDate>
      <title><![CDATA[Mirae Asset Savings Fund-Regular Savings Plan- Quarterly Dividend]]></title>
      <link>http://portal.amfiindia.com/schemedetails.aspx?cmbmfname=45&amp;SdId=107702</link>
      <description><![CDATA[<table border="0" cellspacing="4" cellpadding="2"><tr> <td style='background-color:&CADDEC;FONT-FAMILY: Verdana,Arial,San-serif; FONT-SIZE: 8pt; FONT-WEIGHT: bold; Color:&012540;'><b> Category  </b></td> <td style='FONT-FAMILY: Verdana,Arial,San-serif; FONT-SIZE: 8pt; Color:&012540;'> Income </td></tr><tr> <td style='background-color:&CADDEC;FONT-FAMILY: Verdana,Arial,San-serif; FONT-SIZE: 8pt; FONT-WEIGHT: bold; Color:&012540;'><b> NAV  </b></td> <td style='FONT-FAMILY: Verdana,Arial,San-serif; FONT-SIZE: 8pt; Color:&012540;'> 1024.6848 </td></tr><tr> <td style='background-color:&CADDEC;FONT-FAMILY: Verdana,Arial,San-serif; FONT-SIZE: 8pt; FONT-WEIGHT: bold; Color:&012540;'><b> Repurchase Price  </b></td> <td style='FONT-FAMILY: Verdana,Arial,San-serif; FONT-SIZE: 8pt; Color:&012540;'> 1024.6848 </td></tr><tr> <td style='background-color:&CADDEC;FONT-FAMILY: Verdana,Arial,San-serif; FONT-SIZE: 8pt; FONT-WEIGHT: bold; Color:&012540;'><b> Sale Price  </b></td> <td style='FONT-FAMILY: Verdana,Arial,San-serif; FONT-SIZE: 8pt; Color:&012540;'> 1024.6848 </td></tr><tr> <td style='background-color:&CADDEC;FONT-FAMILY: Verdana,Arial,San-serif; FONT-SIZE: 8pt; FONT-WEIGHT: bold; Color:&012540;'><b> Date </b></td> <td style='FONT-FAMILY: Verdana,Arial,San-serif; FONT-SIZE: 8pt; Color:&012540;'> 13-Apr-2017 </td></tr></table> ]]> </description>
    </item>
    <item>
      <pubDate>Thu, 13 Apr 2017 00:00:00</pubDate>
      <title><![CDATA[Mirae Asset SavingsFund-Regular Savings Plan- Daily Dividend]]></title>
      <link>http://portal.amfiindia.com/schemedetails.aspx?cmbmfname=45&amp;SdId=107700</link>
      <description><![CDATA[<table border="0" cellspacing="4" cellpadding="2"><tr> <td style='background-color:&CADDEC;FONT-FAMILY: Verdana,Arial,San-serif; FONT-SIZE: 8pt; FONT-WEIGHT: bold; Color:&012540;'><b> Category  </b></td> <td style='FONT-FAMILY: Verdana,Arial,San-serif; FONT-SIZE: 8pt; Color:&012540;'> Income </td></tr><tr> <td style='background-color:&CADDEC;FONT-FAMILY: Verdana,Arial,San-serif; FONT-SIZE: 8pt; FONT-WEIGHT: bold; Color:&012540;'><b> NAV  </b></td> <td style='FONT-FAMILY: Verdana,Arial,San-serif; FONT-SIZE: 8pt; Color:&012540;'> 1016.5268 </td></tr><tr> <td style='background-color:&CADDEC;FONT-FAMILY: Verdana,Arial,San-serif; FONT-SIZE: 8pt; FONT-WEIGHT: bold; Color:&012540;'><b> Repurchase Price  </b></td> <td style='FONT-FAMILY: Verdana,Arial,San-serif; FONT-SIZE: 8pt; Color:&012540;'> 1016.5268 </td></tr><tr> <td style='background-color:&CADDEC;FONT-FAMILY: Verdana,Arial,San-serif; FONT-SIZE: 8pt; FONT-WEIGHT: bold; Color:&012540;'><b> Sale Price  </b></td> <td style='FONT-FAMILY: Verdana,Arial,San-serif; FONT-SIZE: 8pt; Color:&012540;'> 1016.5268 </td></tr><tr> <td style='background-color:&CADDEC;FONT-FAMILY: Verdana,Arial,San-serif; FONT-SIZE: 8pt; FONT-WEIGHT: bold; Color:&012540;'><b> Date </b></td> <td style='FONT-FAMILY: Verdana,Arial,San-serif; FONT-SIZE: 8pt; Color:&012540;'> 13-Apr-2017 </td></tr></table> ]]> </description>
    </item>
    <item>
      <pubDate>Thu, 03 Mar 2016 00:00:00</pubDate>
      <title><![CDATA[Mirae Asset Short Term Bond Fund - Regular - Mly Dividend Option]]></title>
      <link>http://portal.amfiindia.com/schemedetails.aspx?cmbmfname=45&amp;SdId=112020</link>
      <description><![CDATA[<table border="0" cellspacing="4" cellpadding="2"><tr> <td style='background-color:&CADDEC;FONT-FAMILY: Verdana,Arial,San-serif; FONT-SIZE: 8pt; FONT-WEIGHT: bold; Color:&012540;'><b> Category  </b></td> <td style='FONT-FAMILY: Verdana,Arial,San-serif; FONT-SIZE: 8pt; Color:&012540;'> Income </td></tr><tr> <td style='background-color:&CADDEC;FONT-FAMILY: Verdana,Arial,San-serif; FONT-SIZE: 8pt; FONT-WEIGHT: bold; Color:&012540;'><b> NAV  </b></td> <td style='FONT-FAMILY: Verdana,Arial,San-serif; FONT-SIZE: 8pt; Color:&012540;'> 10.3019 </td></tr><tr> <td style='background-color:&CADDEC;FONT-FAMILY: Verdana,Arial,San-serif; FONT-SIZE: 8pt; FONT-WEIGHT: bold; Color:&012540;'><b> Repurchase Price  </b></td> <td style='FONT-FAMILY: Verdana,Arial,San-serif; FONT-SIZE: 8pt; Color:&012540;'> 10.2504 </td></tr><tr> <td style='background-color:&CADDEC;FONT-FAMILY: Verdana,Arial,San-serif; FONT-SIZE: 8pt; FONT-WEIGHT: bold; Color:&012540;'><b> Sale Price  </b></td> <td style='FONT-FAMILY: Verdana,Arial,San-serif; FONT-SIZE: 8pt; Color:&012540;'> 10.3019 </td></tr><tr> <td style='background-color:&CADDEC;FONT-FAMILY: Verdana,Arial,San-serif; FONT-SIZE: 8pt; FONT-WEIGHT: bold; Color:&012540;'><b> Date </b></td> <td style='FONT-FAMILY: Verdana,Arial,San-serif; FONT-SIZE: 8pt; Color:&012540;'> 03-Mar-2016 </td></tr></table> ]]> </description>
    </item>
    <item>
      <pubDate>Thu, 13 Apr 2017 00:00:00</pubDate>
      <title><![CDATA[Mirae Asset Emerging Bluechip Fund - Direct Plan - Dividend]]></title>
      <link>http://portal.amfiindia.com/schemedetails.aspx?cmbmfname=45&amp;SdId=118835</link>
      <description><![CDATA[<table border="0" cellspacing="4" cellpadding="2"><tr> <td style='background-color:&CADDEC;FONT-FAMILY: Verdana,Arial,San-serif; FONT-SIZE: 8pt; FONT-WEIGHT: bold; Color:&012540;'><b> Category  </b></td> <td style='FONT-FAMILY: Verdana,Arial,San-serif; FONT-SIZE: 8pt; Color:&012540;'> Growth </td></tr><tr> <td style='background-color:&CADDEC;FONT-FAMILY: Verdana,Arial,San-serif; FONT-SIZE: 8pt; FONT-WEIGHT: bold; Color:&012540;'><b> NAV  </b></td> <td style='FONT-FAMILY: Verdana,Arial,San-serif; FONT-SIZE: 8pt; Color:&012540;'> 40.833 </td></tr><tr> <td style='background-color:&CADDEC;FONT-FAMILY: Verdana,Arial,San-serif; FONT-SIZE: 8pt; FONT-WEIGHT: bold; Color:&012540;'><b> Repurchase Price  </b></td> <td style='FONT-FAMILY: Verdana,Arial,San-serif; FONT-SIZE: 8pt; Color:&012540;'> 40.016 </td></tr><tr> <td style='background-color:&CADDEC;FONT-FAMILY: Verdana,Arial,San-serif; FONT-SIZE: 8pt; FONT-WEIGHT: bold; Color:&012540;'><b> Sale Price  </b></td> <td style='FONT-FAMILY: Verdana,Arial,San-serif; FONT-SIZE: 8pt; Color:&012540;'> 40.833 </td></tr><tr> <td style='background-color:&CADDEC;FONT-FAMILY: Verdana,Arial,San-serif; FONT-SIZE: 8pt; FONT-WEIGHT: bold; Color:&012540;'><b> Date </b></td> <td style='FONT-FAMILY: Verdana,Arial,San-serif; FONT-SIZE: 8pt; Color:&012540;'> 13-Apr-2017 </td></tr></table> ]]> </description>
    </item>
    <item>
      <pubDate>Thu, 13 Apr 2017 00:00:00</pubDate>
      <title><![CDATA[Mirae Asset Emerging Bluechip Fund - Direct Plan - Growth]]></title>
      <link>http://portal.amfiindia.com/schemedetails.aspx?cmbmfname=45&amp;SdId=118834</link>
      <description><![CDATA[<table border="0" cellspacing="4" cellpadding="2"><tr> <td style='background-color:&CADDEC;FONT-FAMILY: Verdana,Arial,San-serif; FONT-SIZE: 8pt; FONT-WEIGHT: bold; Color:&012540;'><b> Category  </b></td> <td style='FONT-FAMILY: Verdana,Arial,San-serif; FONT-SIZE: 8pt; Color:&012540;'> Growth </td></tr><tr> <td style='background-color:&CADDEC;FONT-FAMILY: Verdana,Arial,San-serif; FONT-SIZE: 8pt; FONT-WEIGHT: bold; Color:&012540;'><b> NAV  </b></td> <td style='FONT-FAMILY: Verdana,Arial,San-serif; FONT-SIZE: 8pt; Color:&012540;'> 44.777 </td></tr><tr> <td style='background-color:&CADDEC;FONT-FAMILY: Verdana,Arial,San-serif; FONT-SIZE: 8pt; FONT-WEIGHT: bold; Color:&012540;'><b> Repurchase Price  </b></td> <td style='FONT-FAMILY: Verdana,Arial,San-serif; FONT-SIZE: 8pt; Color:&012540;'> 43.881 </td></tr><tr> <td style='background-color:&CADDEC;FONT-FAMILY: Verdana,Arial,San-serif; FONT-SIZE: 8pt; FONT-WEIGHT: bold; Color:&012540;'><b> Sale Price  </b></td> <td style='FONT-FAMILY: Verdana,Arial,San-serif; FONT-SIZE: 8pt; Color:&012540;'> 44.777 </td></tr><tr> <td style='background-color:&CADDEC;FONT-FAMILY: Verdana,Arial,San-serif; FONT-SIZE: 8pt; FONT-WEIGHT: bold; Color:&012540;'><b> Date </b></td> <td style='FONT-FAMILY: Verdana,Arial,San-serif; FONT-SIZE: 8pt; Color:&012540;'> 13-Apr-2017 </td></tr></table> ]]> </description>
    </item>
    <item>
      <pubDate>Thu, 13 Apr 2017 00:00:00</pubDate>
      <title><![CDATA[Mirae Asset Emerging Bluechip Fund - Regular Plan - Dividend]]></title>
      <link>http://portal.amfiindia.com/schemedetails.aspx?cmbmfname=45&amp;SdId=112931</link>
      <description><![CDATA[<table border="0" cellspacing="4" cellpadding="2"><tr> <td style='background-color:&CADDEC;FONT-FAMILY: Verdana,Arial,San-serif; FONT-SIZE: 8pt; FONT-WEIGHT: bold; Color:&012540;'><b> Category  </b></td> <td style='FONT-FAMILY: Verdana,Arial,San-serif; FONT-SIZE: 8pt; Color:&012540;'> Growth </td></tr><tr> <td style='background-color:&CADDEC;FONT-FAMILY: Verdana,Arial,San-serif; FONT-SIZE: 8pt; FONT-WEIGHT: bold; Color:&012540;'><b> NAV  </b></td> <td style='FONT-FAMILY: Verdana,Arial,San-serif; FONT-SIZE: 8pt; Color:&012540;'> 28.071 </td></tr><tr> <td style='background-color:&CADDEC;FONT-FAMILY: Verdana,Arial,San-serif; FONT-SIZE: 8pt; FONT-WEIGHT: bold; Color:&012540;'><b> Repurchase Price  </b></td> <td style='FONT-FAMILY: Verdana,Arial,San-serif; FONT-SIZE: 8pt; Color:&012540;'> 27.510 </td></tr><tr> <td style='background-color:&CADDEC;FONT-FAMILY: Verdana,Arial,San-serif; FONT-SIZE: 8pt; FONT-WEIGHT: bold; Color:&012540;'><b> Sale Price  </b></td> <td style='FONT-FAMILY: Verdana,Arial,San-serif; FONT-SIZE: 8pt; Color:&012540;'> 28.071 </td></tr><tr> <td style='background-color:&CADDEC;FONT-FAMILY: Verdana,Arial,San-serif; FONT-SIZE: 8pt; FONT-WEIGHT: bold; Color:&012540;'><b> Date </b></td> <td style='FONT-FAMILY: Verdana,Arial,San-serif; FONT-SIZE: 8pt; Color:&012540;'> 13-Apr-2017 </td></tr></table> ]]> </description>
    </item>
    <item>
      <pubDate>Thu, 13 Apr 2017 00:00:00</pubDate>
      <title><![CDATA[Mirae Asset Emerging Bluechip Fund - Regular Plan - Growth Option]]></title>
      <link>http://portal.amfiindia.com/schemedetails.aspx?cmbmfname=45&amp;SdId=112932</link>
      <description><![CDATA[<table border="0" cellspacing="4" cellpadding="2"><tr> <td style='background-color:&CADDEC;FONT-FAMILY: Verdana,Arial,San-serif; FONT-SIZE: 8pt; FONT-WEIGHT: bold; Color:&012540;'><b> Category  </b></td> <td style='FONT-FAMILY: Verdana,Arial,San-serif; FONT-SIZE: 8pt; Color:&012540;'> Growth </td></tr><tr> <td style='background-color:&CADDEC;FONT-FAMILY: Verdana,Arial,San-serif; FONT-SIZE: 8pt; FONT-WEIGHT: bold; Color:&012540;'><b> NAV  </b></td> <td style='FONT-FAMILY: Verdana,Arial,San-serif; FONT-SIZE: 8pt; Color:&012540;'> 42.983 </td></tr><tr> <td style='background-color:&CADDEC;FONT-FAMILY: Verdana,Arial,San-serif; FONT-SIZE: 8pt; FONT-WEIGHT: bold; Color:&012540;'><b> Repurchase Price  </b></td> <td style='FONT-FAMILY: Verdana,Arial,San-serif; FONT-SIZE: 8pt; Color:&012540;'> 42.123 </td></tr><tr> <td style='background-color:&CADDEC;FONT-FAMILY: Verdana,Arial,San-serif; FONT-SIZE: 8pt; FONT-WEIGHT: bold; Color:&012540;'><b> Sale Price  </b></td> <td style='FONT-FAMILY: Verdana,Arial,San-serif; FONT-SIZE: 8pt; Color:&012540;'> 42.983 </td></tr><tr> <td style='background-color:&CADDEC;FONT-FAMILY: Verdana,Arial,San-serif; FONT-SIZE: 8pt; FONT-WEIGHT: bold; Color:&012540;'><b> Date </b></td> <td style='FONT-FAMILY: Verdana,Arial,San-serif; FONT-SIZE: 8pt; Color:&012540;'> 13-Apr-2017 </td></tr></table> ]]> </description>
    </item>
    <item>
      <pubDate>Thu, 13 Apr 2017 00:00:00</pubDate>
      <title><![CDATA[Mirae Asset Great Consumer Fund - Direct Plan - Dividend]]></title>
      <link>http://portal.amfiindia.com/schemedetails.aspx?cmbmfname=45&amp;SdId=118838</link>
      <description><![CDATA[<table border="0" cellspacing="4" cellpadding="2"><tr> <td style='background-color:&CADDEC;FONT-FAMILY: Verdana,Arial,San-serif; FONT-SIZE: 8pt; FONT-WEIGHT: bold; Color:&012540;'><b> Category  </b></td> <td style='FONT-FAMILY: Verdana,Arial,San-serif; FONT-SIZE: 8pt; Color:&012540;'> Growth </td></tr><tr> <td style='background-color:&CADDEC;FONT-FAMILY: Verdana,Arial,San-serif; FONT-SIZE: 8pt; FONT-WEIGHT: bold; Color:&012540;'><b> NAV  </b></td> <td style='FONT-FAMILY: Verdana,Arial,San-serif; FONT-SIZE: 8pt; Color:&012540;'> 27.133 </td></tr><tr> <td style='background-color:&CADDEC;FONT-FAMILY: Verdana,Arial,San-serif; FONT-SIZE: 8pt; FONT-WEIGHT: bold; Color:&012540;'><b> Repurchase Price  </b></td> <td style='FONT-FAMILY: Verdana,Arial,San-serif; FONT-SIZE: 8pt; Color:&012540;'> 26.590 </td></tr><tr> <td style='background-color:&CADDEC;FONT-FAMILY: Verdana,Arial,San-serif; FONT-SIZE: 8pt; FONT-WEIGHT: bold; Color:&012540;'><b> Sale Price  </b></td> <td style='FONT-FAMILY: Verdana,Arial,San-serif; FONT-SIZE: 8pt; Color:&012540;'> 27.133 </td></tr><tr> <td style='background-color:&CADDEC;FONT-FAMILY: Verdana,Arial,San-serif; FONT-SIZE: 8pt; FONT-WEIGHT: bold; Color:&012540;'><b> Date </b></td> <td style='FONT-FAMILY: Verdana,Arial,San-serif; FONT-SIZE: 8pt; Color:&012540;'> 13-Apr-2017 </td></tr></table> ]]> </description>
    </item>
    <item>
      <pubDate>Thu, 13 Apr 2017 00:00:00</pubDate>
      <title><![CDATA[Mirae Asset Great Consumer Fund - Direct Plan - Growth]]></title>
      <link>http://portal.amfiindia.com/schemedetails.aspx?cmbmfname=45&amp;SdId=118837</link>
      <description><![CDATA[<table border="0" cellspacing="4" cellpadding="2"><tr> <td style='background-color:&CADDEC;FONT-FAMILY: Verdana,Arial,San-serif; FONT-SIZE: 8pt; FONT-WEIGHT: bold; Color:&012540;'><b> Category  </b></td> <td style='FONT-FAMILY: Verdana,Arial,San-serif; FONT-SIZE: 8pt; Color:&012540;'> Growth </td></tr><tr> <td style='background-color:&CADDEC;FONT-FAMILY: Verdana,Arial,San-serif; FONT-SIZE: 8pt; FONT-WEIGHT: bold; Color:&012540;'><b> NAV  </b></td> <td style='FONT-FAMILY: Verdana,Arial,San-serif; FONT-SIZE: 8pt; Color:&012540;'> 27.292 </td></tr><tr> <td style='background-color:&CADDEC;FONT-FAMILY: Verdana,Arial,San-serif; FONT-SIZE: 8pt; FONT-WEIGHT: bold; Color:&012540;'><b> Repurchase Price  </b></td> <td style='FONT-FAMILY: Verdana,Arial,San-serif; FONT-SIZE: 8pt; Color:&012540;'> 26.746 </td></tr><tr> <td style='background-color:&CADDEC;FONT-FAMILY: Verdana,Arial,San-serif; FONT-SIZE: 8pt; FONT-WEIGHT: bold; Color:&012540;'><b> Sale Price  </b></td> <td style='FONT-FAMILY: Verdana,Arial,San-serif; FONT-SIZE: 8pt; Color:&012540;'> 27.292 </td></tr><tr> <td style='background-color:&CADDEC;FONT-FAMILY: Verdana,Arial,San-serif; FONT-SIZE: 8pt; FONT-WEIGHT: bold; Color:&012540;'><b> Date </b></td> <td style='FONT-FAMILY: Verdana,Arial,San-serif; FONT-SIZE: 8pt; Color:&012540;'> 13-Apr-2017 </td></tr></table> ]]> </description>
    </item>
    <item>
      <pubDate>Thu, 13 Apr 2017 00:00:00</pubDate>
      <title><![CDATA[Mirae Asset Great Consumer Fund - Regular Plan - Dividend Option]]></title>
      <link>http://portal.amfiindia.com/schemedetails.aspx?cmbmfname=45&amp;SdId=114930</link>
      <description><![CDATA[<table border="0" cellspacing="4" cellpadding="2"><tr> <td style='background-color:&CADDEC;FONT-FAMILY: Verdana,Arial,San-serif; FONT-SIZE: 8pt; FONT-WEIGHT: bold; Color:&012540;'><b> Category  </b></td> <td style='FONT-FAMILY: Verdana,Arial,San-serif; FONT-SIZE: 8pt; Color:&012540;'> Growth </td></tr><tr> <td style='background-color:&CADDEC;FONT-FAMILY: Verdana,Arial,San-serif; FONT-SIZE: 8pt; FONT-WEIGHT: bold; Color:&012540;'><b> NAV  </b></td> <td style='FONT-FAMILY: Verdana,Arial,San-serif; FONT-SIZE: 8pt; Color:&012540;'> 14.910 </td></tr><tr> <td style='background-color:&CADDEC;FONT-FAMILY: Verdana,Arial,San-serif; FONT-SIZE: 8pt; FONT-WEIGHT: bold; Color:&012540;'><b> Repurchase Price  </b></td> <td style='FONT-FAMILY: Verdana,Arial,San-serif; FONT-SIZE: 8pt; Color:&012540;'> 14.612 </td></tr><tr> <td style='background-color:&CADDEC;FONT-FAMILY: Verdana,Arial,San-serif; FONT-SIZE: 8pt; FONT-WEIGHT: bold; Color:&012540;'><b> Sale Price  </b></td> <td style='FONT-FAMILY: Verdana,Arial,San-serif; FONT-SIZE: 8pt; Color:&012540;'> 14.910 </td></tr><tr> <td style='background-color:&CADDEC;FONT-FAMILY: Verdana,Arial,San-serif; FONT-SIZE: 8pt; FONT-WEIGHT: bold; Color:&012540;'><b> Date </b></td> <td style='FONT-FAMILY: Verdana,Arial,San-serif; FONT-SIZE: 8pt; Color:&012540;'> 13-Apr-2017 </td></tr></table> ]]> </description>
    </item>
    <item>
      <pubDate>Thu, 13 Apr 2017 00:00:00</pubDate>
      <title><![CDATA[Mirae Asset Great Consumer Fund - Regular Plan - Growth option]]></title>
      <link>http://portal.amfiindia.com/schemedetails.aspx?cmbmfname=45&amp;SdId=114931</link>
      <description><![CDATA[<table border="0" cellspacing="4" cellpadding="2"><tr> <td style='background-color:&CADDEC;FONT-FAMILY: Verdana,Arial,San-serif; FONT-SIZE: 8pt; FONT-WEIGHT: bold; Color:&012540;'><b> Category  </b></td> <td style='FONT-FAMILY: Verdana,Arial,San-serif; FONT-SIZE: 8pt; Color:&012540;'> Growth </td></tr><tr> <td style='background-color:&CADDEC;FONT-FAMILY: Verdana,Arial,San-serif; FONT-SIZE: 8pt; FONT-WEIGHT: bold; Color:&012540;'><b> NAV  </b></td> <td style='FONT-FAMILY: Verdana,Arial,San-serif; FONT-SIZE: 8pt; Color:&012540;'> 25.915 </td></tr><tr> <td style='background-color:&CADDEC;FONT-FAMILY: Verdana,Arial,San-serif; FONT-SIZE: 8pt; FONT-WEIGHT: bold; Color:&012540;'><b> Repurchase Price  </b></td> <td style='FONT-FAMILY: Verdana,Arial,San-serif; FONT-SIZE: 8pt; Color:&012540;'> 25.397 </td></tr><tr> <td style='background-color:&CADDEC;FONT-FAMILY: Verdana,Arial,San-serif; FONT-SIZE: 8pt; FONT-WEIGHT: bold; Color:&012540;'><b> Sale Price  </b></td> <td style='FONT-FAMILY: Verdana,Arial,San-serif; FONT-SIZE: 8pt; Color:&012540;'> 25.915 </td></tr><tr> <td style='background-color:&CADDEC;FONT-FAMILY: Verdana,Arial,San-serif; FONT-SIZE: 8pt; FONT-WEIGHT: bold; Color:&012540;'><b> Date </b></td> <td style='FONT-FAMILY: Verdana,Arial,San-serif; FONT-SIZE: 8pt; Color:&012540;'> 13-Apr-2017 </td></tr></table> ]]> </description>
    </item>
    <item>
      <pubDate>Thu, 13 Apr 2017 00:00:00</pubDate>
      <title><![CDATA[Mirae Asset India Opportunities Fund - Direct Plan - Dividend]]></title>
      <link>http://portal.amfiindia.com/schemedetails.aspx?cmbmfname=45&amp;SdId=118826</link>
      <description><![CDATA[<table border="0" cellspacing="4" cellpadding="2"><tr> <td style='background-color:&CADDEC;FONT-FAMILY: Verdana,Arial,San-serif; FONT-SIZE: 8pt; FONT-WEIGHT: bold; Color:&012540;'><b> Category  </b></td> <td style='FONT-FAMILY: Verdana,Arial,San-serif; FONT-SIZE: 8pt; Color:&012540;'> Growth </td></tr><tr> <td style='background-color:&CADDEC;FONT-FAMILY: Verdana,Arial,San-serif; FONT-SIZE: 8pt; FONT-WEIGHT: bold; Color:&012540;'><b> NAV  </b></td> <td style='FONT-FAMILY: Verdana,Arial,San-serif; FONT-SIZE: 8pt; Color:&012540;'> 30.882 </td></tr><tr> <td style='background-color:&CADDEC;FONT-FAMILY: Verdana,Arial,San-serif; FONT-SIZE: 8pt; FONT-WEIGHT: bold; Color:&012540;'><b> Repurchase Price  </b></td> <td style='FONT-FAMILY: Verdana,Arial,San-serif; FONT-SIZE: 8pt; Color:&012540;'> 30.264 </td></tr><tr> <td style='background-color:&CADDEC;FONT-FAMILY: Verdana,Arial,San-serif; FONT-SIZE: 8pt; FONT-WEIGHT: bold; Color:&012540;'><b> Sale Price  </b></td> <td style='FONT-FAMILY: Verdana,Arial,San-serif; FONT-SIZE: 8pt; Color:&012540;'> 30.882 </td></tr><tr> <td style='background-color:&CADDEC;FONT-FAMILY: Verdana,Arial,San-serif; FONT-SIZE: 8pt; FONT-WEIGHT: bold; Color:&012540;'><b> Date </b></td> <td style='FONT-FAMILY: Verdana,Arial,San-serif; FONT-SIZE: 8pt; Color:&012540;'> 13-Apr-2017 </td></tr></table> ]]> </description>
    </item>
    <item>
      <pubDate>Thu, 13 Apr 2017 00:00:00</pubDate>
      <title><![CDATA[Mirae Asset India Opportunities Fund - Direct Plan - Growth]]></title>
      <link>http://portal.amfiindia.com/schemedetails.aspx?cmbmfname=45&amp;SdId=118825</link>
      <description><![CDATA[<table border="0" cellspacing="4" cellpadding="2"><tr> <td style='background-color:&CADDEC;FONT-FAMILY: Verdana,Arial,San-serif; FONT-SIZE: 8pt; FONT-WEIGHT: bold; Color:&012540;'><b> Category  </b></td> <td style='FONT-FAMILY: Verdana,Arial,San-serif; FONT-SIZE: 8pt; Color:&012540;'> Growth </td></tr><tr> <td style='background-color:&CADDEC;FONT-FAMILY: Verdana,Arial,San-serif; FONT-SIZE: 8pt; FONT-WEIGHT: bold; Color:&012540;'><b> NAV  </b></td> <td style='FONT-FAMILY: Verdana,Arial,San-serif; FONT-SIZE: 8pt; Color:&012540;'> 41.473 </td></tr><tr> <td style='background-color:&CADDEC;FONT-FAMILY: Verdana,Arial,San-serif; FONT-SIZE: 8pt; FONT-WEIGHT: bold; Color:&012540;'><b> Repurchase Price  </b></td> <td style='FONT-FAMILY: Verdana,Arial,San-serif; FONT-SIZE: 8pt; Color:&012540;'> 40.644 </td></tr><tr> <td style='background-color:&CADDEC;FONT-FAMILY: Verdana,Arial,San-serif; FONT-SIZE: 8pt; FONT-WEIGHT: bold; Color:&012540;'><b> Sale Price  </b></td> <td style='FONT-FAMILY: Verdana,Arial,San-serif; FONT-SIZE: 8pt; Color:&012540;'> 41.473 </td></tr><tr> <td style='background-color:&CADDEC;FONT-FAMILY: Verdana,Arial,San-serif; FONT-SIZE: 8pt; FONT-WEIGHT: bold; Color:&012540;'><b> Date </b></td> <td style='FONT-FAMILY: Verdana,Arial,San-serif; FONT-SIZE: 8pt; Color:&012540;'> 13-Apr-2017 </td></tr></table> ]]> </description>
    </item>
    <item>
      <pubDate>Thu, 13 Apr 2017 00:00:00</pubDate>
      <title><![CDATA[Mirae Asset India Opportunities Fund - Dividend Plan]]></title>
      <link>http://portal.amfiindia.com/schemedetails.aspx?cmbmfname=45&amp;SdId=107579</link>
      <description><![CDATA[<table border="0" cellspacing="4" cellpadding="2"><tr> <td style='background-color:&CADDEC;FONT-FAMILY: Verdana,Arial,San-serif; FONT-SIZE: 8pt; FONT-WEIGHT: bold; Color:&012540;'><b> Category  </b></td> <td style='FONT-FAMILY: Verdana,Arial,San-serif; FONT-SIZE: 8pt; Color:&012540;'> Growth </td></tr><tr> <td style='background-color:&CADDEC;FONT-FAMILY: Verdana,Arial,San-serif; FONT-SIZE: 8pt; FONT-WEIGHT: bold; Color:&012540;'><b> NAV  </b></td> <td style='FONT-FAMILY: Verdana,Arial,San-serif; FONT-SIZE: 8pt; Color:&012540;'> 18.787 </td></tr><tr> <td style='background-color:&CADDEC;FONT-FAMILY: Verdana,Arial,San-serif; FONT-SIZE: 8pt; FONT-WEIGHT: bold; Color:&012540;'><b> Repurchase Price  </b></td> <td style='FONT-FAMILY: Verdana,Arial,San-serif; FONT-SIZE: 8pt; Color:&012540;'> 18.411 </td></tr><tr> <td style='background-color:&CADDEC;FONT-FAMILY: Verdana,Arial,San-serif; FONT-SIZE: 8pt; FONT-WEIGHT: bold; Color:&012540;'><b> Sale Price  </b></td> <td style='FONT-FAMILY: Verdana,Arial,San-serif; FONT-SIZE: 8pt; Color:&012540;'> 18.787 </td></tr><tr> <td style='background-color:&CADDEC;FONT-FAMILY: Verdana,Arial,San-serif; FONT-SIZE: 8pt; FONT-WEIGHT: bold; Color:&012540;'><b> Date </b></td> <td style='FONT-FAMILY: Verdana,Arial,San-serif; FONT-SIZE: 8pt; Color:&012540;'> 13-Apr-2017 </td></tr></table> ]]> </description>
    </item>
    <item>
      <pubDate>Thu, 13 Apr 2017 00:00:00</pubDate>
      <title><![CDATA[Mirae Asset India Opportunities Fund - Growth Plan]]></title>
      <link>http://portal.amfiindia.com/schemedetails.aspx?cmbmfname=45&amp;SdId=107578</link>
      <description><![CDATA[<table border="0" cellspacing="4" cellpadding="2"><tr> <td style='background-color:&CADDEC;FONT-FAMILY: Verdana,Arial,San-serif; FONT-SIZE: 8pt; FONT-WEIGHT: bold; Color:&012540;'><b> Category  </b></td> <td style='FONT-FAMILY: Verdana,Arial,San-serif; FONT-SIZE: 8pt; Color:&012540;'> Growth </td></tr><tr> <td style='background-color:&CADDEC;FONT-FAMILY: Verdana,Arial,San-serif; FONT-SIZE: 8pt; FONT-WEIGHT: bold; Color:&012540;'><b> NAV  </b></td> <td style='FONT-FAMILY: Verdana,Arial,San-serif; FONT-SIZE: 8pt; Color:&012540;'> 39.930 </td></tr><tr> <td style='background-color:&CADDEC;FONT-FAMILY: Verdana,Arial,San-serif; FONT-SIZE: 8pt; FONT-WEIGHT: bold; Color:&012540;'><b> Repurchase Price  </b></td> <td style='FONT-FAMILY: Verdana,Arial,San-serif; FONT-SIZE: 8pt; Color:&012540;'> 39.131 </td></tr><tr> <td style='background-color:&CADDEC;FONT-FAMILY: Verdana,Arial,San-serif; FONT-SIZE: 8pt; FONT-WEIGHT: bold; Color:&012540;'><b> Sale Price  </b></td> <td style='FONT-FAMILY: Verdana,Arial,San-serif; FONT-SIZE: 8pt; Color:&012540;'> 39.930 </td></tr><tr> <td style='background-color:&CADDEC;FONT-FAMILY: Verdana,Arial,San-serif; FONT-SIZE: 8pt; FONT-WEIGHT: bold; Color:&012540;'><b> Date </b></td> <td style='FONT-FAMILY: Verdana,Arial,San-serif; FONT-SIZE: 8pt; Color:&012540;'> 13-Apr-2017 </td></tr></table> ]]> </description>
    </item>
    <item>
      <pubDate>Thu, 13 Apr 2017 00:00:00</pubDate>
      <title><![CDATA[Mirae Asset Prudence Fund -Direct Plan-Dividend]]></title>
      <link>http://portal.amfiindia.com/schemedetails.aspx?cmbmfname=45&amp;SdId=134814</link>
      <description><![CDATA[<table border="0" cellspacing="4" cellpadding="2"><tr> <td style='background-color:&CADDEC;FONT-FAMILY: Verdana,Arial,San-serif; FONT-SIZE: 8pt; FONT-WEIGHT: bold; Color:&012540;'><b> Category  </b></td> <td style='FONT-FAMILY: Verdana,Arial,San-serif; FONT-SIZE: 8pt; Color:&012540;'> Growth </td></tr><tr> <td style='background-color:&CADDEC;FONT-FAMILY: Verdana,Arial,San-serif; FONT-SIZE: 8pt; FONT-WEIGHT: bold; Color:&012540;'><b> NAV  </b></td> <td style='FONT-FAMILY: Verdana,Arial,San-serif; FONT-SIZE: 8pt; Color:&012540;'> 12.165 </td></tr><tr> <td style='background-color:&CADDEC;FONT-FAMILY: Verdana,Arial,San-serif; FONT-SIZE: 8pt; FONT-WEIGHT: bold; Color:&012540;'><b> Repurchase Price  </b></td> <td style='FONT-FAMILY: Verdana,Arial,San-serif; FONT-SIZE: 8pt; Color:&012540;'> 11.922 </td></tr><tr> <td style='background-color:&CADDEC;FONT-FAMILY: Verdana,Arial,San-serif; FONT-SIZE: 8pt; FONT-WEIGHT: bold; Color:&012540;'><b> Sale Price  </b></td> <td style='FONT-FAMILY: Verdana,Arial,San-serif; FONT-SIZE: 8pt; Color:&012540;'> 12.165 </td></tr><tr> <td style='background-color:&CADDEC;FONT-FAMILY: Verdana,Arial,San-serif; FONT-SIZE: 8pt; FONT-WEIGHT: bold; Color:&012540;'><b> Date </b></td> <td style='FONT-FAMILY: Verdana,Arial,San-serif; FONT-SIZE: 8pt; Color:&012540;'> 13-Apr-2017 </td></tr></table> ]]> </description>
    </item>
    <item>
      <pubDate>Thu, 13 Apr 2017 00:00:00</pubDate>
      <title><![CDATA[Mirae Asset Prudence Fund -Direct Plan-Growth]]></title>
      <link>http://portal.amfiindia.com/schemedetails.aspx?cmbmfname=45&amp;SdId=134813</link>
      <description><![CDATA[<table border="0" cellspacing="4" cellpadding="2"><tr> <td style='background-color:&CADDEC;FONT-FAMILY: Verdana,Arial,San-serif; FONT-SIZE: 8pt; FONT-WEIGHT: bold; Color:&012540;'><b> Category  </b></td> <td style='FONT-FAMILY: Verdana,Arial,San-serif; FONT-SIZE: 8pt; Color:&012540;'> Growth </td></tr><tr> <td style='background-color:&CADDEC;FONT-FAMILY: Verdana,Arial,San-serif; FONT-SIZE: 8pt; FONT-WEIGHT: bold; Color:&012540;'><b> NAV  </b></td> <td style='FONT-FAMILY: Verdana,Arial,San-serif; FONT-SIZE: 8pt; Color:&012540;'> 12.413 </td></tr><tr> <td style='background-color:&CADDEC;FONT-FAMILY: Verdana,Arial,San-serif; FONT-SIZE: 8pt; FONT-WEIGHT: bold; Color:&012540;'><b> Repurchase Price  </b></td> <td style='FONT-FAMILY: Verdana,Arial,San-serif; FONT-SIZE: 8pt; Color:&012540;'> 12.165 </td></tr><tr> <td style='background-color:&CADDEC;FONT-FAMILY: Verdana,Arial,San-serif; FONT-SIZE: 8pt; FONT-WEIGHT: bold; Color:&012540;'><b> Sale Price  </b></td> <td style='FONT-FAMILY: Verdana,Arial,San-serif; FONT-SIZE: 8pt; Color:&012540;'> 12.413 </td></tr><tr> <td style='background-color:&CADDEC;FONT-FAMILY: Verdana,Arial,San-serif; FONT-SIZE: 8pt; FONT-WEIGHT: bold; Color:&012540;'><b> Date </b></td> <td style='FONT-FAMILY: Verdana,Arial,San-serif; FONT-SIZE: 8pt; Color:&012540;'> 13-Apr-2017 </td></tr></table> ]]> </description>
    </item>
    <item>
      <pubDate>Thu, 13 Apr 2017 00:00:00</pubDate>
      <title><![CDATA[Mirae Asset Prudence Fund -Regular Plan-Dividend]]></title>
      <link>http://portal.amfiindia.com/schemedetails.aspx?cmbmfname=45&amp;SdId=134816</link>
      <description><![CDATA[<table border="0" cellspacing="4" cellpadding="2"><tr> <td style='background-color:&CADDEC;FONT-FAMILY: Verdana,Arial,San-serif; FONT-SIZE: 8pt; FONT-WEIGHT: bold; Color:&012540;'><b> Category  </b></td> <td style='FONT-FAMILY: Verdana,Arial,San-serif; FONT-SIZE: 8pt; Color:&012540;'> Growth </td></tr><tr> <td style='background-color:&CADDEC;FONT-FAMILY: Verdana,Arial,San-serif; FONT-SIZE: 8pt; FONT-WEIGHT: bold; Color:&012540;'><b> NAV  </b></td> <td style='FONT-FAMILY: Verdana,Arial,San-serif; FONT-SIZE: 8pt; Color:&012540;'> 11.803 </td></tr><tr> <td style='background-color:&CADDEC;FONT-FAMILY: Verdana,Arial,San-serif; FONT-SIZE: 8pt; FONT-WEIGHT: bold; Color:&012540;'><b> Repurchase Price  </b></td> <td style='FONT-FAMILY: Verdana,Arial,San-serif; FONT-SIZE: 8pt; Color:&012540;'> 11.567 </td></tr><tr> <td style='background-color:&CADDEC;FONT-FAMILY: Verdana,Arial,San-serif; FONT-SIZE: 8pt; FONT-WEIGHT: bold; Color:&012540;'><b> Sale Price  </b></td> <td style='FONT-FAMILY: Verdana,Arial,San-serif; FONT-SIZE: 8pt; Color:&012540;'> 11.803 </td></tr><tr> <td style='background-color:&CADDEC;FONT-FAMILY: Verdana,Arial,San-serif; FONT-SIZE: 8pt; FONT-WEIGHT: bold; Color:&012540;'><b> Date </b></td> <td style='FONT-FAMILY: Verdana,Arial,San-serif; FONT-SIZE: 8pt; Color:&012540;'> 13-Apr-2017 </td></tr></table> ]]> </description>
    </item>
    <item>
      <pubDate>Thu, 13 Apr 2017 00:00:00</pubDate>
      <title><![CDATA[Mirae Asset Prudence Fund -Regular Plan-Growth]]></title>
      <link>http://portal.amfiindia.com/schemedetails.aspx?cmbmfname=45&amp;SdId=134815</link>
      <description><![CDATA[<table border="0" cellspacing="4" cellpadding="2"><tr> <td style='background-color:&CADDEC;FONT-FAMILY: Verdana,Arial,San-serif; FONT-SIZE: 8pt; FONT-WEIGHT: bold; Color:&012540;'><b> Category  </b></td> <td style='FONT-FAMILY: Verdana,Arial,San-serif; FONT-SIZE: 8pt; Color:&012540;'> Growth </td></tr><tr> <td style='background-color:&CADDEC;FONT-FAMILY: Verdana,Arial,San-serif; FONT-SIZE: 8pt; FONT-WEIGHT: bold; Color:&012540;'><b> NAV  </b></td> <td style='FONT-FAMILY: Verdana,Arial,San-serif; FONT-SIZE: 8pt; Color:&012540;'> 12.019 </td></tr><tr> <td style='background-color:&CADDEC;FONT-FAMILY: Verdana,Arial,San-serif; FONT-SIZE: 8pt; FONT-WEIGHT: bold; Color:&012540;'><b> Repurchase Price  </b></td> <td style='FONT-FAMILY: Verdana,Arial,San-serif; FONT-SIZE: 8pt; Color:&012540;'> 11.779 </td></tr><tr> <td style='background-color:&CADDEC;FONT-FAMILY: Verdana,Arial,San-serif; FONT-SIZE: 8pt; FONT-WEIGHT: bold; Color:&012540;'><b> Sale Price  </b></td> <td style='FONT-FAMILY: Verdana,Arial,San-serif; FONT-SIZE: 8pt; Color:&012540;'> 12.019 </td></tr><tr> <td style='background-color:&CADDEC;FONT-FAMILY: Verdana,Arial,San-serif; FONT-SIZE: 8pt; FONT-WEIGHT: bold; Color:&012540;'><b> Date </b></td> <td style='FONT-FAMILY: Verdana,Arial,San-serif; FONT-SIZE: 8pt; Color:&012540;'> 13-Apr-2017 </td></tr></table> ]]> </description>
    </item>
    <item>
      <pubDate>Sun, 16 Apr 2017 00:00:00</pubDate>
      <title><![CDATA[Mirae Asset Cash Management Fund - Daily Dividend]]></title>
      <link>http://portal.amfiindia.com/schemedetails.aspx?cmbmfname=45&amp;SdId=111647</link>
      <description><![CDATA[<table border="0" cellspacing="4" cellpadding="2"><tr> <td style='background-color:&CADDEC;FONT-FAMILY: Verdana,Arial,San-serif; FONT-SIZE: 8pt; FONT-WEIGHT: bold; Color:&012540;'><b> Category  </b></td> <td style='FONT-FAMILY: Verdana,Arial,San-serif; FONT-SIZE: 8pt; Color:&012540;'> Liquid </td></tr><tr> <td style='background-color:&CADDEC;FONT-FAMILY: Verdana,Arial,San-serif; FONT-SIZE: 8pt; FONT-WEIGHT: bold; Color:&012540;'><b> NAV  </b></td> <td style='FONT-FAMILY: Verdana,Arial,San-serif; FONT-SIZE: 8pt; Color:&012540;'> 1064.5269 </td></tr><tr> <td style='background-color:&CADDEC;FONT-FAMILY: Verdana,Arial,San-serif; FONT-SIZE: 8pt; FONT-WEIGHT: bold; Color:&012540;'><b> Repurchase Price  </b></td> <td style='FONT-FAMILY: Verdana,Arial,San-serif; FONT-SIZE: 8pt; Color:&012540;'> 1064.5269 </td></tr><tr> <td style='background-color:&CADDEC;FONT-FAMILY: Verdana,Arial,San-serif; FONT-SIZE: 8pt; FONT-WEIGHT: bold; Color:&012540;'><b> Sale Price  </b></td> <td style='FONT-FAMILY: Verdana,Arial,San-serif; FONT-SIZE: 8pt; Color:&012540;'> 1064.5269 </td></tr><tr> <td style='background-color:&CADDEC;FONT-FAMILY: Verdana,Arial,San-serif; FONT-SIZE: 8pt; FONT-WEIGHT: bold; Color:&012540;'><b> Date </b></td> <td style='FONT-FAMILY: Verdana,Arial,San-serif; FONT-SIZE: 8pt; Color:&012540;'> 16-Apr-2017 </td></tr></table> ]]> </description>
    </item>
    <item>
      <pubDate>Sun, 16 Apr 2017 00:00:00</pubDate>
      <title><![CDATA[Mirae Asset Cash Management Fund - Direct Plan - Daily Dividend]]></title>
      <link>http://portal.amfiindia.com/schemedetails.aspx?cmbmfname=45&amp;SdId=118861</link>
      <description><![CDATA[<table border="0" cellspacing="4" cellpadding="2"><tr> <td style='background-color:&CADDEC;FONT-FAMILY: Verdana,Arial,San-serif; FONT-SIZE: 8pt; FONT-WEIGHT: bold; Color:&012540;'><b> Category  </b></td> <td style='FONT-FAMILY: Verdana,Arial,San-serif; FONT-SIZE: 8pt; Color:&012540;'> Liquid </td></tr><tr> <td style='background-color:&CADDEC;FONT-FAMILY: Verdana,Arial,San-serif; FONT-SIZE: 8pt; FONT-WEIGHT: bold; Color:&012540;'><b> NAV  </b></td> <td style='FONT-FAMILY: Verdana,Arial,San-serif; FONT-SIZE: 8pt; Color:&012540;'> 1073.8890 </td></tr><tr> <td style='background-color:&CADDEC;FONT-FAMILY: Verdana,Arial,San-serif; FONT-SIZE: 8pt; FONT-WEIGHT: bold; Color:&012540;'><b> Repurchase Price  </b></td> <td style='FONT-FAMILY: Verdana,Arial,San-serif; FONT-SIZE: 8pt; Color:&012540;'> 1073.8890 </td></tr><tr> <td style='background-color:&CADDEC;FONT-FAMILY: Verdana,Arial,San-serif; FONT-SIZE: 8pt; FONT-WEIGHT: bold; Color:&012540;'><b> Sale Price  </b></td> <td style='FONT-FAMILY: Verdana,Arial,San-serif; FONT-SIZE: 8pt; Color:&012540;'> 1073.8890 </td></tr><tr> <td style='background-color:&CADDEC;FONT-FAMILY: Verdana,Arial,San-serif; FONT-SIZE: 8pt; FONT-WEIGHT: bold; Color:&012540;'><b> Date </b></td> <td style='FONT-FAMILY: Verdana,Arial,San-serif; FONT-SIZE: 8pt; Color:&012540;'> 16-Apr-2017 </td></tr></table> ]]> </description>
    </item>
    <item>
      <pubDate>Sun, 16 Apr 2017 00:00:00</pubDate>
      <title><![CDATA[Mirae Asset Cash Management Fund - Direct Plan - Growth]]></title>
      <link>http://portal.amfiindia.com/schemedetails.aspx?cmbmfname=45&amp;SdId=118859</link>
      <description><![CDATA[<table border="0" cellspacing="4" cellpadding="2"><tr> <td style='background-color:&CADDEC;FONT-FAMILY: Verdana,Arial,San-serif; FONT-SIZE: 8pt; FONT-WEIGHT: bold; Color:&012540;'><b> Category  </b></td> <td style='FONT-FAMILY: Verdana,Arial,San-serif; FONT-SIZE: 8pt; Color:&012540;'> Liquid </td></tr><tr> <td style='background-color:&CADDEC;FONT-FAMILY: Verdana,Arial,San-serif; FONT-SIZE: 8pt; FONT-WEIGHT: bold; Color:&012540;'><b> NAV  </b></td> <td style='FONT-FAMILY: Verdana,Arial,San-serif; FONT-SIZE: 8pt; Color:&012540;'> 1720.7812 </td></tr><tr> <td style='background-color:&CADDEC;FONT-FAMILY: Verdana,Arial,San-serif; FONT-SIZE: 8pt; FONT-WEIGHT: bold; Color:&012540;'><b> Repurchase Price  </b></td> <td style='FONT-FAMILY: Verdana,Arial,San-serif; FONT-SIZE: 8pt; Color:&012540;'> 1720.7812 </td></tr><tr> <td style='background-color:&CADDEC;FONT-FAMILY: Verdana,Arial,San-serif; FONT-SIZE: 8pt; FONT-WEIGHT: bold; Color:&012540;'><b> Sale Price  </b></td> <td style='FONT-FAMILY: Verdana,Arial,San-serif; FONT-SIZE: 8pt; Color:&012540;'> 1720.7812 </td></tr><tr> <td style='background-color:&CADDEC;FONT-FAMILY: Verdana,Arial,San-serif; FONT-SIZE: 8pt; FONT-WEIGHT: bold; Color:&012540;'><b> Date </b></td> <td style='FONT-FAMILY: Verdana,Arial,San-serif; FONT-SIZE: 8pt; Color:&012540;'> 16-Apr-2017 </td></tr></table> ]]> </description>
    </item>
    <item>
      <pubDate>Sun, 16 Apr 2017 00:00:00</pubDate>
      <title><![CDATA[Mirae Asset Cash Management Fund - Direct Plan - Monthly Dividend]]></title>
      <link>http://portal.amfiindia.com/schemedetails.aspx?cmbmfname=45&amp;SdId=118860</link>
      <description><![CDATA[<table border="0" cellspacing="4" cellpadding="2"><tr> <td style='background-color:&CADDEC;FONT-FAMILY: Verdana,Arial,San-serif; FONT-SIZE: 8pt; FONT-WEIGHT: bold; Color:&012540;'><b> Category  </b></td> <td style='FONT-FAMILY: Verdana,Arial,San-serif; FONT-SIZE: 8pt; Color:&012540;'> Liquid </td></tr><tr> <td style='background-color:&CADDEC;FONT-FAMILY: Verdana,Arial,San-serif; FONT-SIZE: 8pt; FONT-WEIGHT: bold; Color:&012540;'><b> NAV  </b></td> <td style='FONT-FAMILY: Verdana,Arial,San-serif; FONT-SIZE: 8pt; Color:&012540;'> 1096.6284 </td></tr><tr> <td style='background-color:&CADDEC;FONT-FAMILY: Verdana,Arial,San-serif; FONT-SIZE: 8pt; FONT-WEIGHT: bold; Color:&012540;'><b> Repurchase Price  </b></td> <td style='FONT-FAMILY: Verdana,Arial,San-serif; FONT-SIZE: 8pt; Color:&012540;'> 1096.6284 </td></tr><tr> <td style='background-color:&CADDEC;FONT-FAMILY: Verdana,Arial,San-serif; FONT-SIZE: 8pt; FONT-WEIGHT: bold; Color:&012540;'><b> Sale Price  </b></td> <td style='FONT-FAMILY: Verdana,Arial,San-serif; FONT-SIZE: 8pt; Color:&012540;'> 1096.6284 </td></tr><tr> <td style='background-color:&CADDEC;FONT-FAMILY: Verdana,Arial,San-serif; FONT-SIZE: 8pt; FONT-WEIGHT: bold; Color:&012540;'><b> Date </b></td> <td style='FONT-FAMILY: Verdana,Arial,San-serif; FONT-SIZE: 8pt; Color:&012540;'> 16-Apr-2017 </td></tr></table> ]]> </description>
    </item>
    <item>
      <pubDate>Sun, 16 Apr 2017 00:00:00</pubDate>
      <title><![CDATA[Mirae Asset Cash Management Fund - Direct Plan - Weekly Dividend]]></title>
      <link>http://portal.amfiindia.com/schemedetails.aspx?cmbmfname=45&amp;SdId=118862</link>
      <description><![CDATA[<table border="0" cellspacing="4" cellpadding="2"><tr> <td style='background-color:&CADDEC;FONT-FAMILY: Verdana,Arial,San-serif; FONT-SIZE: 8pt; FONT-WEIGHT: bold; Color:&012540;'><b> Category  </b></td> <td style='FONT-FAMILY: Verdana,Arial,San-serif; FONT-SIZE: 8pt; Color:&012540;'> Liquid </td></tr><tr> <td style='background-color:&CADDEC;FONT-FAMILY: Verdana,Arial,San-serif; FONT-SIZE: 8pt; FONT-WEIGHT: bold; Color:&012540;'><b> NAV  </b></td> <td style='FONT-FAMILY: Verdana,Arial,San-serif; FONT-SIZE: 8pt; Color:&012540;'> 1212.6319 </td></tr><tr> <td style='background-color:&CADDEC;FONT-FAMILY: Verdana,Arial,San-serif; FONT-SIZE: 8pt; FONT-WEIGHT: bold; Color:&012540;'><b> Repurchase Price  </b></td> <td style='FONT-FAMILY: Verdana,Arial,San-serif; FONT-SIZE: 8pt; Color:&012540;'> 1212.6319 </td></tr><tr> <td style='background-color:&CADDEC;FONT-FAMILY: Verdana,Arial,San-serif; FONT-SIZE: 8pt; FONT-WEIGHT: bold; Color:&012540;'><b> Sale Price  </b></td> <td style='FONT-FAMILY: Verdana,Arial,San-serif; FONT-SIZE: 8pt; Color:&012540;'> 1212.6319 </td></tr><tr> <td style='background-color:&CADDEC;FONT-FAMILY: Verdana,Arial,San-serif; FONT-SIZE: 8pt; FONT-WEIGHT: bold; Color:&012540;'><b> Date </b></td> <td style='FONT-FAMILY: Verdana,Arial,San-serif; FONT-SIZE: 8pt; Color:&012540;'> 16-Apr-2017 </td></tr></table> ]]> </description>
    </item>
    <item>
      <pubDate>Sun, 16 Apr 2017 00:00:00</pubDate>
      <title><![CDATA[Mirae Asset Cash Management Fund - Growth]]></title>
      <link>http://portal.amfiindia.com/schemedetails.aspx?cmbmfname=45&amp;SdId=111646</link>
      <description><![CDATA[<table border="0" cellspacing="4" cellpadding="2"><tr> <td style='background-color:&CADDEC;FONT-FAMILY: Verdana,Arial,San-serif; FONT-SIZE: 8pt; FONT-WEIGHT: bold; Color:&012540;'><b> Category  </b></td> <td style='FONT-FAMILY: Verdana,Arial,San-serif; FONT-SIZE: 8pt; Color:&012540;'> Liquid </td></tr><tr> <td style='background-color:&CADDEC;FONT-FAMILY: Verdana,Arial,San-serif; FONT-SIZE: 8pt; FONT-WEIGHT: bold; Color:&012540;'><b> NAV  </b></td> <td style='FONT-FAMILY: Verdana,Arial,San-serif; FONT-SIZE: 8pt; Color:&012540;'> 1704.9101 </td></tr><tr> <td style='background-color:&CADDEC;FONT-FAMILY: Verdana,Arial,San-serif; FONT-SIZE: 8pt; FONT-WEIGHT: bold; Color:&012540;'><b> Repurchase Price  </b></td> <td style='FONT-FAMILY: Verdana,Arial,San-serif; FONT-SIZE: 8pt; Color:&012540;'> 1704.9101 </td></tr><tr> <td style='background-color:&CADDEC;FONT-FAMILY: Verdana,Arial,San-serif; FONT-SIZE: 8pt; FONT-WEIGHT: bold; Color:&012540;'><b> Sale Price  </b></td> <td style='FONT-FAMILY: Verdana,Arial,San-serif; FONT-SIZE: 8pt; Color:&012540;'> 1704.9101 </td></tr><tr> <td style='background-color:&CADDEC;FONT-FAMILY: Verdana,Arial,San-serif; FONT-SIZE: 8pt; FONT-WEIGHT: bold; Color:&012540;'><b> Date </b></td> <td style='FONT-FAMILY: Verdana,Arial,San-serif; FONT-SIZE: 8pt; Color:&012540;'> 16-Apr-2017 </td></tr></table> ]]> </description>
    </item>
    <item>
      <pubDate>Sun, 16 Apr 2017 00:00:00</pubDate>
      <title><![CDATA[Mirae Asset Cash Management Fund - Monthly Dividend]]></title>
      <link>http://portal.amfiindia.com/schemedetails.aspx?cmbmfname=45&amp;SdId=111645</link>
      <description><![CDATA[<table border="0" cellspacing="4" cellpadding="2"><tr> <td style='background-color:&CADDEC;FONT-FAMILY: Verdana,Arial,San-serif; FONT-SIZE: 8pt; FONT-WEIGHT: bold; Color:&012540;'><b> Category  </b></td> <td style='FONT-FAMILY: Verdana,Arial,San-serif; FONT-SIZE: 8pt; Color:&012540;'> Liquid </td></tr><tr> <td style='background-color:&CADDEC;FONT-FAMILY: Verdana,Arial,San-serif; FONT-SIZE: 8pt; FONT-WEIGHT: bold; Color:&012540;'><b> NAV  </b></td> <td style='FONT-FAMILY: Verdana,Arial,San-serif; FONT-SIZE: 8pt; Color:&012540;'> 1154.7947 </td></tr><tr> <td style='background-color:&CADDEC;FONT-FAMILY: Verdana,Arial,San-serif; FONT-SIZE: 8pt; FONT-WEIGHT: bold; Color:&012540;'><b> Repurchase Price  </b></td> <td style='FONT-FAMILY: Verdana,Arial,San-serif; FONT-SIZE: 8pt; Color:&012540;'> 1154.7947 </td></tr><tr> <td style='background-color:&CADDEC;FONT-FAMILY: Verdana,Arial,San-serif; FONT-SIZE: 8pt; FONT-WEIGHT: bold; Color:&012540;'><b> Sale Price  </b></td> <td style='FONT-FAMILY: Verdana,Arial,San-serif; FONT-SIZE: 8pt; Color:&012540;'> 1154.7947 </td></tr><tr> <td style='background-color:&CADDEC;FONT-FAMILY: Verdana,Arial,San-serif; FONT-SIZE: 8pt; FONT-WEIGHT: bold; Color:&012540;'><b> Date </b></td> <td style='FONT-FAMILY: Verdana,Arial,San-serif; FONT-SIZE: 8pt; Color:&012540;'> 16-Apr-2017 </td></tr></table> ]]> </description>
    </item>
    <item>
      <pubDate>Sun, 16 Apr 2017 00:00:00</pubDate>
      <title><![CDATA[Mirae Asset Cash Management Fund - Weekly Dividend]]></title>
      <link>http://portal.amfiindia.com/schemedetails.aspx?cmbmfname=45&amp;SdId=111644</link>
      <description><![CDATA[<table border="0" cellspacing="4" cellpadding="2"><tr> <td style='background-color:&CADDEC;FONT-FAMILY: Verdana,Arial,San-serif; FONT-SIZE: 8pt; FONT-WEIGHT: bold; Color:&012540;'><b> Category  </b></td> <td style='FONT-FAMILY: Verdana,Arial,San-serif; FONT-SIZE: 8pt; Color:&012540;'> Liquid </td></tr><tr> <td style='background-color:&CADDEC;FONT-FAMILY: Verdana,Arial,San-serif; FONT-SIZE: 8pt; FONT-WEIGHT: bold; Color:&012540;'><b> NAV  </b></td> <td style='FONT-FAMILY: Verdana,Arial,San-serif; FONT-SIZE: 8pt; Color:&012540;'> 1151.2561 </td></tr><tr> <td style='background-color:&CADDEC;FONT-FAMILY: Verdana,Arial,San-serif; FONT-SIZE: 8pt; FONT-WEIGHT: bold; Color:&012540;'><b> Repurchase Price  </b></td> <td style='FONT-FAMILY: Verdana,Arial,San-serif; FONT-SIZE: 8pt; Color:&012540;'> 1151.2561 </td></tr><tr> <td style='background-color:&CADDEC;FONT-FAMILY: Verdana,Arial,San-serif; FONT-SIZE: 8pt; FONT-WEIGHT: bold; Color:&012540;'><b> Sale Price  </b></td> <td style='FONT-FAMILY: Verdana,Arial,San-serif; FONT-SIZE: 8pt; Color:&012540;'> 1151.2561 </td></tr><tr> <td style='background-color:&CADDEC;FONT-FAMILY: Verdana,Arial,San-serif; FONT-SIZE: 8pt; FONT-WEIGHT: bold; Color:&012540;'><b> Date </b></td> <td style='FONT-FAMILY: Verdana,Arial,San-serif; FONT-SIZE: 8pt; Color:&012540;'> 16-Apr-2017 </td></tr></table> ]]> </description>
    </item>
    <item>
      <pubDate>Thu, 13 Apr 2017 00:00:00</pubDate>
      <title><![CDATA[Mirae Asset Tax Saver Fund-Direct Plan -Growth]]></title>
      <link>http://portal.amfiindia.com/schemedetails.aspx?cmbmfname=45&amp;SdId=135781</link>
      <description><![CDATA[<table border="0" cellspacing="4" cellpadding="2"><tr> <td style='background-color:&CADDEC;FONT-FAMILY: Verdana,Arial,San-serif; FONT-SIZE: 8pt; FONT-WEIGHT: bold; Color:&012540;'><b> Category  </b></td> <td style='FONT-FAMILY: Verdana,Arial,San-serif; FONT-SIZE: 8pt; Color:&012540;'> ELSS </td></tr><tr> <td style='background-color:&CADDEC;FONT-FAMILY: Verdana,Arial,San-serif; FONT-SIZE: 8pt; FONT-WEIGHT: bold; Color:&012540;'><b> NAV  </b></td> <td style='FONT-FAMILY: Verdana,Arial,San-serif; FONT-SIZE: 8pt; Color:&012540;'> 13.808 </td></tr><tr> <td style='background-color:&CADDEC;FONT-FAMILY: Verdana,Arial,San-serif; FONT-SIZE: 8pt; FONT-WEIGHT: bold; Color:&012540;'><b> Repurchase Price  </b></td> <td style='FONT-FAMILY: Verdana,Arial,San-serif; FONT-SIZE: 8pt; Color:&012540;'> 0.000 </td></tr><tr> <td style='background-color:&CADDEC;FONT-FAMILY: Verdana,Arial,San-serif; FONT-SIZE: 8pt; FONT-WEIGHT: bold; Color:&012540;'><b> Sale Price  </b></td> <td style='FONT-FAMILY: Verdana,Arial,San-serif; FONT-SIZE: 8pt; Color:&012540;'> 13.808 </td></tr><tr> <td style='background-color:&CADDEC;FONT-FAMILY: Verdana,Arial,San-serif; FONT-SIZE: 8pt; FONT-WEIGHT: bold; Color:&012540;'><b> Date </b></td> <td style='FONT-FAMILY: Verdana,Arial,San-serif; FONT-SIZE: 8pt; Color:&012540;'> 13-Apr-2017 </td></tr></table> ]]> </description>
    </item>
    <item>
      <pubDate>Thu, 13 Apr 2017 00:00:00</pubDate>
      <title><![CDATA[Mirae Asset Tax Saver Fund-Direct Plan-Dividend]]></title>
      <link>http://portal.amfiindia.com/schemedetails.aspx?cmbmfname=45&amp;SdId=135782</link>
      <description><![CDATA[<table border="0" cellspacing="4" cellpadding="2"><tr> <td style='background-color:&CADDEC;FONT-FAMILY: Verdana,Arial,San-serif; FONT-SIZE: 8pt; FONT-WEIGHT: bold; Color:&012540;'><b> Category  </b></td> <td style='FONT-FAMILY: Verdana,Arial,San-serif; FONT-SIZE: 8pt; Color:&012540;'> ELSS </td></tr><tr> <td style='background-color:&CADDEC;FONT-FAMILY: Verdana,Arial,San-serif; FONT-SIZE: 8pt; FONT-WEIGHT: bold; Color:&012540;'><b> NAV  </b></td> <td style='FONT-FAMILY: Verdana,Arial,San-serif; FONT-SIZE: 8pt; Color:&012540;'> 13.227 </td></tr><tr> <td style='background-color:&CADDEC;FONT-FAMILY: Verdana,Arial,San-serif; FONT-SIZE: 8pt; FONT-WEIGHT: bold; Color:&012540;'><b> Repurchase Price  </b></td> <td style='FONT-FAMILY: Verdana,Arial,San-serif; FONT-SIZE: 8pt; Color:&012540;'> 0.000 </td></tr><tr> <td style='background-color:&CADDEC;FONT-FAMILY: Verdana,Arial,San-serif; FONT-SIZE: 8pt; FONT-WEIGHT: bold; Color:&012540;'><b> Sale Price  </b></td> <td style='FONT-FAMILY: Verdana,Arial,San-serif; FONT-SIZE: 8pt; Color:&012540;'> 13.227 </td></tr><tr> <td style='background-color:&CADDEC;FONT-FAMILY: Verdana,Arial,San-serif; FONT-SIZE: 8pt; FONT-WEIGHT: bold; Color:&012540;'><b> Date </b></td> <td style='FONT-FAMILY: Verdana,Arial,San-serif; FONT-SIZE: 8pt; Color:&012540;'> 13-Apr-2017 </td></tr></table> ]]> </description>
    </item>
    <item>
      <pubDate>Thu, 13 Apr 2017 00:00:00</pubDate>
      <title><![CDATA[Mirae Asset Tax Saver Fund-Regular Plan-Dividend Payout]]></title>
      <link>http://portal.amfiindia.com/schemedetails.aspx?cmbmfname=45&amp;SdId=135783</link>
      <description><![CDATA[<table border="0" cellspacing="4" cellpadding="2"><tr> <td style='background-color:&CADDEC;FONT-FAMILY: Verdana,Arial,San-serif; FONT-SIZE: 8pt; FONT-WEIGHT: bold; Color:&012540;'><b> Category  </b></td> <td style='FONT-FAMILY: Verdana,Arial,San-serif; FONT-SIZE: 8pt; Color:&012540;'> ELSS </td></tr><tr> <td style='background-color:&CADDEC;FONT-FAMILY: Verdana,Arial,San-serif; FONT-SIZE: 8pt; FONT-WEIGHT: bold; Color:&012540;'><b> NAV  </b></td> <td style='FONT-FAMILY: Verdana,Arial,San-serif; FONT-SIZE: 8pt; Color:&012540;'> 12.973 </td></tr><tr> <td style='background-color:&CADDEC;FONT-FAMILY: Verdana,Arial,San-serif; FONT-SIZE: 8pt; FONT-WEIGHT: bold; Color:&012540;'><b> Repurchase Price  </b></td> <td style='FONT-FAMILY: Verdana,Arial,San-serif; FONT-SIZE: 8pt; Color:&012540;'> 0.000 </td></tr><tr> <td style='background-color:&CADDEC;FONT-FAMILY: Verdana,Arial,San-serif; FONT-SIZE: 8pt; FONT-WEIGHT: bold; Color:&012540;'><b> Sale Price  </b></td> <td style='FONT-FAMILY: Verdana,Arial,San-serif; FONT-SIZE: 8pt; Color:&012540;'> 12.973 </td></tr><tr> <td style='background-color:&CADDEC;FONT-FAMILY: Verdana,Arial,San-serif; FONT-SIZE: 8pt; FONT-WEIGHT: bold; Color:&012540;'><b> Date </b></td> <td style='FONT-FAMILY: Verdana,Arial,San-serif; FONT-SIZE: 8pt; Color:&012540;'> 13-Apr-2017 </td></tr></table> ]]> </description>
    </item>
    <item>
      <pubDate>Thu, 13 Apr 2017 00:00:00</pubDate>
      <title><![CDATA[Mirae Asset Tax Saver Fund-Regular Plan-Growth]]></title>
      <link>http://portal.amfiindia.com/schemedetails.aspx?cmbmfname=45&amp;SdId=135784</link>
      <description><![CDATA[<table border="0" cellspacing="4" cellpadding="2"><tr> <td style='background-color:&CADDEC;FONT-FAMILY: Verdana,Arial,San-serif; FONT-SIZE: 8pt; FONT-WEIGHT: bold; Color:&012540;'><b> Category  </b></td> <td style='FONT-FAMILY: Verdana,Arial,San-serif; FONT-SIZE: 8pt; Color:&012540;'> ELSS </td></tr><tr> <td style='background-color:&CADDEC;FONT-FAMILY: Verdana,Arial,San-serif; FONT-SIZE: 8pt; FONT-WEIGHT: bold; Color:&012540;'><b> NAV  </b></td> <td style='FONT-FAMILY: Verdana,Arial,San-serif; FONT-SIZE: 8pt; Color:&012540;'> 13.537 </td></tr><tr> <td style='background-color:&CADDEC;FONT-FAMILY: Verdana,Arial,San-serif; FONT-SIZE: 8pt; FONT-WEIGHT: bold; Color:&012540;'><b> Repurchase Price  </b></td> <td style='FONT-FAMILY: Verdana,Arial,San-serif; FONT-SIZE: 8pt; Color:&012540;'> 0.000 </td></tr><tr> <td style='background-color:&CADDEC;FONT-FAMILY: Verdana,Arial,San-serif; FONT-SIZE: 8pt; FONT-WEIGHT: bold; Color:&012540;'><b> Sale Price  </b></td> <td style='FONT-FAMILY: Verdana,Arial,San-serif; FONT-SIZE: 8pt; Color:&012540;'> 13.537 </td></tr><tr> <td style='background-color:&CADDEC;FONT-FAMILY: Verdana,Arial,San-serif; FONT-SIZE: 8pt; FONT-WEIGHT: bold; Color:&012540;'><b> Date </b></td> <td style='FONT-FAMILY: Verdana,Arial,San-serif; FONT-SIZE: 8pt; Color:&012540;'> 13-Apr-2017 </td></tr></table> ]]> </description>
    </item>
    <item>
      <pubDate>Thu, 13 Apr 2017 00:00:00</pubDate>
      <title><![CDATA[Mirae Asset China Advantage Fund - Direct Plan - Dividend]]></title>
      <link>http://portal.amfiindia.com/schemedetails.aspx?cmbmfname=45&amp;SdId=118832</link>
      <description><![CDATA[<table border="0" cellspacing="4" cellpadding="2"><tr> <td style='background-color:&CADDEC;FONT-FAMILY: Verdana,Arial,San-serif; FONT-SIZE: 8pt; FONT-WEIGHT: bold; Color:&012540;'><b> Category  </b></td> <td style='FONT-FAMILY: Verdana,Arial,San-serif; FONT-SIZE: 8pt; Color:&012540;'> Fund of Funds - Overseas </td></tr><tr> <td style='background-color:&CADDEC;FONT-FAMILY: Verdana,Arial,San-serif; FONT-SIZE: 8pt; FONT-WEIGHT: bold; Color:&012540;'><b> NAV  </b></td> <td style='FONT-FAMILY: Verdana,Arial,San-serif; FONT-SIZE: 8pt; Color:&012540;'> 14.605 </td></tr><tr> <td style='background-color:&CADDEC;FONT-FAMILY: Verdana,Arial,San-serif; FONT-SIZE: 8pt; FONT-WEIGHT: bold; Color:&012540;'><b> Repurchase Price  </b></td> <td style='FONT-FAMILY: Verdana,Arial,San-serif; FONT-SIZE: 8pt; Color:&012540;'> 14.313 </td></tr><tr> <td style='background-color:&CADDEC;FONT-FAMILY: Verdana,Arial,San-serif; FONT-SIZE: 8pt; FONT-WEIGHT: bold; Color:&012540;'><b> Sale Price  </b></td> <td style='FONT-FAMILY: Verdana,Arial,San-serif; FONT-SIZE: 8pt; Color:&012540;'> 14.605 </td></tr><tr> <td style='background-color:&CADDEC;FONT-FAMILY: Verdana,Arial,San-serif; FONT-SIZE: 8pt; FONT-WEIGHT: bold; Color:&012540;'><b> Date </b></td> <td style='FONT-FAMILY: Verdana,Arial,San-serif; FONT-SIZE: 8pt; Color:&012540;'> 13-Apr-2017 </td></tr></table> ]]> </description>
    </item>
    <item>
      <pubDate>Thu, 13 Apr 2017 00:00:00</pubDate>
      <title><![CDATA[Mirae Asset China Advantage Fund - Direct Plan - Growth]]></title>
      <link>http://portal.amfiindia.com/schemedetails.aspx?cmbmfname=45&amp;SdId=118831</link>
      <description><![CDATA[<table border="0" cellspacing="4" cellpadding="2"><tr> <td style='background-color:&CADDEC;FONT-FAMILY: Verdana,Arial,San-serif; FONT-SIZE: 8pt; FONT-WEIGHT: bold; Color:&012540;'><b> Category  </b></td> <td style='FONT-FAMILY: Verdana,Arial,San-serif; FONT-SIZE: 8pt; Color:&012540;'> Fund of Funds - Overseas </td></tr><tr> <td style='background-color:&CADDEC;FONT-FAMILY: Verdana,Arial,San-serif; FONT-SIZE: 8pt; FONT-WEIGHT: bold; Color:&012540;'><b> NAV  </b></td> <td style='FONT-FAMILY: Verdana,Arial,San-serif; FONT-SIZE: 8pt; Color:&012540;'> 14.986 </td></tr><tr> <td style='background-color:&CADDEC;FONT-FAMILY: Verdana,Arial,San-serif; FONT-SIZE: 8pt; FONT-WEIGHT: bold; Color:&012540;'><b> Repurchase Price  </b></td> <td style='FONT-FAMILY: Verdana,Arial,San-serif; FONT-SIZE: 8pt; Color:&012540;'> 14.686 </td></tr><tr> <td style='background-color:&CADDEC;FONT-FAMILY: Verdana,Arial,San-serif; FONT-SIZE: 8pt; FONT-WEIGHT: bold; Color:&012540;'><b> Sale Price  </b></td> <td style='FONT-FAMILY: Verdana,Arial,San-serif; FONT-SIZE: 8pt; Color:&012540;'> 14.986 </td></tr><tr> <td style='background-color:&CADDEC;FONT-FAMILY: Verdana,Arial,San-serif; FONT-SIZE: 8pt; FONT-WEIGHT: bold; Color:&012540;'><b> Date </b></td> <td style='FONT-FAMILY: Verdana,Arial,San-serif; FONT-SIZE: 8pt; Color:&012540;'> 13-Apr-2017 </td></tr></table> ]]> </description>
    </item>
    <item>
      <pubDate>Thu, 13 Apr 2017 00:00:00</pubDate>
      <title><![CDATA[Mirae Asset China Advantage Fund - Regular Plan Growth Option]]></title>
      <link>http://portal.amfiindia.com/schemedetails.aspx?cmbmfname=45&amp;SdId=112147</link>
      <description><![CDATA[<table border="0" cellspacing="4" cellpadding="2"><tr> <td style='background-color:&CADDEC;FONT-FAMILY: Verdana,Arial,San-serif; FONT-SIZE: 8pt; FONT-WEIGHT: bold; Color:&012540;'><b> Category  </b></td> <td style='FONT-FAMILY: Verdana,Arial,San-serif; FONT-SIZE: 8pt; Color:&012540;'> Fund of Funds - Overseas </td></tr><tr> <td style='background-color:&CADDEC;FONT-FAMILY: Verdana,Arial,San-serif; FONT-SIZE: 8pt; FONT-WEIGHT: bold; Color:&012540;'><b> NAV  </b></td> <td style='FONT-FAMILY: Verdana,Arial,San-serif; FONT-SIZE: 8pt; Color:&012540;'> 14.508 </td></tr><tr> <td style='background-color:&CADDEC;FONT-FAMILY: Verdana,Arial,San-serif; FONT-SIZE: 8pt; FONT-WEIGHT: bold; Color:&012540;'><b> Repurchase Price  </b></td> <td style='FONT-FAMILY: Verdana,Arial,San-serif; FONT-SIZE: 8pt; Color:&012540;'> 14.218 </td></tr><tr> <td style='background-color:&CADDEC;FONT-FAMILY: Verdana,Arial,San-serif; FONT-SIZE: 8pt; FONT-WEIGHT: bold; Color:&012540;'><b> Sale Price  </b></td> <td style='FONT-FAMILY: Verdana,Arial,San-serif; FONT-SIZE: 8pt; Color:&012540;'> 14.508 </td></tr><tr> <td style='background-color:&CADDEC;FONT-FAMILY: Verdana,Arial,San-serif; FONT-SIZE: 8pt; FONT-WEIGHT: bold; Color:&012540;'><b> Date </b></td> <td style='FONT-FAMILY: Verdana,Arial,San-serif; FONT-SIZE: 8pt; Color:&012540;'> 13-Apr-2017 </td></tr></table> ]]> </description>
    </item>
    <item>
      <pubDate>Thu, 13 Apr 2017 00:00:00</pubDate>
      <title><![CDATA[Mirae Asset China Advatage Fund-Regular Plan Dividend]]></title>
      <link>http://portal.amfiindia.com/schemedetails.aspx?cmbmfname=45&amp;SdId=112148</link>
      <description><![CDATA[<table border="0" cellspacing="4" cellpadding="2"><tr> <td style='background-color:&CADDEC;FONT-FAMILY: Verdana,Arial,San-serif; FONT-SIZE: 8pt; FONT-WEIGHT: bold; Color:&012540;'><b> Category  </b></td> <td style='FONT-FAMILY: Verdana,Arial,San-serif; FONT-SIZE: 8pt; Color:&012540;'> Fund of Funds - Overseas </td></tr><tr> <td style='background-color:&CADDEC;FONT-FAMILY: Verdana,Arial,San-serif; FONT-SIZE: 8pt; FONT-WEIGHT: bold; Color:&012540;'><b> NAV  </b></td> <td style='FONT-FAMILY: Verdana,Arial,San-serif; FONT-SIZE: 8pt; Color:&012540;'> 14.508 </td></tr><tr> <td style='background-color:&CADDEC;FONT-FAMILY: Verdana,Arial,San-serif; FONT-SIZE: 8pt; FONT-WEIGHT: bold; Color:&012540;'><b> Repurchase Price  </b></td> <td style='FONT-FAMILY: Verdana,Arial,San-serif; FONT-SIZE: 8pt; Color:&012540;'> 14.218 </td></tr><tr> <td style='background-color:&CADDEC;FONT-FAMILY: Verdana,Arial,San-serif; FONT-SIZE: 8pt; FONT-WEIGHT: bold; Color:&012540;'><b> Sale Price  </b></td> <td style='FONT-FAMILY: Verdana,Arial,San-serif; FONT-SIZE: 8pt; Color:&012540;'> 14.508 </td></tr><tr> <td style='background-color:&CADDEC;FONT-FAMILY: Verdana,Arial,San-serif; FONT-SIZE: 8pt; FONT-WEIGHT: bold; Color:&012540;'><b> Date </b></td> <td style='FONT-FAMILY: Verdana,Arial,San-serif; FONT-SIZE: 8pt; Color:&012540;'> 13-Apr-2017 </td></tr></table> ]]> </description>
    </item>
  </channel>
</rss>