<?xml version='1.0' encoding='ISO-8859-1'?><?xml-stylesheet title='XSL_formatting' type='text/xsl' href='http://portal.amfiindia.com/rssstyle.xsl'?><rss version="2.0" xmlns:cf="http://www.microsoft.com/schemas/rss/core/2005" xmlns:nav="http://www.amfiindia.com/rss/nav">
  <channel>
    <title>List of Schemes with NAV's for <![CDATA[Motilal Oswal Mutual Fund]]></title>
    <link>http://www.amfiindia.com</link>
    <description>The  Association  of  Mutual  Funds  in  India (AMFI)  is  dedicated  to  developing  the  Indian  Mutual  Fund  Industry  on  professional,  healthy  and  ethical  lines  and  to  enhance  and  maintain  standards  in  all  areas  with  a  view  to  protecting  and  promoting  the  interests  of  mutual  funds  and  their  unit  holders.</description>
    <language>en-us</language>
    <pubDate>4/17/2017 5:43:39 PM</pubDate>
    <copyright>(C) Association of Mutual Funds in India (AMFI) - Copyright 2017</copyright>
    <image>
      <title>amfiindia.com</title>
      <url>http://www.amfiindia.com/images/logos/logo0.gif</url>
      <link>http://www.amfiindia.com/</link>
      <description>Visit amfiindia.com</description>
    </image>
    <item>
      <pubDate>Thu, 13 Apr 2017 00:00:00</pubDate>
      <title><![CDATA[MOSt Ultra Short Term Bond Fund-Direct Plan- Growth]]></title>
      <link>http://portal.amfiindia.com/schemedetails.aspx?cmbmfname=55&amp;SdId=124234</link>
      <description><![CDATA[<table border="0" cellspacing="4" cellpadding="2"><tr> <td style='background-color:&CADDEC;FONT-FAMILY: Verdana,Arial,San-serif; FONT-SIZE: 8pt; FONT-WEIGHT: bold; Color:&012540;'><b> Category  </b></td> <td style='FONT-FAMILY: Verdana,Arial,San-serif; FONT-SIZE: 8pt; Color:&012540;'> Income </td></tr><tr> <td style='background-color:&CADDEC;FONT-FAMILY: Verdana,Arial,San-serif; FONT-SIZE: 8pt; FONT-WEIGHT: bold; Color:&012540;'><b> NAV  </b></td> <td style='FONT-FAMILY: Verdana,Arial,San-serif; FONT-SIZE: 8pt; Color:&012540;'> 12.9926 </td></tr><tr> <td style='background-color:&CADDEC;FONT-FAMILY: Verdana,Arial,San-serif; FONT-SIZE: 8pt; FONT-WEIGHT: bold; Color:&012540;'><b> Repurchase Price  </b></td> <td style='FONT-FAMILY: Verdana,Arial,San-serif; FONT-SIZE: 8pt; Color:&012540;'> 12.9926 </td></tr><tr> <td style='background-color:&CADDEC;FONT-FAMILY: Verdana,Arial,San-serif; FONT-SIZE: 8pt; FONT-WEIGHT: bold; Color:&012540;'><b> Sale Price  </b></td> <td style='FONT-FAMILY: Verdana,Arial,San-serif; FONT-SIZE: 8pt; Color:&012540;'> 12.9926 </td></tr><tr> <td style='background-color:&CADDEC;FONT-FAMILY: Verdana,Arial,San-serif; FONT-SIZE: 8pt; FONT-WEIGHT: bold; Color:&012540;'><b> Date </b></td> <td style='FONT-FAMILY: Verdana,Arial,San-serif; FONT-SIZE: 8pt; Color:&012540;'> 13-Apr-2017 </td></tr></table> ]]> </description>
    </item>
    <item>
      <pubDate>Thu, 13 Apr 2017 00:00:00</pubDate>
      <title><![CDATA[MOSt Ultra Short Term Bond Fund-Direct Plan-Daily Dividend Option]]></title>
      <link>http://portal.amfiindia.com/schemedetails.aspx?cmbmfname=55&amp;SdId=124316</link>
      <description><![CDATA[<table border="0" cellspacing="4" cellpadding="2"><tr> <td style='background-color:&CADDEC;FONT-FAMILY: Verdana,Arial,San-serif; FONT-SIZE: 8pt; FONT-WEIGHT: bold; Color:&012540;'><b> Category  </b></td> <td style='FONT-FAMILY: Verdana,Arial,San-serif; FONT-SIZE: 8pt; Color:&012540;'> Income </td></tr><tr> <td style='background-color:&CADDEC;FONT-FAMILY: Verdana,Arial,San-serif; FONT-SIZE: 8pt; FONT-WEIGHT: bold; Color:&012540;'><b> NAV  </b></td> <td style='FONT-FAMILY: Verdana,Arial,San-serif; FONT-SIZE: 8pt; Color:&012540;'> 10.0000 </td></tr><tr> <td style='background-color:&CADDEC;FONT-FAMILY: Verdana,Arial,San-serif; FONT-SIZE: 8pt; FONT-WEIGHT: bold; Color:&012540;'><b> Repurchase Price  </b></td> <td style='FONT-FAMILY: Verdana,Arial,San-serif; FONT-SIZE: 8pt; Color:&012540;'> 10.0000 </td></tr><tr> <td style='background-color:&CADDEC;FONT-FAMILY: Verdana,Arial,San-serif; FONT-SIZE: 8pt; FONT-WEIGHT: bold; Color:&012540;'><b> Sale Price  </b></td> <td style='FONT-FAMILY: Verdana,Arial,San-serif; FONT-SIZE: 8pt; Color:&012540;'> 10.0000 </td></tr><tr> <td style='background-color:&CADDEC;FONT-FAMILY: Verdana,Arial,San-serif; FONT-SIZE: 8pt; FONT-WEIGHT: bold; Color:&012540;'><b> Date </b></td> <td style='FONT-FAMILY: Verdana,Arial,San-serif; FONT-SIZE: 8pt; Color:&012540;'> 13-Apr-2017 </td></tr></table> ]]> </description>
    </item>
    <item>
      <pubDate>Thu, 13 Apr 2017 00:00:00</pubDate>
      <title><![CDATA[MOSt Ultra Short Term Bond Fund-Direct Plan-Fortnightly Dividend Option]]></title>
      <link>http://portal.amfiindia.com/schemedetails.aspx?cmbmfname=55&amp;SdId=124311</link>
      <description><![CDATA[<table border="0" cellspacing="4" cellpadding="2"><tr> <td style='background-color:&CADDEC;FONT-FAMILY: Verdana,Arial,San-serif; FONT-SIZE: 8pt; FONT-WEIGHT: bold; Color:&012540;'><b> Category  </b></td> <td style='FONT-FAMILY: Verdana,Arial,San-serif; FONT-SIZE: 8pt; Color:&012540;'> Income </td></tr><tr> <td style='background-color:&CADDEC;FONT-FAMILY: Verdana,Arial,San-serif; FONT-SIZE: 8pt; FONT-WEIGHT: bold; Color:&012540;'><b> NAV  </b></td> <td style='FONT-FAMILY: Verdana,Arial,San-serif; FONT-SIZE: 8pt; Color:&012540;'> 10.0328 </td></tr><tr> <td style='background-color:&CADDEC;FONT-FAMILY: Verdana,Arial,San-serif; FONT-SIZE: 8pt; FONT-WEIGHT: bold; Color:&012540;'><b> Repurchase Price  </b></td> <td style='FONT-FAMILY: Verdana,Arial,San-serif; FONT-SIZE: 8pt; Color:&012540;'> 10.0328 </td></tr><tr> <td style='background-color:&CADDEC;FONT-FAMILY: Verdana,Arial,San-serif; FONT-SIZE: 8pt; FONT-WEIGHT: bold; Color:&012540;'><b> Sale Price  </b></td> <td style='FONT-FAMILY: Verdana,Arial,San-serif; FONT-SIZE: 8pt; Color:&012540;'> 10.0328 </td></tr><tr> <td style='background-color:&CADDEC;FONT-FAMILY: Verdana,Arial,San-serif; FONT-SIZE: 8pt; FONT-WEIGHT: bold; Color:&012540;'><b> Date </b></td> <td style='FONT-FAMILY: Verdana,Arial,San-serif; FONT-SIZE: 8pt; Color:&012540;'> 13-Apr-2017 </td></tr></table> ]]> </description>
    </item>
    <item>
      <pubDate>Thu, 13 Apr 2017 00:00:00</pubDate>
      <title><![CDATA[MOSt Ultra Short Term Bond Fund-Direct Plan-Monthly Dividend Option]]></title>
      <link>http://portal.amfiindia.com/schemedetails.aspx?cmbmfname=55&amp;SdId=124308</link>
      <description><![CDATA[<table border="0" cellspacing="4" cellpadding="2"><tr> <td style='background-color:&CADDEC;FONT-FAMILY: Verdana,Arial,San-serif; FONT-SIZE: 8pt; FONT-WEIGHT: bold; Color:&012540;'><b> Category  </b></td> <td style='FONT-FAMILY: Verdana,Arial,San-serif; FONT-SIZE: 8pt; Color:&012540;'> Income </td></tr><tr> <td style='background-color:&CADDEC;FONT-FAMILY: Verdana,Arial,San-serif; FONT-SIZE: 8pt; FONT-WEIGHT: bold; Color:&012540;'><b> NAV  </b></td> <td style='FONT-FAMILY: Verdana,Arial,San-serif; FONT-SIZE: 8pt; Color:&012540;'> 10.0168 </td></tr><tr> <td style='background-color:&CADDEC;FONT-FAMILY: Verdana,Arial,San-serif; FONT-SIZE: 8pt; FONT-WEIGHT: bold; Color:&012540;'><b> Repurchase Price  </b></td> <td style='FONT-FAMILY: Verdana,Arial,San-serif; FONT-SIZE: 8pt; Color:&012540;'> 10.0168 </td></tr><tr> <td style='background-color:&CADDEC;FONT-FAMILY: Verdana,Arial,San-serif; FONT-SIZE: 8pt; FONT-WEIGHT: bold; Color:&012540;'><b> Sale Price  </b></td> <td style='FONT-FAMILY: Verdana,Arial,San-serif; FONT-SIZE: 8pt; Color:&012540;'> 10.0168 </td></tr><tr> <td style='background-color:&CADDEC;FONT-FAMILY: Verdana,Arial,San-serif; FONT-SIZE: 8pt; FONT-WEIGHT: bold; Color:&012540;'><b> Date </b></td> <td style='FONT-FAMILY: Verdana,Arial,San-serif; FONT-SIZE: 8pt; Color:&012540;'> 13-Apr-2017 </td></tr></table> ]]> </description>
    </item>
    <item>
      <pubDate>Thu, 13 Apr 2017 00:00:00</pubDate>
      <title><![CDATA[MOSt Ultra Short Term Bond Fund-Direct Plan-Quarterly Dividend Option]]></title>
      <link>http://portal.amfiindia.com/schemedetails.aspx?cmbmfname=55&amp;SdId=124312</link>
      <description><![CDATA[<table border="0" cellspacing="4" cellpadding="2"><tr> <td style='background-color:&CADDEC;FONT-FAMILY: Verdana,Arial,San-serif; FONT-SIZE: 8pt; FONT-WEIGHT: bold; Color:&012540;'><b> Category  </b></td> <td style='FONT-FAMILY: Verdana,Arial,San-serif; FONT-SIZE: 8pt; Color:&012540;'> Income </td></tr><tr> <td style='background-color:&CADDEC;FONT-FAMILY: Verdana,Arial,San-serif; FONT-SIZE: 8pt; FONT-WEIGHT: bold; Color:&012540;'><b> NAV  </b></td> <td style='FONT-FAMILY: Verdana,Arial,San-serif; FONT-SIZE: 8pt; Color:&012540;'> 10.0426 </td></tr><tr> <td style='background-color:&CADDEC;FONT-FAMILY: Verdana,Arial,San-serif; FONT-SIZE: 8pt; FONT-WEIGHT: bold; Color:&012540;'><b> Repurchase Price  </b></td> <td style='FONT-FAMILY: Verdana,Arial,San-serif; FONT-SIZE: 8pt; Color:&012540;'> 10.0426 </td></tr><tr> <td style='background-color:&CADDEC;FONT-FAMILY: Verdana,Arial,San-serif; FONT-SIZE: 8pt; FONT-WEIGHT: bold; Color:&012540;'><b> Sale Price  </b></td> <td style='FONT-FAMILY: Verdana,Arial,San-serif; FONT-SIZE: 8pt; Color:&012540;'> 10.0426 </td></tr><tr> <td style='background-color:&CADDEC;FONT-FAMILY: Verdana,Arial,San-serif; FONT-SIZE: 8pt; FONT-WEIGHT: bold; Color:&012540;'><b> Date </b></td> <td style='FONT-FAMILY: Verdana,Arial,San-serif; FONT-SIZE: 8pt; Color:&012540;'> 13-Apr-2017 </td></tr></table> ]]> </description>
    </item>
    <item>
      <pubDate>Thu, 13 Apr 2017 00:00:00</pubDate>
      <title><![CDATA[MOSt Ultra Short Term Bond Fund-Direct Plan-Weekly Dividend Option]]></title>
      <link>http://portal.amfiindia.com/schemedetails.aspx?cmbmfname=55&amp;SdId=124306</link>
      <description><![CDATA[<table border="0" cellspacing="4" cellpadding="2"><tr> <td style='background-color:&CADDEC;FONT-FAMILY: Verdana,Arial,San-serif; FONT-SIZE: 8pt; FONT-WEIGHT: bold; Color:&012540;'><b> Category  </b></td> <td style='FONT-FAMILY: Verdana,Arial,San-serif; FONT-SIZE: 8pt; Color:&012540;'> Income </td></tr><tr> <td style='background-color:&CADDEC;FONT-FAMILY: Verdana,Arial,San-serif; FONT-SIZE: 8pt; FONT-WEIGHT: bold; Color:&012540;'><b> NAV  </b></td> <td style='FONT-FAMILY: Verdana,Arial,San-serif; FONT-SIZE: 8pt; Color:&012540;'> 10.0097 </td></tr><tr> <td style='background-color:&CADDEC;FONT-FAMILY: Verdana,Arial,San-serif; FONT-SIZE: 8pt; FONT-WEIGHT: bold; Color:&012540;'><b> Repurchase Price  </b></td> <td style='FONT-FAMILY: Verdana,Arial,San-serif; FONT-SIZE: 8pt; Color:&012540;'> 10.0097 </td></tr><tr> <td style='background-color:&CADDEC;FONT-FAMILY: Verdana,Arial,San-serif; FONT-SIZE: 8pt; FONT-WEIGHT: bold; Color:&012540;'><b> Sale Price  </b></td> <td style='FONT-FAMILY: Verdana,Arial,San-serif; FONT-SIZE: 8pt; Color:&012540;'> 10.0097 </td></tr><tr> <td style='background-color:&CADDEC;FONT-FAMILY: Verdana,Arial,San-serif; FONT-SIZE: 8pt; FONT-WEIGHT: bold; Color:&012540;'><b> Date </b></td> <td style='FONT-FAMILY: Verdana,Arial,San-serif; FONT-SIZE: 8pt; Color:&012540;'> 13-Apr-2017 </td></tr></table> ]]> </description>
    </item>
    <item>
      <pubDate>Thu, 13 Apr 2017 00:00:00</pubDate>
      <title><![CDATA[MOSt Ultra Short Term Bond Fund-Regular Plan- Growth]]></title>
      <link>http://portal.amfiindia.com/schemedetails.aspx?cmbmfname=55&amp;SdId=124233</link>
      <description><![CDATA[<table border="0" cellspacing="4" cellpadding="2"><tr> <td style='background-color:&CADDEC;FONT-FAMILY: Verdana,Arial,San-serif; FONT-SIZE: 8pt; FONT-WEIGHT: bold; Color:&012540;'><b> Category  </b></td> <td style='FONT-FAMILY: Verdana,Arial,San-serif; FONT-SIZE: 8pt; Color:&012540;'> Income </td></tr><tr> <td style='background-color:&CADDEC;FONT-FAMILY: Verdana,Arial,San-serif; FONT-SIZE: 8pt; FONT-WEIGHT: bold; Color:&012540;'><b> NAV  </b></td> <td style='FONT-FAMILY: Verdana,Arial,San-serif; FONT-SIZE: 8pt; Color:&012540;'> 12.7206 </td></tr><tr> <td style='background-color:&CADDEC;FONT-FAMILY: Verdana,Arial,San-serif; FONT-SIZE: 8pt; FONT-WEIGHT: bold; Color:&012540;'><b> Repurchase Price  </b></td> <td style='FONT-FAMILY: Verdana,Arial,San-serif; FONT-SIZE: 8pt; Color:&012540;'> 12.7206 </td></tr><tr> <td style='background-color:&CADDEC;FONT-FAMILY: Verdana,Arial,San-serif; FONT-SIZE: 8pt; FONT-WEIGHT: bold; Color:&012540;'><b> Sale Price  </b></td> <td style='FONT-FAMILY: Verdana,Arial,San-serif; FONT-SIZE: 8pt; Color:&012540;'> 12.7206 </td></tr><tr> <td style='background-color:&CADDEC;FONT-FAMILY: Verdana,Arial,San-serif; FONT-SIZE: 8pt; FONT-WEIGHT: bold; Color:&012540;'><b> Date </b></td> <td style='FONT-FAMILY: Verdana,Arial,San-serif; FONT-SIZE: 8pt; Color:&012540;'> 13-Apr-2017 </td></tr></table> ]]> </description>
    </item>
    <item>
      <pubDate>Thu, 13 Apr 2017 00:00:00</pubDate>
      <title><![CDATA[MOSt Ultra Short Term Bond Fund-Regular Plan-Daily Dividend Option]]></title>
      <link>http://portal.amfiindia.com/schemedetails.aspx?cmbmfname=55&amp;SdId=124303</link>
      <description><![CDATA[<table border="0" cellspacing="4" cellpadding="2"><tr> <td style='background-color:&CADDEC;FONT-FAMILY: Verdana,Arial,San-serif; FONT-SIZE: 8pt; FONT-WEIGHT: bold; Color:&012540;'><b> Category  </b></td> <td style='FONT-FAMILY: Verdana,Arial,San-serif; FONT-SIZE: 8pt; Color:&012540;'> Income </td></tr><tr> <td style='background-color:&CADDEC;FONT-FAMILY: Verdana,Arial,San-serif; FONT-SIZE: 8pt; FONT-WEIGHT: bold; Color:&012540;'><b> NAV  </b></td> <td style='FONT-FAMILY: Verdana,Arial,San-serif; FONT-SIZE: 8pt; Color:&012540;'> 10.0087 </td></tr><tr> <td style='background-color:&CADDEC;FONT-FAMILY: Verdana,Arial,San-serif; FONT-SIZE: 8pt; FONT-WEIGHT: bold; Color:&012540;'><b> Repurchase Price  </b></td> <td style='FONT-FAMILY: Verdana,Arial,San-serif; FONT-SIZE: 8pt; Color:&012540;'> 10.0087 </td></tr><tr> <td style='background-color:&CADDEC;FONT-FAMILY: Verdana,Arial,San-serif; FONT-SIZE: 8pt; FONT-WEIGHT: bold; Color:&012540;'><b> Sale Price  </b></td> <td style='FONT-FAMILY: Verdana,Arial,San-serif; FONT-SIZE: 8pt; Color:&012540;'> 10.0087 </td></tr><tr> <td style='background-color:&CADDEC;FONT-FAMILY: Verdana,Arial,San-serif; FONT-SIZE: 8pt; FONT-WEIGHT: bold; Color:&012540;'><b> Date </b></td> <td style='FONT-FAMILY: Verdana,Arial,San-serif; FONT-SIZE: 8pt; Color:&012540;'> 13-Apr-2017 </td></tr></table> ]]> </description>
    </item>
    <item>
      <pubDate>Thu, 13 Apr 2017 00:00:00</pubDate>
      <title><![CDATA[MOSt Ultra Short Term Bond Fund-Regular Plan-Fortnightly Dividend Option]]></title>
      <link>http://portal.amfiindia.com/schemedetails.aspx?cmbmfname=55&amp;SdId=124313</link>
      <description><![CDATA[<table border="0" cellspacing="4" cellpadding="2"><tr> <td style='background-color:&CADDEC;FONT-FAMILY: Verdana,Arial,San-serif; FONT-SIZE: 8pt; FONT-WEIGHT: bold; Color:&012540;'><b> Category  </b></td> <td style='FONT-FAMILY: Verdana,Arial,San-serif; FONT-SIZE: 8pt; Color:&012540;'> Income </td></tr><tr> <td style='background-color:&CADDEC;FONT-FAMILY: Verdana,Arial,San-serif; FONT-SIZE: 8pt; FONT-WEIGHT: bold; Color:&012540;'><b> NAV  </b></td> <td style='FONT-FAMILY: Verdana,Arial,San-serif; FONT-SIZE: 8pt; Color:&012540;'> 10.0306 </td></tr><tr> <td style='background-color:&CADDEC;FONT-FAMILY: Verdana,Arial,San-serif; FONT-SIZE: 8pt; FONT-WEIGHT: bold; Color:&012540;'><b> Repurchase Price  </b></td> <td style='FONT-FAMILY: Verdana,Arial,San-serif; FONT-SIZE: 8pt; Color:&012540;'> 10.0306 </td></tr><tr> <td style='background-color:&CADDEC;FONT-FAMILY: Verdana,Arial,San-serif; FONT-SIZE: 8pt; FONT-WEIGHT: bold; Color:&012540;'><b> Sale Price  </b></td> <td style='FONT-FAMILY: Verdana,Arial,San-serif; FONT-SIZE: 8pt; Color:&012540;'> 10.0306 </td></tr><tr> <td style='background-color:&CADDEC;FONT-FAMILY: Verdana,Arial,San-serif; FONT-SIZE: 8pt; FONT-WEIGHT: bold; Color:&012540;'><b> Date </b></td> <td style='FONT-FAMILY: Verdana,Arial,San-serif; FONT-SIZE: 8pt; Color:&012540;'> 13-Apr-2017 </td></tr></table> ]]> </description>
    </item>
    <item>
      <pubDate>Thu, 13 Apr 2017 00:00:00</pubDate>
      <title><![CDATA[MOSt Ultra Short Term Bond Fund-Regular Plan-Monthly Dividend Plan]]></title>
      <link>http://portal.amfiindia.com/schemedetails.aspx?cmbmfname=55&amp;SdId=124315</link>
      <description><![CDATA[<table border="0" cellspacing="4" cellpadding="2"><tr> <td style='background-color:&CADDEC;FONT-FAMILY: Verdana,Arial,San-serif; FONT-SIZE: 8pt; FONT-WEIGHT: bold; Color:&012540;'><b> Category  </b></td> <td style='FONT-FAMILY: Verdana,Arial,San-serif; FONT-SIZE: 8pt; Color:&012540;'> Income </td></tr><tr> <td style='background-color:&CADDEC;FONT-FAMILY: Verdana,Arial,San-serif; FONT-SIZE: 8pt; FONT-WEIGHT: bold; Color:&012540;'><b> NAV  </b></td> <td style='FONT-FAMILY: Verdana,Arial,San-serif; FONT-SIZE: 8pt; Color:&012540;'> 10.0137 </td></tr><tr> <td style='background-color:&CADDEC;FONT-FAMILY: Verdana,Arial,San-serif; FONT-SIZE: 8pt; FONT-WEIGHT: bold; Color:&012540;'><b> Repurchase Price  </b></td> <td style='FONT-FAMILY: Verdana,Arial,San-serif; FONT-SIZE: 8pt; Color:&012540;'> 10.0137 </td></tr><tr> <td style='background-color:&CADDEC;FONT-FAMILY: Verdana,Arial,San-serif; FONT-SIZE: 8pt; FONT-WEIGHT: bold; Color:&012540;'><b> Sale Price  </b></td> <td style='FONT-FAMILY: Verdana,Arial,San-serif; FONT-SIZE: 8pt; Color:&012540;'> 10.0137 </td></tr><tr> <td style='background-color:&CADDEC;FONT-FAMILY: Verdana,Arial,San-serif; FONT-SIZE: 8pt; FONT-WEIGHT: bold; Color:&012540;'><b> Date </b></td> <td style='FONT-FAMILY: Verdana,Arial,San-serif; FONT-SIZE: 8pt; Color:&012540;'> 13-Apr-2017 </td></tr></table> ]]> </description>
    </item>
    <item>
      <pubDate>Thu, 13 Apr 2017 00:00:00</pubDate>
      <title><![CDATA[MOSt Ultra Short Term Bond Fund-Regular Plan-Quarterly Dividend Plan]]></title>
      <link>http://portal.amfiindia.com/schemedetails.aspx?cmbmfname=55&amp;SdId=124305</link>
      <description><![CDATA[<table border="0" cellspacing="4" cellpadding="2"><tr> <td style='background-color:&CADDEC;FONT-FAMILY: Verdana,Arial,San-serif; FONT-SIZE: 8pt; FONT-WEIGHT: bold; Color:&012540;'><b> Category  </b></td> <td style='FONT-FAMILY: Verdana,Arial,San-serif; FONT-SIZE: 8pt; Color:&012540;'> Income </td></tr><tr> <td style='background-color:&CADDEC;FONT-FAMILY: Verdana,Arial,San-serif; FONT-SIZE: 8pt; FONT-WEIGHT: bold; Color:&012540;'><b> NAV  </b></td> <td style='FONT-FAMILY: Verdana,Arial,San-serif; FONT-SIZE: 8pt; Color:&012540;'> 10.0448 </td></tr><tr> <td style='background-color:&CADDEC;FONT-FAMILY: Verdana,Arial,San-serif; FONT-SIZE: 8pt; FONT-WEIGHT: bold; Color:&012540;'><b> Repurchase Price  </b></td> <td style='FONT-FAMILY: Verdana,Arial,San-serif; FONT-SIZE: 8pt; Color:&012540;'> 10.0448 </td></tr><tr> <td style='background-color:&CADDEC;FONT-FAMILY: Verdana,Arial,San-serif; FONT-SIZE: 8pt; FONT-WEIGHT: bold; Color:&012540;'><b> Sale Price  </b></td> <td style='FONT-FAMILY: Verdana,Arial,San-serif; FONT-SIZE: 8pt; Color:&012540;'> 10.0448 </td></tr><tr> <td style='background-color:&CADDEC;FONT-FAMILY: Verdana,Arial,San-serif; FONT-SIZE: 8pt; FONT-WEIGHT: bold; Color:&012540;'><b> Date </b></td> <td style='FONT-FAMILY: Verdana,Arial,San-serif; FONT-SIZE: 8pt; Color:&012540;'> 13-Apr-2017 </td></tr></table> ]]> </description>
    </item>
    <item>
      <pubDate>Thu, 13 Apr 2017 00:00:00</pubDate>
      <title><![CDATA[MOSt Ultra Short Term Bond Fund-Regular Plan-Weekly Dividend Option]]></title>
      <link>http://portal.amfiindia.com/schemedetails.aspx?cmbmfname=55&amp;SdId=124310</link>
      <description><![CDATA[<table border="0" cellspacing="4" cellpadding="2"><tr> <td style='background-color:&CADDEC;FONT-FAMILY: Verdana,Arial,San-serif; FONT-SIZE: 8pt; FONT-WEIGHT: bold; Color:&012540;'><b> Category  </b></td> <td style='FONT-FAMILY: Verdana,Arial,San-serif; FONT-SIZE: 8pt; Color:&012540;'> Income </td></tr><tr> <td style='background-color:&CADDEC;FONT-FAMILY: Verdana,Arial,San-serif; FONT-SIZE: 8pt; FONT-WEIGHT: bold; Color:&012540;'><b> NAV  </b></td> <td style='FONT-FAMILY: Verdana,Arial,San-serif; FONT-SIZE: 8pt; Color:&012540;'> 10.0105 </td></tr><tr> <td style='background-color:&CADDEC;FONT-FAMILY: Verdana,Arial,San-serif; FONT-SIZE: 8pt; FONT-WEIGHT: bold; Color:&012540;'><b> Repurchase Price  </b></td> <td style='FONT-FAMILY: Verdana,Arial,San-serif; FONT-SIZE: 8pt; Color:&012540;'> 10.0105 </td></tr><tr> <td style='background-color:&CADDEC;FONT-FAMILY: Verdana,Arial,San-serif; FONT-SIZE: 8pt; FONT-WEIGHT: bold; Color:&012540;'><b> Sale Price  </b></td> <td style='FONT-FAMILY: Verdana,Arial,San-serif; FONT-SIZE: 8pt; Color:&012540;'> 10.0105 </td></tr><tr> <td style='background-color:&CADDEC;FONT-FAMILY: Verdana,Arial,San-serif; FONT-SIZE: 8pt; FONT-WEIGHT: bold; Color:&012540;'><b> Date </b></td> <td style='FONT-FAMILY: Verdana,Arial,San-serif; FONT-SIZE: 8pt; Color:&012540;'> 13-Apr-2017 </td></tr></table> ]]> </description>
    </item>
    <item>
      <pubDate>Thu, 13 Apr 2017 00:00:00</pubDate>
      <title><![CDATA[MOSt Focused 25 Fund- Direct Plan Dividend Option]]></title>
      <link>http://portal.amfiindia.com/schemedetails.aspx?cmbmfname=55&amp;SdId=122390</link>
      <description><![CDATA[<table border="0" cellspacing="4" cellpadding="2"><tr> <td style='background-color:&CADDEC;FONT-FAMILY: Verdana,Arial,San-serif; FONT-SIZE: 8pt; FONT-WEIGHT: bold; Color:&012540;'><b> Category  </b></td> <td style='FONT-FAMILY: Verdana,Arial,San-serif; FONT-SIZE: 8pt; Color:&012540;'> Growth </td></tr><tr> <td style='background-color:&CADDEC;FONT-FAMILY: Verdana,Arial,San-serif; FONT-SIZE: 8pt; FONT-WEIGHT: bold; Color:&012540;'><b> NAV  </b></td> <td style='FONT-FAMILY: Verdana,Arial,San-serif; FONT-SIZE: 8pt; Color:&012540;'> 17.1609 </td></tr><tr> <td style='background-color:&CADDEC;FONT-FAMILY: Verdana,Arial,San-serif; FONT-SIZE: 8pt; FONT-WEIGHT: bold; Color:&012540;'><b> Repurchase Price  </b></td> <td style='FONT-FAMILY: Verdana,Arial,San-serif; FONT-SIZE: 8pt; Color:&012540;'> 17.1609 </td></tr><tr> <td style='background-color:&CADDEC;FONT-FAMILY: Verdana,Arial,San-serif; FONT-SIZE: 8pt; FONT-WEIGHT: bold; Color:&012540;'><b> Sale Price  </b></td> <td style='FONT-FAMILY: Verdana,Arial,San-serif; FONT-SIZE: 8pt; Color:&012540;'> 17.1609 </td></tr><tr> <td style='background-color:&CADDEC;FONT-FAMILY: Verdana,Arial,San-serif; FONT-SIZE: 8pt; FONT-WEIGHT: bold; Color:&012540;'><b> Date </b></td> <td style='FONT-FAMILY: Verdana,Arial,San-serif; FONT-SIZE: 8pt; Color:&012540;'> 13-Apr-2017 </td></tr></table> ]]> </description>
    </item>
    <item>
      <pubDate>Thu, 13 Apr 2017 00:00:00</pubDate>
      <title><![CDATA[MOSt Focused 25 Fund- Direct Plan Growth Option]]></title>
      <link>http://portal.amfiindia.com/schemedetails.aspx?cmbmfname=55&amp;SdId=122389</link>
      <description><![CDATA[<table border="0" cellspacing="4" cellpadding="2"><tr> <td style='background-color:&CADDEC;FONT-FAMILY: Verdana,Arial,San-serif; FONT-SIZE: 8pt; FONT-WEIGHT: bold; Color:&012540;'><b> Category  </b></td> <td style='FONT-FAMILY: Verdana,Arial,San-serif; FONT-SIZE: 8pt; Color:&012540;'> Growth </td></tr><tr> <td style='background-color:&CADDEC;FONT-FAMILY: Verdana,Arial,San-serif; FONT-SIZE: 8pt; FONT-WEIGHT: bold; Color:&012540;'><b> NAV  </b></td> <td style='FONT-FAMILY: Verdana,Arial,San-serif; FONT-SIZE: 8pt; Color:&012540;'> 20.3934 </td></tr><tr> <td style='background-color:&CADDEC;FONT-FAMILY: Verdana,Arial,San-serif; FONT-SIZE: 8pt; FONT-WEIGHT: bold; Color:&012540;'><b> Repurchase Price  </b></td> <td style='FONT-FAMILY: Verdana,Arial,San-serif; FONT-SIZE: 8pt; Color:&012540;'> 20.3934 </td></tr><tr> <td style='background-color:&CADDEC;FONT-FAMILY: Verdana,Arial,San-serif; FONT-SIZE: 8pt; FONT-WEIGHT: bold; Color:&012540;'><b> Sale Price  </b></td> <td style='FONT-FAMILY: Verdana,Arial,San-serif; FONT-SIZE: 8pt; Color:&012540;'> 20.3934 </td></tr><tr> <td style='background-color:&CADDEC;FONT-FAMILY: Verdana,Arial,San-serif; FONT-SIZE: 8pt; FONT-WEIGHT: bold; Color:&012540;'><b> Date </b></td> <td style='FONT-FAMILY: Verdana,Arial,San-serif; FONT-SIZE: 8pt; Color:&012540;'> 13-Apr-2017 </td></tr></table> ]]> </description>
    </item>
    <item>
      <pubDate>Thu, 13 Apr 2017 00:00:00</pubDate>
      <title><![CDATA[MOSt Focused 25 Fund- Regular Plan Dividend Option]]></title>
      <link>http://portal.amfiindia.com/schemedetails.aspx?cmbmfname=55&amp;SdId=122388</link>
      <description><![CDATA[<table border="0" cellspacing="4" cellpadding="2"><tr> <td style='background-color:&CADDEC;FONT-FAMILY: Verdana,Arial,San-serif; FONT-SIZE: 8pt; FONT-WEIGHT: bold; Color:&012540;'><b> Category  </b></td> <td style='FONT-FAMILY: Verdana,Arial,San-serif; FONT-SIZE: 8pt; Color:&012540;'> Growth </td></tr><tr> <td style='background-color:&CADDEC;FONT-FAMILY: Verdana,Arial,San-serif; FONT-SIZE: 8pt; FONT-WEIGHT: bold; Color:&012540;'><b> NAV  </b></td> <td style='FONT-FAMILY: Verdana,Arial,San-serif; FONT-SIZE: 8pt; Color:&012540;'> 16.1526 </td></tr><tr> <td style='background-color:&CADDEC;FONT-FAMILY: Verdana,Arial,San-serif; FONT-SIZE: 8pt; FONT-WEIGHT: bold; Color:&012540;'><b> Repurchase Price  </b></td> <td style='FONT-FAMILY: Verdana,Arial,San-serif; FONT-SIZE: 8pt; Color:&012540;'> 16.1526 </td></tr><tr> <td style='background-color:&CADDEC;FONT-FAMILY: Verdana,Arial,San-serif; FONT-SIZE: 8pt; FONT-WEIGHT: bold; Color:&012540;'><b> Sale Price  </b></td> <td style='FONT-FAMILY: Verdana,Arial,San-serif; FONT-SIZE: 8pt; Color:&012540;'> 16.1526 </td></tr><tr> <td style='background-color:&CADDEC;FONT-FAMILY: Verdana,Arial,San-serif; FONT-SIZE: 8pt; FONT-WEIGHT: bold; Color:&012540;'><b> Date </b></td> <td style='FONT-FAMILY: Verdana,Arial,San-serif; FONT-SIZE: 8pt; Color:&012540;'> 13-Apr-2017 </td></tr></table> ]]> </description>
    </item>
    <item>
      <pubDate>Thu, 13 Apr 2017 00:00:00</pubDate>
      <title><![CDATA[MOSt Focused 25 Fund- Regular Plan Growth Option]]></title>
      <link>http://portal.amfiindia.com/schemedetails.aspx?cmbmfname=55&amp;SdId=122387</link>
      <description><![CDATA[<table border="0" cellspacing="4" cellpadding="2"><tr> <td style='background-color:&CADDEC;FONT-FAMILY: Verdana,Arial,San-serif; FONT-SIZE: 8pt; FONT-WEIGHT: bold; Color:&012540;'><b> Category  </b></td> <td style='FONT-FAMILY: Verdana,Arial,San-serif; FONT-SIZE: 8pt; Color:&012540;'> Growth </td></tr><tr> <td style='background-color:&CADDEC;FONT-FAMILY: Verdana,Arial,San-serif; FONT-SIZE: 8pt; FONT-WEIGHT: bold; Color:&012540;'><b> NAV  </b></td> <td style='FONT-FAMILY: Verdana,Arial,San-serif; FONT-SIZE: 8pt; Color:&012540;'> 19.2887 </td></tr><tr> <td style='background-color:&CADDEC;FONT-FAMILY: Verdana,Arial,San-serif; FONT-SIZE: 8pt; FONT-WEIGHT: bold; Color:&012540;'><b> Repurchase Price  </b></td> <td style='FONT-FAMILY: Verdana,Arial,San-serif; FONT-SIZE: 8pt; Color:&012540;'> 19.2887 </td></tr><tr> <td style='background-color:&CADDEC;FONT-FAMILY: Verdana,Arial,San-serif; FONT-SIZE: 8pt; FONT-WEIGHT: bold; Color:&012540;'><b> Sale Price  </b></td> <td style='FONT-FAMILY: Verdana,Arial,San-serif; FONT-SIZE: 8pt; Color:&012540;'> 19.2887 </td></tr><tr> <td style='background-color:&CADDEC;FONT-FAMILY: Verdana,Arial,San-serif; FONT-SIZE: 8pt; FONT-WEIGHT: bold; Color:&012540;'><b> Date </b></td> <td style='FONT-FAMILY: Verdana,Arial,San-serif; FONT-SIZE: 8pt; Color:&012540;'> 13-Apr-2017 </td></tr></table> ]]> </description>
    </item>
    <item>
      <pubDate>Thu, 13 Apr 2017 00:00:00</pubDate>
      <title><![CDATA[MOSt Focused Dynamic Equity - Direct Plan - Annual Dividend Payout Option]]></title>
      <link>http://portal.amfiindia.com/schemedetails.aspx?cmbmfname=55&amp;SdId=139866</link>
      <description><![CDATA[<table border="0" cellspacing="4" cellpadding="2"><tr> <td style='background-color:&CADDEC;FONT-FAMILY: Verdana,Arial,San-serif; FONT-SIZE: 8pt; FONT-WEIGHT: bold; Color:&012540;'><b> Category  </b></td> <td style='FONT-FAMILY: Verdana,Arial,San-serif; FONT-SIZE: 8pt; Color:&012540;'> Growth </td></tr><tr> <td style='background-color:&CADDEC;FONT-FAMILY: Verdana,Arial,San-serif; FONT-SIZE: 8pt; FONT-WEIGHT: bold; Color:&012540;'><b> NAV  </b></td> <td style='FONT-FAMILY: Verdana,Arial,San-serif; FONT-SIZE: 8pt; Color:&012540;'> 11.0743 </td></tr><tr> <td style='background-color:&CADDEC;FONT-FAMILY: Verdana,Arial,San-serif; FONT-SIZE: 8pt; FONT-WEIGHT: bold; Color:&012540;'><b> Repurchase Price  </b></td> <td style='FONT-FAMILY: Verdana,Arial,San-serif; FONT-SIZE: 8pt; Color:&012540;'> 11.0743 </td></tr><tr> <td style='background-color:&CADDEC;FONT-FAMILY: Verdana,Arial,San-serif; FONT-SIZE: 8pt; FONT-WEIGHT: bold; Color:&012540;'><b> Sale Price  </b></td> <td style='FONT-FAMILY: Verdana,Arial,San-serif; FONT-SIZE: 8pt; Color:&012540;'> 11.0743 </td></tr><tr> <td style='background-color:&CADDEC;FONT-FAMILY: Verdana,Arial,San-serif; FONT-SIZE: 8pt; FONT-WEIGHT: bold; Color:&012540;'><b> Date </b></td> <td style='FONT-FAMILY: Verdana,Arial,San-serif; FONT-SIZE: 8pt; Color:&012540;'> 13-Apr-2017 </td></tr></table> ]]> </description>
    </item>
    <item>
      <pubDate>Thu, 13 Apr 2017 00:00:00</pubDate>
      <title><![CDATA[MOSt Focused Dynamic Equity - Direct Plan - Growth Option]]></title>
      <link>http://portal.amfiindia.com/schemedetails.aspx?cmbmfname=55&amp;SdId=139872</link>
      <description><![CDATA[<table border="0" cellspacing="4" cellpadding="2"><tr> <td style='background-color:&CADDEC;FONT-FAMILY: Verdana,Arial,San-serif; FONT-SIZE: 8pt; FONT-WEIGHT: bold; Color:&012540;'><b> Category  </b></td> <td style='FONT-FAMILY: Verdana,Arial,San-serif; FONT-SIZE: 8pt; Color:&012540;'> Growth </td></tr><tr> <td style='background-color:&CADDEC;FONT-FAMILY: Verdana,Arial,San-serif; FONT-SIZE: 8pt; FONT-WEIGHT: bold; Color:&012540;'><b> NAV  </b></td> <td style='FONT-FAMILY: Verdana,Arial,San-serif; FONT-SIZE: 8pt; Color:&012540;'> 11.0743 </td></tr><tr> <td style='background-color:&CADDEC;FONT-FAMILY: Verdana,Arial,San-serif; FONT-SIZE: 8pt; FONT-WEIGHT: bold; Color:&012540;'><b> Repurchase Price  </b></td> <td style='FONT-FAMILY: Verdana,Arial,San-serif; FONT-SIZE: 8pt; Color:&012540;'> 11.0743 </td></tr><tr> <td style='background-color:&CADDEC;FONT-FAMILY: Verdana,Arial,San-serif; FONT-SIZE: 8pt; FONT-WEIGHT: bold; Color:&012540;'><b> Sale Price  </b></td> <td style='FONT-FAMILY: Verdana,Arial,San-serif; FONT-SIZE: 8pt; Color:&012540;'> 11.0743 </td></tr><tr> <td style='background-color:&CADDEC;FONT-FAMILY: Verdana,Arial,San-serif; FONT-SIZE: 8pt; FONT-WEIGHT: bold; Color:&012540;'><b> Date </b></td> <td style='FONT-FAMILY: Verdana,Arial,San-serif; FONT-SIZE: 8pt; Color:&012540;'> 13-Apr-2017 </td></tr></table> ]]> </description>
    </item>
    <item>
      <pubDate>Thu, 13 Apr 2017 00:00:00</pubDate>
      <title><![CDATA[MOSt Focused Dynamic Equity - Direct Plan - Quarterly Dividend Payout Option]]></title>
      <link>http://portal.amfiindia.com/schemedetails.aspx?cmbmfname=55&amp;SdId=139865</link>
      <description><![CDATA[<table border="0" cellspacing="4" cellpadding="2"><tr> <td style='background-color:&CADDEC;FONT-FAMILY: Verdana,Arial,San-serif; FONT-SIZE: 8pt; FONT-WEIGHT: bold; Color:&012540;'><b> Category  </b></td> <td style='FONT-FAMILY: Verdana,Arial,San-serif; FONT-SIZE: 8pt; Color:&012540;'> Growth </td></tr><tr> <td style='background-color:&CADDEC;FONT-FAMILY: Verdana,Arial,San-serif; FONT-SIZE: 8pt; FONT-WEIGHT: bold; Color:&012540;'><b> NAV  </b></td> <td style='FONT-FAMILY: Verdana,Arial,San-serif; FONT-SIZE: 8pt; Color:&012540;'> 11.0743 </td></tr><tr> <td style='background-color:&CADDEC;FONT-FAMILY: Verdana,Arial,San-serif; FONT-SIZE: 8pt; FONT-WEIGHT: bold; Color:&012540;'><b> Repurchase Price  </b></td> <td style='FONT-FAMILY: Verdana,Arial,San-serif; FONT-SIZE: 8pt; Color:&012540;'> 11.0743 </td></tr><tr> <td style='background-color:&CADDEC;FONT-FAMILY: Verdana,Arial,San-serif; FONT-SIZE: 8pt; FONT-WEIGHT: bold; Color:&012540;'><b> Sale Price  </b></td> <td style='FONT-FAMILY: Verdana,Arial,San-serif; FONT-SIZE: 8pt; Color:&012540;'> 11.0743 </td></tr><tr> <td style='background-color:&CADDEC;FONT-FAMILY: Verdana,Arial,San-serif; FONT-SIZE: 8pt; FONT-WEIGHT: bold; Color:&012540;'><b> Date </b></td> <td style='FONT-FAMILY: Verdana,Arial,San-serif; FONT-SIZE: 8pt; Color:&012540;'> 13-Apr-2017 </td></tr></table> ]]> </description>
    </item>
    <item>
      <pubDate>Thu, 13 Apr 2017 00:00:00</pubDate>
      <title><![CDATA[MOSt Focused Dynamic Equity - Regular Plan - Annual Dividend Payout Option]]></title>
      <link>http://portal.amfiindia.com/schemedetails.aspx?cmbmfname=55&amp;SdId=139863</link>
      <description><![CDATA[<table border="0" cellspacing="4" cellpadding="2"><tr> <td style='background-color:&CADDEC;FONT-FAMILY: Verdana,Arial,San-serif; FONT-SIZE: 8pt; FONT-WEIGHT: bold; Color:&012540;'><b> Category  </b></td> <td style='FONT-FAMILY: Verdana,Arial,San-serif; FONT-SIZE: 8pt; Color:&012540;'> Growth </td></tr><tr> <td style='background-color:&CADDEC;FONT-FAMILY: Verdana,Arial,San-serif; FONT-SIZE: 8pt; FONT-WEIGHT: bold; Color:&012540;'><b> NAV  </b></td> <td style='FONT-FAMILY: Verdana,Arial,San-serif; FONT-SIZE: 8pt; Color:&012540;'> 10.9943 </td></tr><tr> <td style='background-color:&CADDEC;FONT-FAMILY: Verdana,Arial,San-serif; FONT-SIZE: 8pt; FONT-WEIGHT: bold; Color:&012540;'><b> Repurchase Price  </b></td> <td style='FONT-FAMILY: Verdana,Arial,San-serif; FONT-SIZE: 8pt; Color:&012540;'> 10.9943 </td></tr><tr> <td style='background-color:&CADDEC;FONT-FAMILY: Verdana,Arial,San-serif; FONT-SIZE: 8pt; FONT-WEIGHT: bold; Color:&012540;'><b> Sale Price  </b></td> <td style='FONT-FAMILY: Verdana,Arial,San-serif; FONT-SIZE: 8pt; Color:&012540;'> 10.9943 </td></tr><tr> <td style='background-color:&CADDEC;FONT-FAMILY: Verdana,Arial,San-serif; FONT-SIZE: 8pt; FONT-WEIGHT: bold; Color:&012540;'><b> Date </b></td> <td style='FONT-FAMILY: Verdana,Arial,San-serif; FONT-SIZE: 8pt; Color:&012540;'> 13-Apr-2017 </td></tr></table> ]]> </description>
    </item>
    <item>
      <pubDate>Thu, 13 Apr 2017 00:00:00</pubDate>
      <title><![CDATA[MOSt Focused Dynamic Equity - Regular Plan - Growth Option]]></title>
      <link>http://portal.amfiindia.com/schemedetails.aspx?cmbmfname=55&amp;SdId=139870</link>
      <description><![CDATA[<table border="0" cellspacing="4" cellpadding="2"><tr> <td style='background-color:&CADDEC;FONT-FAMILY: Verdana,Arial,San-serif; FONT-SIZE: 8pt; FONT-WEIGHT: bold; Color:&012540;'><b> Category  </b></td> <td style='FONT-FAMILY: Verdana,Arial,San-serif; FONT-SIZE: 8pt; Color:&012540;'> Growth </td></tr><tr> <td style='background-color:&CADDEC;FONT-FAMILY: Verdana,Arial,San-serif; FONT-SIZE: 8pt; FONT-WEIGHT: bold; Color:&012540;'><b> NAV  </b></td> <td style='FONT-FAMILY: Verdana,Arial,San-serif; FONT-SIZE: 8pt; Color:&012540;'> 10.9943 </td></tr><tr> <td style='background-color:&CADDEC;FONT-FAMILY: Verdana,Arial,San-serif; FONT-SIZE: 8pt; FONT-WEIGHT: bold; Color:&012540;'><b> Repurchase Price  </b></td> <td style='FONT-FAMILY: Verdana,Arial,San-serif; FONT-SIZE: 8pt; Color:&012540;'> 10.9943 </td></tr><tr> <td style='background-color:&CADDEC;FONT-FAMILY: Verdana,Arial,San-serif; FONT-SIZE: 8pt; FONT-WEIGHT: bold; Color:&012540;'><b> Sale Price  </b></td> <td style='FONT-FAMILY: Verdana,Arial,San-serif; FONT-SIZE: 8pt; Color:&012540;'> 10.9943 </td></tr><tr> <td style='background-color:&CADDEC;FONT-FAMILY: Verdana,Arial,San-serif; FONT-SIZE: 8pt; FONT-WEIGHT: bold; Color:&012540;'><b> Date </b></td> <td style='FONT-FAMILY: Verdana,Arial,San-serif; FONT-SIZE: 8pt; Color:&012540;'> 13-Apr-2017 </td></tr></table> ]]> </description>
    </item>
    <item>
      <pubDate>Thu, 13 Apr 2017 00:00:00</pubDate>
      <title><![CDATA[MOSt Focused Dynamic Equity - Regular Plan - Quarterly Dividend Payout Option]]></title>
      <link>http://portal.amfiindia.com/schemedetails.aspx?cmbmfname=55&amp;SdId=139871</link>
      <description><![CDATA[<table border="0" cellspacing="4" cellpadding="2"><tr> <td style='background-color:&CADDEC;FONT-FAMILY: Verdana,Arial,San-serif; FONT-SIZE: 8pt; FONT-WEIGHT: bold; Color:&012540;'><b> Category  </b></td> <td style='FONT-FAMILY: Verdana,Arial,San-serif; FONT-SIZE: 8pt; Color:&012540;'> Growth </td></tr><tr> <td style='background-color:&CADDEC;FONT-FAMILY: Verdana,Arial,San-serif; FONT-SIZE: 8pt; FONT-WEIGHT: bold; Color:&012540;'><b> NAV  </b></td> <td style='FONT-FAMILY: Verdana,Arial,San-serif; FONT-SIZE: 8pt; Color:&012540;'> 10.9943 </td></tr><tr> <td style='background-color:&CADDEC;FONT-FAMILY: Verdana,Arial,San-serif; FONT-SIZE: 8pt; FONT-WEIGHT: bold; Color:&012540;'><b> Repurchase Price  </b></td> <td style='FONT-FAMILY: Verdana,Arial,San-serif; FONT-SIZE: 8pt; Color:&012540;'> 10.9943 </td></tr><tr> <td style='background-color:&CADDEC;FONT-FAMILY: Verdana,Arial,San-serif; FONT-SIZE: 8pt; FONT-WEIGHT: bold; Color:&012540;'><b> Sale Price  </b></td> <td style='FONT-FAMILY: Verdana,Arial,San-serif; FONT-SIZE: 8pt; Color:&012540;'> 10.9943 </td></tr><tr> <td style='background-color:&CADDEC;FONT-FAMILY: Verdana,Arial,San-serif; FONT-SIZE: 8pt; FONT-WEIGHT: bold; Color:&012540;'><b> Date </b></td> <td style='FONT-FAMILY: Verdana,Arial,San-serif; FONT-SIZE: 8pt; Color:&012540;'> 13-Apr-2017 </td></tr></table> ]]> </description>
    </item>
    <item>
      <pubDate>Thu, 13 Apr 2017 00:00:00</pubDate>
      <title><![CDATA[MOSt Focused Midcap 30-Direct Plan-Dividend Option]]></title>
      <link>http://portal.amfiindia.com/schemedetails.aspx?cmbmfname=55&amp;SdId=127044</link>
      <description><![CDATA[<table border="0" cellspacing="4" cellpadding="2"><tr> <td style='background-color:&CADDEC;FONT-FAMILY: Verdana,Arial,San-serif; FONT-SIZE: 8pt; FONT-WEIGHT: bold; Color:&012540;'><b> Category  </b></td> <td style='FONT-FAMILY: Verdana,Arial,San-serif; FONT-SIZE: 8pt; Color:&012540;'> Growth </td></tr><tr> <td style='background-color:&CADDEC;FONT-FAMILY: Verdana,Arial,San-serif; FONT-SIZE: 8pt; FONT-WEIGHT: bold; Color:&012540;'><b> NAV  </b></td> <td style='FONT-FAMILY: Verdana,Arial,San-serif; FONT-SIZE: 8pt; Color:&012540;'> 23.2784 </td></tr><tr> <td style='background-color:&CADDEC;FONT-FAMILY: Verdana,Arial,San-serif; FONT-SIZE: 8pt; FONT-WEIGHT: bold; Color:&012540;'><b> Repurchase Price  </b></td> <td style='FONT-FAMILY: Verdana,Arial,San-serif; FONT-SIZE: 8pt; Color:&012540;'> 23.2784 </td></tr><tr> <td style='background-color:&CADDEC;FONT-FAMILY: Verdana,Arial,San-serif; FONT-SIZE: 8pt; FONT-WEIGHT: bold; Color:&012540;'><b> Sale Price  </b></td> <td style='FONT-FAMILY: Verdana,Arial,San-serif; FONT-SIZE: 8pt; Color:&012540;'> 23.2784 </td></tr><tr> <td style='background-color:&CADDEC;FONT-FAMILY: Verdana,Arial,San-serif; FONT-SIZE: 8pt; FONT-WEIGHT: bold; Color:&012540;'><b> Date </b></td> <td style='FONT-FAMILY: Verdana,Arial,San-serif; FONT-SIZE: 8pt; Color:&012540;'> 13-Apr-2017 </td></tr></table> ]]> </description>
    </item>
    <item>
      <pubDate>Thu, 13 Apr 2017 00:00:00</pubDate>
      <title><![CDATA[MOSt Focused Midcap 30-Direct Plan-Growth Option]]></title>
      <link>http://portal.amfiindia.com/schemedetails.aspx?cmbmfname=55&amp;SdId=127042</link>
      <description><![CDATA[<table border="0" cellspacing="4" cellpadding="2"><tr> <td style='background-color:&CADDEC;FONT-FAMILY: Verdana,Arial,San-serif; FONT-SIZE: 8pt; FONT-WEIGHT: bold; Color:&012540;'><b> Category  </b></td> <td style='FONT-FAMILY: Verdana,Arial,San-serif; FONT-SIZE: 8pt; Color:&012540;'> Growth </td></tr><tr> <td style='background-color:&CADDEC;FONT-FAMILY: Verdana,Arial,San-serif; FONT-SIZE: 8pt; FONT-WEIGHT: bold; Color:&012540;'><b> NAV  </b></td> <td style='FONT-FAMILY: Verdana,Arial,San-serif; FONT-SIZE: 8pt; Color:&012540;'> 26.4836 </td></tr><tr> <td style='background-color:&CADDEC;FONT-FAMILY: Verdana,Arial,San-serif; FONT-SIZE: 8pt; FONT-WEIGHT: bold; Color:&012540;'><b> Repurchase Price  </b></td> <td style='FONT-FAMILY: Verdana,Arial,San-serif; FONT-SIZE: 8pt; Color:&012540;'> 26.4836 </td></tr><tr> <td style='background-color:&CADDEC;FONT-FAMILY: Verdana,Arial,San-serif; FONT-SIZE: 8pt; FONT-WEIGHT: bold; Color:&012540;'><b> Sale Price  </b></td> <td style='FONT-FAMILY: Verdana,Arial,San-serif; FONT-SIZE: 8pt; Color:&012540;'> 26.4836 </td></tr><tr> <td style='background-color:&CADDEC;FONT-FAMILY: Verdana,Arial,San-serif; FONT-SIZE: 8pt; FONT-WEIGHT: bold; Color:&012540;'><b> Date </b></td> <td style='FONT-FAMILY: Verdana,Arial,San-serif; FONT-SIZE: 8pt; Color:&012540;'> 13-Apr-2017 </td></tr></table> ]]> </description>
    </item>
    <item>
      <pubDate>Thu, 13 Apr 2017 00:00:00</pubDate>
      <title><![CDATA[MOSt Focused Midcap 30-Regular Plan-Dividend Option]]></title>
      <link>http://portal.amfiindia.com/schemedetails.aspx?cmbmfname=55&amp;SdId=127040</link>
      <description><![CDATA[<table border="0" cellspacing="4" cellpadding="2"><tr> <td style='background-color:&CADDEC;FONT-FAMILY: Verdana,Arial,San-serif; FONT-SIZE: 8pt; FONT-WEIGHT: bold; Color:&012540;'><b> Category  </b></td> <td style='FONT-FAMILY: Verdana,Arial,San-serif; FONT-SIZE: 8pt; Color:&012540;'> Growth </td></tr><tr> <td style='background-color:&CADDEC;FONT-FAMILY: Verdana,Arial,San-serif; FONT-SIZE: 8pt; FONT-WEIGHT: bold; Color:&012540;'><b> NAV  </b></td> <td style='FONT-FAMILY: Verdana,Arial,San-serif; FONT-SIZE: 8pt; Color:&012540;'> 22.3383 </td></tr><tr> <td style='background-color:&CADDEC;FONT-FAMILY: Verdana,Arial,San-serif; FONT-SIZE: 8pt; FONT-WEIGHT: bold; Color:&012540;'><b> Repurchase Price  </b></td> <td style='FONT-FAMILY: Verdana,Arial,San-serif; FONT-SIZE: 8pt; Color:&012540;'> 22.3383 </td></tr><tr> <td style='background-color:&CADDEC;FONT-FAMILY: Verdana,Arial,San-serif; FONT-SIZE: 8pt; FONT-WEIGHT: bold; Color:&012540;'><b> Sale Price  </b></td> <td style='FONT-FAMILY: Verdana,Arial,San-serif; FONT-SIZE: 8pt; Color:&012540;'> 22.3383 </td></tr><tr> <td style='background-color:&CADDEC;FONT-FAMILY: Verdana,Arial,San-serif; FONT-SIZE: 8pt; FONT-WEIGHT: bold; Color:&012540;'><b> Date </b></td> <td style='FONT-FAMILY: Verdana,Arial,San-serif; FONT-SIZE: 8pt; Color:&012540;'> 13-Apr-2017 </td></tr></table> ]]> </description>
    </item>
    <item>
      <pubDate>Thu, 13 Apr 2017 00:00:00</pubDate>
      <title><![CDATA[MOSt Focused Midcap 30-Regular Plan-Growth Option]]></title>
      <link>http://portal.amfiindia.com/schemedetails.aspx?cmbmfname=55&amp;SdId=127039</link>
      <description><![CDATA[<table border="0" cellspacing="4" cellpadding="2"><tr> <td style='background-color:&CADDEC;FONT-FAMILY: Verdana,Arial,San-serif; FONT-SIZE: 8pt; FONT-WEIGHT: bold; Color:&012540;'><b> Category  </b></td> <td style='FONT-FAMILY: Verdana,Arial,San-serif; FONT-SIZE: 8pt; Color:&012540;'> Growth </td></tr><tr> <td style='background-color:&CADDEC;FONT-FAMILY: Verdana,Arial,San-serif; FONT-SIZE: 8pt; FONT-WEIGHT: bold; Color:&012540;'><b> NAV  </b></td> <td style='FONT-FAMILY: Verdana,Arial,San-serif; FONT-SIZE: 8pt; Color:&012540;'> 25.4866 </td></tr><tr> <td style='background-color:&CADDEC;FONT-FAMILY: Verdana,Arial,San-serif; FONT-SIZE: 8pt; FONT-WEIGHT: bold; Color:&012540;'><b> Repurchase Price  </b></td> <td style='FONT-FAMILY: Verdana,Arial,San-serif; FONT-SIZE: 8pt; Color:&012540;'> 25.4866 </td></tr><tr> <td style='background-color:&CADDEC;FONT-FAMILY: Verdana,Arial,San-serif; FONT-SIZE: 8pt; FONT-WEIGHT: bold; Color:&012540;'><b> Sale Price  </b></td> <td style='FONT-FAMILY: Verdana,Arial,San-serif; FONT-SIZE: 8pt; Color:&012540;'> 25.4866 </td></tr><tr> <td style='background-color:&CADDEC;FONT-FAMILY: Verdana,Arial,San-serif; FONT-SIZE: 8pt; FONT-WEIGHT: bold; Color:&012540;'><b> Date </b></td> <td style='FONT-FAMILY: Verdana,Arial,San-serif; FONT-SIZE: 8pt; Color:&012540;'> 13-Apr-2017 </td></tr></table> ]]> </description>
    </item>
    <item>
      <pubDate>Thu, 13 Apr 2017 00:00:00</pubDate>
      <title><![CDATA[MOSt Focused Multicap 35- Direct Plan-Dividend Option]]></title>
      <link>http://portal.amfiindia.com/schemedetails.aspx?cmbmfname=55&amp;SdId=129047</link>
      <description><![CDATA[<table border="0" cellspacing="4" cellpadding="2"><tr> <td style='background-color:&CADDEC;FONT-FAMILY: Verdana,Arial,San-serif; FONT-SIZE: 8pt; FONT-WEIGHT: bold; Color:&012540;'><b> Category  </b></td> <td style='FONT-FAMILY: Verdana,Arial,San-serif; FONT-SIZE: 8pt; Color:&012540;'> Growth </td></tr><tr> <td style='background-color:&CADDEC;FONT-FAMILY: Verdana,Arial,San-serif; FONT-SIZE: 8pt; FONT-WEIGHT: bold; Color:&012540;'><b> NAV  </b></td> <td style='FONT-FAMILY: Verdana,Arial,San-serif; FONT-SIZE: 8pt; Color:&012540;'> 24.1981 </td></tr><tr> <td style='background-color:&CADDEC;FONT-FAMILY: Verdana,Arial,San-serif; FONT-SIZE: 8pt; FONT-WEIGHT: bold; Color:&012540;'><b> Repurchase Price  </b></td> <td style='FONT-FAMILY: Verdana,Arial,San-serif; FONT-SIZE: 8pt; Color:&012540;'> 24.1981 </td></tr><tr> <td style='background-color:&CADDEC;FONT-FAMILY: Verdana,Arial,San-serif; FONT-SIZE: 8pt; FONT-WEIGHT: bold; Color:&012540;'><b> Sale Price  </b></td> <td style='FONT-FAMILY: Verdana,Arial,San-serif; FONT-SIZE: 8pt; Color:&012540;'> 24.1981 </td></tr><tr> <td style='background-color:&CADDEC;FONT-FAMILY: Verdana,Arial,San-serif; FONT-SIZE: 8pt; FONT-WEIGHT: bold; Color:&012540;'><b> Date </b></td> <td style='FONT-FAMILY: Verdana,Arial,San-serif; FONT-SIZE: 8pt; Color:&012540;'> 13-Apr-2017 </td></tr></table> ]]> </description>
    </item>
    <item>
      <pubDate>Thu, 13 Apr 2017 00:00:00</pubDate>
      <title><![CDATA[MOSt Focused Multicap 35-Direct Plan-Growth Option]]></title>
      <link>http://portal.amfiindia.com/schemedetails.aspx?cmbmfname=55&amp;SdId=129046</link>
      <description><![CDATA[<table border="0" cellspacing="4" cellpadding="2"><tr> <td style='background-color:&CADDEC;FONT-FAMILY: Verdana,Arial,San-serif; FONT-SIZE: 8pt; FONT-WEIGHT: bold; Color:&012540;'><b> Category  </b></td> <td style='FONT-FAMILY: Verdana,Arial,San-serif; FONT-SIZE: 8pt; Color:&012540;'> Growth </td></tr><tr> <td style='background-color:&CADDEC;FONT-FAMILY: Verdana,Arial,San-serif; FONT-SIZE: 8pt; FONT-WEIGHT: bold; Color:&012540;'><b> NAV  </b></td> <td style='FONT-FAMILY: Verdana,Arial,San-serif; FONT-SIZE: 8pt; Color:&012540;'> 24.1981 </td></tr><tr> <td style='background-color:&CADDEC;FONT-FAMILY: Verdana,Arial,San-serif; FONT-SIZE: 8pt; FONT-WEIGHT: bold; Color:&012540;'><b> Repurchase Price  </b></td> <td style='FONT-FAMILY: Verdana,Arial,San-serif; FONT-SIZE: 8pt; Color:&012540;'> 24.1981 </td></tr><tr> <td style='background-color:&CADDEC;FONT-FAMILY: Verdana,Arial,San-serif; FONT-SIZE: 8pt; FONT-WEIGHT: bold; Color:&012540;'><b> Sale Price  </b></td> <td style='FONT-FAMILY: Verdana,Arial,San-serif; FONT-SIZE: 8pt; Color:&012540;'> 24.1981 </td></tr><tr> <td style='background-color:&CADDEC;FONT-FAMILY: Verdana,Arial,San-serif; FONT-SIZE: 8pt; FONT-WEIGHT: bold; Color:&012540;'><b> Date </b></td> <td style='FONT-FAMILY: Verdana,Arial,San-serif; FONT-SIZE: 8pt; Color:&012540;'> 13-Apr-2017 </td></tr></table> ]]> </description>
    </item>
    <item>
      <pubDate>Thu, 13 Apr 2017 00:00:00</pubDate>
      <title><![CDATA[MOSt Focused Multicap 35-Regular Plan -Dividend Option]]></title>
      <link>http://portal.amfiindia.com/schemedetails.aspx?cmbmfname=55&amp;SdId=129049</link>
      <description><![CDATA[<table border="0" cellspacing="4" cellpadding="2"><tr> <td style='background-color:&CADDEC;FONT-FAMILY: Verdana,Arial,San-serif; FONT-SIZE: 8pt; FONT-WEIGHT: bold; Color:&012540;'><b> Category  </b></td> <td style='FONT-FAMILY: Verdana,Arial,San-serif; FONT-SIZE: 8pt; Color:&012540;'> Growth </td></tr><tr> <td style='background-color:&CADDEC;FONT-FAMILY: Verdana,Arial,San-serif; FONT-SIZE: 8pt; FONT-WEIGHT: bold; Color:&012540;'><b> NAV  </b></td> <td style='FONT-FAMILY: Verdana,Arial,San-serif; FONT-SIZE: 8pt; Color:&012540;'> 23.5036 </td></tr><tr> <td style='background-color:&CADDEC;FONT-FAMILY: Verdana,Arial,San-serif; FONT-SIZE: 8pt; FONT-WEIGHT: bold; Color:&012540;'><b> Repurchase Price  </b></td> <td style='FONT-FAMILY: Verdana,Arial,San-serif; FONT-SIZE: 8pt; Color:&012540;'> 23.5036 </td></tr><tr> <td style='background-color:&CADDEC;FONT-FAMILY: Verdana,Arial,San-serif; FONT-SIZE: 8pt; FONT-WEIGHT: bold; Color:&012540;'><b> Sale Price  </b></td> <td style='FONT-FAMILY: Verdana,Arial,San-serif; FONT-SIZE: 8pt; Color:&012540;'> 23.5036 </td></tr><tr> <td style='background-color:&CADDEC;FONT-FAMILY: Verdana,Arial,San-serif; FONT-SIZE: 8pt; FONT-WEIGHT: bold; Color:&012540;'><b> Date </b></td> <td style='FONT-FAMILY: Verdana,Arial,San-serif; FONT-SIZE: 8pt; Color:&012540;'> 13-Apr-2017 </td></tr></table> ]]> </description>
    </item>
    <item>
      <pubDate>Thu, 13 Apr 2017 00:00:00</pubDate>
      <title><![CDATA[MOSt Focused Multicap 35-Regular Plan-Growth Option]]></title>
      <link>http://portal.amfiindia.com/schemedetails.aspx?cmbmfname=55&amp;SdId=129048</link>
      <description><![CDATA[<table border="0" cellspacing="4" cellpadding="2"><tr> <td style='background-color:&CADDEC;FONT-FAMILY: Verdana,Arial,San-serif; FONT-SIZE: 8pt; FONT-WEIGHT: bold; Color:&012540;'><b> Category  </b></td> <td style='FONT-FAMILY: Verdana,Arial,San-serif; FONT-SIZE: 8pt; Color:&012540;'> Growth </td></tr><tr> <td style='background-color:&CADDEC;FONT-FAMILY: Verdana,Arial,San-serif; FONT-SIZE: 8pt; FONT-WEIGHT: bold; Color:&012540;'><b> NAV  </b></td> <td style='FONT-FAMILY: Verdana,Arial,San-serif; FONT-SIZE: 8pt; Color:&012540;'> 23.5036 </td></tr><tr> <td style='background-color:&CADDEC;FONT-FAMILY: Verdana,Arial,San-serif; FONT-SIZE: 8pt; FONT-WEIGHT: bold; Color:&012540;'><b> Repurchase Price  </b></td> <td style='FONT-FAMILY: Verdana,Arial,San-serif; FONT-SIZE: 8pt; Color:&012540;'> 23.5036 </td></tr><tr> <td style='background-color:&CADDEC;FONT-FAMILY: Verdana,Arial,San-serif; FONT-SIZE: 8pt; FONT-WEIGHT: bold; Color:&012540;'><b> Sale Price  </b></td> <td style='FONT-FAMILY: Verdana,Arial,San-serif; FONT-SIZE: 8pt; Color:&012540;'> 23.5036 </td></tr><tr> <td style='background-color:&CADDEC;FONT-FAMILY: Verdana,Arial,San-serif; FONT-SIZE: 8pt; FONT-WEIGHT: bold; Color:&012540;'><b> Date </b></td> <td style='FONT-FAMILY: Verdana,Arial,San-serif; FONT-SIZE: 8pt; Color:&012540;'> 13-Apr-2017 </td></tr></table> ]]> </description>
    </item>
    <item>
      <pubDate>Thu, 13 Apr 2017 00:00:00</pubDate>
      <title><![CDATA[MOSt Focused Long Term - Direct Plan - Dividend Payout Option]]></title>
      <link>http://portal.amfiindia.com/schemedetails.aspx?cmbmfname=55&amp;SdId=133384</link>
      <description><![CDATA[<table border="0" cellspacing="4" cellpadding="2"><tr> <td style='background-color:&CADDEC;FONT-FAMILY: Verdana,Arial,San-serif; FONT-SIZE: 8pt; FONT-WEIGHT: bold; Color:&012540;'><b> Category  </b></td> <td style='FONT-FAMILY: Verdana,Arial,San-serif; FONT-SIZE: 8pt; Color:&012540;'> ELSS </td></tr><tr> <td style='background-color:&CADDEC;FONT-FAMILY: Verdana,Arial,San-serif; FONT-SIZE: 8pt; FONT-WEIGHT: bold; Color:&012540;'><b> NAV  </b></td> <td style='FONT-FAMILY: Verdana,Arial,San-serif; FONT-SIZE: 8pt; Color:&012540;'> 15.3478 </td></tr><tr> <td style='background-color:&CADDEC;FONT-FAMILY: Verdana,Arial,San-serif; FONT-SIZE: 8pt; FONT-WEIGHT: bold; Color:&012540;'><b> Repurchase Price  </b></td> <td style='FONT-FAMILY: Verdana,Arial,San-serif; FONT-SIZE: 8pt; Color:&012540;'> 15.3478 </td></tr><tr> <td style='background-color:&CADDEC;FONT-FAMILY: Verdana,Arial,San-serif; FONT-SIZE: 8pt; FONT-WEIGHT: bold; Color:&012540;'><b> Sale Price  </b></td> <td style='FONT-FAMILY: Verdana,Arial,San-serif; FONT-SIZE: 8pt; Color:&012540;'> 15.3478 </td></tr><tr> <td style='background-color:&CADDEC;FONT-FAMILY: Verdana,Arial,San-serif; FONT-SIZE: 8pt; FONT-WEIGHT: bold; Color:&012540;'><b> Date </b></td> <td style='FONT-FAMILY: Verdana,Arial,San-serif; FONT-SIZE: 8pt; Color:&012540;'> 13-Apr-2017 </td></tr></table> ]]> </description>
    </item>
    <item>
      <pubDate>Thu, 13 Apr 2017 00:00:00</pubDate>
      <title><![CDATA[MOSt Focused Long Term - Direct Plan - Growth Option]]></title>
      <link>http://portal.amfiindia.com/schemedetails.aspx?cmbmfname=55&amp;SdId=133386</link>
      <description><![CDATA[<table border="0" cellspacing="4" cellpadding="2"><tr> <td style='background-color:&CADDEC;FONT-FAMILY: Verdana,Arial,San-serif; FONT-SIZE: 8pt; FONT-WEIGHT: bold; Color:&012540;'><b> Category  </b></td> <td style='FONT-FAMILY: Verdana,Arial,San-serif; FONT-SIZE: 8pt; Color:&012540;'> ELSS </td></tr><tr> <td style='background-color:&CADDEC;FONT-FAMILY: Verdana,Arial,San-serif; FONT-SIZE: 8pt; FONT-WEIGHT: bold; Color:&012540;'><b> NAV  </b></td> <td style='FONT-FAMILY: Verdana,Arial,San-serif; FONT-SIZE: 8pt; Color:&012540;'> 15.8736 </td></tr><tr> <td style='background-color:&CADDEC;FONT-FAMILY: Verdana,Arial,San-serif; FONT-SIZE: 8pt; FONT-WEIGHT: bold; Color:&012540;'><b> Repurchase Price  </b></td> <td style='FONT-FAMILY: Verdana,Arial,San-serif; FONT-SIZE: 8pt; Color:&012540;'> 15.8736 </td></tr><tr> <td style='background-color:&CADDEC;FONT-FAMILY: Verdana,Arial,San-serif; FONT-SIZE: 8pt; FONT-WEIGHT: bold; Color:&012540;'><b> Sale Price  </b></td> <td style='FONT-FAMILY: Verdana,Arial,San-serif; FONT-SIZE: 8pt; Color:&012540;'> 15.8736 </td></tr><tr> <td style='background-color:&CADDEC;FONT-FAMILY: Verdana,Arial,San-serif; FONT-SIZE: 8pt; FONT-WEIGHT: bold; Color:&012540;'><b> Date </b></td> <td style='FONT-FAMILY: Verdana,Arial,San-serif; FONT-SIZE: 8pt; Color:&012540;'> 13-Apr-2017 </td></tr></table> ]]> </description>
    </item>
    <item>
      <pubDate>Thu, 13 Apr 2017 00:00:00</pubDate>
      <title><![CDATA[MOSt Focused Long Term - Regular Plan - Dividend Payout Option]]></title>
      <link>http://portal.amfiindia.com/schemedetails.aspx?cmbmfname=55&amp;SdId=133383</link>
      <description><![CDATA[<table border="0" cellspacing="4" cellpadding="2"><tr> <td style='background-color:&CADDEC;FONT-FAMILY: Verdana,Arial,San-serif; FONT-SIZE: 8pt; FONT-WEIGHT: bold; Color:&012540;'><b> Category  </b></td> <td style='FONT-FAMILY: Verdana,Arial,San-serif; FONT-SIZE: 8pt; Color:&012540;'> ELSS </td></tr><tr> <td style='background-color:&CADDEC;FONT-FAMILY: Verdana,Arial,San-serif; FONT-SIZE: 8pt; FONT-WEIGHT: bold; Color:&012540;'><b> NAV  </b></td> <td style='FONT-FAMILY: Verdana,Arial,San-serif; FONT-SIZE: 8pt; Color:&012540;'> 14.8518 </td></tr><tr> <td style='background-color:&CADDEC;FONT-FAMILY: Verdana,Arial,San-serif; FONT-SIZE: 8pt; FONT-WEIGHT: bold; Color:&012540;'><b> Repurchase Price  </b></td> <td style='FONT-FAMILY: Verdana,Arial,San-serif; FONT-SIZE: 8pt; Color:&012540;'> 14.8518 </td></tr><tr> <td style='background-color:&CADDEC;FONT-FAMILY: Verdana,Arial,San-serif; FONT-SIZE: 8pt; FONT-WEIGHT: bold; Color:&012540;'><b> Sale Price  </b></td> <td style='FONT-FAMILY: Verdana,Arial,San-serif; FONT-SIZE: 8pt; Color:&012540;'> 14.8518 </td></tr><tr> <td style='background-color:&CADDEC;FONT-FAMILY: Verdana,Arial,San-serif; FONT-SIZE: 8pt; FONT-WEIGHT: bold; Color:&012540;'><b> Date </b></td> <td style='FONT-FAMILY: Verdana,Arial,San-serif; FONT-SIZE: 8pt; Color:&012540;'> 13-Apr-2017 </td></tr></table> ]]> </description>
    </item>
    <item>
      <pubDate>Thu, 13 Apr 2017 00:00:00</pubDate>
      <title><![CDATA[MOSt Focused Long Term - Regular Plan - Growth Option]]></title>
      <link>http://portal.amfiindia.com/schemedetails.aspx?cmbmfname=55&amp;SdId=133385</link>
      <description><![CDATA[<table border="0" cellspacing="4" cellpadding="2"><tr> <td style='background-color:&CADDEC;FONT-FAMILY: Verdana,Arial,San-serif; FONT-SIZE: 8pt; FONT-WEIGHT: bold; Color:&012540;'><b> Category  </b></td> <td style='FONT-FAMILY: Verdana,Arial,San-serif; FONT-SIZE: 8pt; Color:&012540;'> ELSS </td></tr><tr> <td style='background-color:&CADDEC;FONT-FAMILY: Verdana,Arial,San-serif; FONT-SIZE: 8pt; FONT-WEIGHT: bold; Color:&012540;'><b> NAV  </b></td> <td style='FONT-FAMILY: Verdana,Arial,San-serif; FONT-SIZE: 8pt; Color:&012540;'> 15.3773 </td></tr><tr> <td style='background-color:&CADDEC;FONT-FAMILY: Verdana,Arial,San-serif; FONT-SIZE: 8pt; FONT-WEIGHT: bold; Color:&012540;'><b> Repurchase Price  </b></td> <td style='FONT-FAMILY: Verdana,Arial,San-serif; FONT-SIZE: 8pt; Color:&012540;'> 15.3773 </td></tr><tr> <td style='background-color:&CADDEC;FONT-FAMILY: Verdana,Arial,San-serif; FONT-SIZE: 8pt; FONT-WEIGHT: bold; Color:&012540;'><b> Sale Price  </b></td> <td style='FONT-FAMILY: Verdana,Arial,San-serif; FONT-SIZE: 8pt; Color:&012540;'> 15.3773 </td></tr><tr> <td style='background-color:&CADDEC;FONT-FAMILY: Verdana,Arial,San-serif; FONT-SIZE: 8pt; FONT-WEIGHT: bold; Color:&012540;'><b> Date </b></td> <td style='FONT-FAMILY: Verdana,Arial,San-serif; FONT-SIZE: 8pt; Color:&012540;'> 13-Apr-2017 </td></tr></table> ]]> </description>
    </item>
    <item>
      <pubDate>Thu, 13 Apr 2017 00:00:00</pubDate>
      <title><![CDATA[MOSt Shares M50]]></title>
      <link>http://portal.amfiindia.com/schemedetails.aspx?cmbmfname=55&amp;SdId=113069</link>
      <description><![CDATA[<table border="0" cellspacing="4" cellpadding="2"><tr> <td style='background-color:&CADDEC;FONT-FAMILY: Verdana,Arial,San-serif; FONT-SIZE: 8pt; FONT-WEIGHT: bold; Color:&012540;'><b> Category  </b></td> <td style='FONT-FAMILY: Verdana,Arial,San-serif; FONT-SIZE: 8pt; Color:&012540;'> Other ETFs </td></tr><tr> <td style='background-color:&CADDEC;FONT-FAMILY: Verdana,Arial,San-serif; FONT-SIZE: 8pt; FONT-WEIGHT: bold; Color:&012540;'><b> NAV  </b></td> <td style='FONT-FAMILY: Verdana,Arial,San-serif; FONT-SIZE: 8pt; Color:&012540;'> 87.8686 </td></tr><tr> <td style='background-color:&CADDEC;FONT-FAMILY: Verdana,Arial,San-serif; FONT-SIZE: 8pt; FONT-WEIGHT: bold; Color:&012540;'><b> Repurchase Price  </b></td> <td style='FONT-FAMILY: Verdana,Arial,San-serif; FONT-SIZE: 8pt; Color:&012540;'> 87.8686 </td></tr><tr> <td style='background-color:&CADDEC;FONT-FAMILY: Verdana,Arial,San-serif; FONT-SIZE: 8pt; FONT-WEIGHT: bold; Color:&012540;'><b> Sale Price  </b></td> <td style='FONT-FAMILY: Verdana,Arial,San-serif; FONT-SIZE: 8pt; Color:&012540;'> 87.8686 </td></tr><tr> <td style='background-color:&CADDEC;FONT-FAMILY: Verdana,Arial,San-serif; FONT-SIZE: 8pt; FONT-WEIGHT: bold; Color:&012540;'><b> Date </b></td> <td style='FONT-FAMILY: Verdana,Arial,San-serif; FONT-SIZE: 8pt; Color:&012540;'> 13-Apr-2017 </td></tr></table> ]]> </description>
    </item>
    <item>
      <pubDate>Thu, 13 Apr 2017 00:00:00</pubDate>
      <title><![CDATA[MOSt Shares M100]]></title>
      <link>http://portal.amfiindia.com/schemedetails.aspx?cmbmfname=55&amp;SdId=114456</link>
      <description><![CDATA[<table border="0" cellspacing="4" cellpadding="2"><tr> <td style='background-color:&CADDEC;FONT-FAMILY: Verdana,Arial,San-serif; FONT-SIZE: 8pt; FONT-WEIGHT: bold; Color:&012540;'><b> Category  </b></td> <td style='FONT-FAMILY: Verdana,Arial,San-serif; FONT-SIZE: 8pt; Color:&012540;'> Other ETFs </td></tr><tr> <td style='background-color:&CADDEC;FONT-FAMILY: Verdana,Arial,San-serif; FONT-SIZE: 8pt; FONT-WEIGHT: bold; Color:&012540;'><b> NAV  </b></td> <td style='FONT-FAMILY: Verdana,Arial,San-serif; FONT-SIZE: 8pt; Color:&012540;'> 18.2368 </td></tr><tr> <td style='background-color:&CADDEC;FONT-FAMILY: Verdana,Arial,San-serif; FONT-SIZE: 8pt; FONT-WEIGHT: bold; Color:&012540;'><b> Repurchase Price  </b></td> <td style='FONT-FAMILY: Verdana,Arial,San-serif; FONT-SIZE: 8pt; Color:&012540;'> 18.2368 </td></tr><tr> <td style='background-color:&CADDEC;FONT-FAMILY: Verdana,Arial,San-serif; FONT-SIZE: 8pt; FONT-WEIGHT: bold; Color:&012540;'><b> Sale Price  </b></td> <td style='FONT-FAMILY: Verdana,Arial,San-serif; FONT-SIZE: 8pt; Color:&012540;'> 18.2368 </td></tr><tr> <td style='background-color:&CADDEC;FONT-FAMILY: Verdana,Arial,San-serif; FONT-SIZE: 8pt; FONT-WEIGHT: bold; Color:&012540;'><b> Date </b></td> <td style='FONT-FAMILY: Verdana,Arial,San-serif; FONT-SIZE: 8pt; Color:&012540;'> 13-Apr-2017 </td></tr></table> ]]> </description>
    </item>
    <item>
      <pubDate>Thu, 13 Apr 2017 00:00:00</pubDate>
      <title><![CDATA[Motilal Oswal MOSt Shares NASDAQ-100 ETF (MOSt Shares NASDAQ 100)]]></title>
      <link>http://portal.amfiindia.com/schemedetails.aspx?cmbmfname=55&amp;SdId=114984</link>
      <description><![CDATA[<table border="0" cellspacing="4" cellpadding="2"><tr> <td style='background-color:&CADDEC;FONT-FAMILY: Verdana,Arial,San-serif; FONT-SIZE: 8pt; FONT-WEIGHT: bold; Color:&012540;'><b> Category  </b></td> <td style='FONT-FAMILY: Verdana,Arial,San-serif; FONT-SIZE: 8pt; Color:&012540;'> Other ETFs </td></tr><tr> <td style='background-color:&CADDEC;FONT-FAMILY: Verdana,Arial,San-serif; FONT-SIZE: 8pt; FONT-WEIGHT: bold; Color:&012540;'><b> NAV  </b></td> <td style='FONT-FAMILY: Verdana,Arial,San-serif; FONT-SIZE: 8pt; Color:&012540;'> 343.9924 </td></tr><tr> <td style='background-color:&CADDEC;FONT-FAMILY: Verdana,Arial,San-serif; FONT-SIZE: 8pt; FONT-WEIGHT: bold; Color:&012540;'><b> Repurchase Price  </b></td> <td style='FONT-FAMILY: Verdana,Arial,San-serif; FONT-SIZE: 8pt; Color:&012540;'> 343.9924 </td></tr><tr> <td style='background-color:&CADDEC;FONT-FAMILY: Verdana,Arial,San-serif; FONT-SIZE: 8pt; FONT-WEIGHT: bold; Color:&012540;'><b> Sale Price  </b></td> <td style='FONT-FAMILY: Verdana,Arial,San-serif; FONT-SIZE: 8pt; Color:&012540;'> 343.9924 </td></tr><tr> <td style='background-color:&CADDEC;FONT-FAMILY: Verdana,Arial,San-serif; FONT-SIZE: 8pt; FONT-WEIGHT: bold; Color:&012540;'><b> Date </b></td> <td style='FONT-FAMILY: Verdana,Arial,San-serif; FONT-SIZE: 8pt; Color:&012540;'> 13-Apr-2017 </td></tr></table> ]]> </description>
    </item>
  </channel>
</rss>