<?xml version='1.0' encoding='ISO-8859-1'?><?xml-stylesheet title='XSL_formatting' type='text/xsl' href='http://portal.amfiindia.com/rssstyle.xsl'?><rss version="2.0" xmlns:cf="http://www.microsoft.com/schemas/rss/core/2005" xmlns:nav="http://www.amfiindia.com/rss/nav">
  <channel>
    <title>List of Schemes with NAV's for <![CDATA[SREI Mutual Fund (IDF)]]></title>
    <link>http://www.amfiindia.com</link>
    <description>The  Association  of  Mutual  Funds  in  India (AMFI)  is  dedicated  to  developing  the  Indian  Mutual  Fund  Industry  on  professional,  healthy  and  ethical  lines  and  to  enhance  and  maintain  standards  in  all  areas  with  a  view  to  protecting  and  promoting  the  interests  of  mutual  funds  and  their  unit  holders.</description>
    <language>en-us</language>
    <pubDate>4/17/2017 5:43:56 PM</pubDate>
    <copyright>(C) Association of Mutual Funds in India (AMFI) - Copyright 2017</copyright>
    <image>
      <title>amfiindia.com</title>
      <url>http://www.amfiindia.com/images/logos/logo0.gif</url>
      <link>http://www.amfiindia.com/</link>
      <description>Visit amfiindia.com</description>
    </image>
  </channel>
</rss>