<?xml version='1.0' encoding='ISO-8859-1'?><?xml-stylesheet title='XSL_formatting' type='text/xsl' href='http://portal.amfiindia.com/rssstyle.xsl'?><rss version="2.0" xmlns:cf="http://www.microsoft.com/schemas/rss/core/2005" xmlns:nav="http://www.amfiindia.com/rss/nav">
  <channel>
    <title>List of Schemes with NAV's for <![CDATA[IL&FS Mutual Fund (IDF)]]></title>
    <link>http://www.amfiindia.com</link>
    <description>The  Association  of  Mutual  Funds  in  India (AMFI)  is  dedicated  to  developing  the  Indian  Mutual  Fund  Industry  on  professional,  healthy  and  ethical  lines  and  to  enhance  and  maintain  standards  in  all  areas  with  a  view  to  protecting  and  promoting  the  interests  of  mutual  funds  and  their  unit  holders.</description>
    <language>en-us</language>
    <pubDate>4/17/2017 5:43:28 PM</pubDate>
    <copyright>(C) Association of Mutual Funds in India (AMFI) - Copyright 2017</copyright>
    <image>
      <title>amfiindia.com</title>
      <url>http://www.amfiindia.com/images/logos/logo0.gif</url>
      <link>http://www.amfiindia.com/</link>
      <description>Visit amfiindia.com</description>
    </image>
    <item>
      <pubDate>Fri, 31 Mar 2017 00:00:00</pubDate>
      <title><![CDATA[IL&FS Infrastructure Debt Fund Series 1A - Dividend payout option]]></title>
      <link>http://portal.amfiindia.com/schemedetails.aspx?cmbmfname=65&amp;SdId=130565</link>
      <description><![CDATA[<table border="0" cellspacing="4" cellpadding="2"><tr> <td style='background-color:&CADDEC;FONT-FAMILY: Verdana,Arial,San-serif; FONT-SIZE: 8pt; FONT-WEIGHT: bold; Color:&012540;'><b> Category  </b></td> <td style='FONT-FAMILY: Verdana,Arial,San-serif; FONT-SIZE: 8pt; Color:&012540;'> Income </td></tr><tr> <td style='background-color:&CADDEC;FONT-FAMILY: Verdana,Arial,San-serif; FONT-SIZE: 8pt; FONT-WEIGHT: bold; Color:&012540;'><b> NAV  </b></td> <td style='FONT-FAMILY: Verdana,Arial,San-serif; FONT-SIZE: 8pt; Color:&012540;'> 1373205.7016 </td></tr><tr> <td style='background-color:&CADDEC;FONT-FAMILY: Verdana,Arial,San-serif; FONT-SIZE: 8pt; FONT-WEIGHT: bold; Color:&012540;'><b> Repurchase Price  </b></td> <td style='FONT-FAMILY: Verdana,Arial,San-serif; FONT-SIZE: 8pt; Color:&012540;'> N.A. </td></tr><tr> <td style='background-color:&CADDEC;FONT-FAMILY: Verdana,Arial,San-serif; FONT-SIZE: 8pt; FONT-WEIGHT: bold; Color:&012540;'><b> Sale Price  </b></td> <td style='FONT-FAMILY: Verdana,Arial,San-serif; FONT-SIZE: 8pt; Color:&012540;'> N.A. </td></tr><tr> <td style='background-color:&CADDEC;FONT-FAMILY: Verdana,Arial,San-serif; FONT-SIZE: 8pt; FONT-WEIGHT: bold; Color:&012540;'><b> Date </b></td> <td style='FONT-FAMILY: Verdana,Arial,San-serif; FONT-SIZE: 8pt; Color:&012540;'> 31-Mar-2017 </td></tr></table> ]]> </description>
    </item>
    <item>
      <pubDate>Fri, 31 Mar 2017 00:00:00</pubDate>
      <title><![CDATA[IL&FS Infrastructure Debt Fund Series 1A - Growth]]></title>
      <link>http://portal.amfiindia.com/schemedetails.aspx?cmbmfname=65&amp;SdId=129287</link>
      <description><![CDATA[<table border="0" cellspacing="4" cellpadding="2"><tr> <td style='background-color:&CADDEC;FONT-FAMILY: Verdana,Arial,San-serif; FONT-SIZE: 8pt; FONT-WEIGHT: bold; Color:&012540;'><b> Category  </b></td> <td style='FONT-FAMILY: Verdana,Arial,San-serif; FONT-SIZE: 8pt; Color:&012540;'> Income </td></tr><tr> <td style='background-color:&CADDEC;FONT-FAMILY: Verdana,Arial,San-serif; FONT-SIZE: 8pt; FONT-WEIGHT: bold; Color:&012540;'><b> NAV  </b></td> <td style='FONT-FAMILY: Verdana,Arial,San-serif; FONT-SIZE: 8pt; Color:&012540;'> 1373205.7016 </td></tr><tr> <td style='background-color:&CADDEC;FONT-FAMILY: Verdana,Arial,San-serif; FONT-SIZE: 8pt; FONT-WEIGHT: bold; Color:&012540;'><b> Repurchase Price  </b></td> <td style='FONT-FAMILY: Verdana,Arial,San-serif; FONT-SIZE: 8pt; Color:&012540;'> N.A. </td></tr><tr> <td style='background-color:&CADDEC;FONT-FAMILY: Verdana,Arial,San-serif; FONT-SIZE: 8pt; FONT-WEIGHT: bold; Color:&012540;'><b> Sale Price  </b></td> <td style='FONT-FAMILY: Verdana,Arial,San-serif; FONT-SIZE: 8pt; Color:&012540;'> N.A. </td></tr><tr> <td style='background-color:&CADDEC;FONT-FAMILY: Verdana,Arial,San-serif; FONT-SIZE: 8pt; FONT-WEIGHT: bold; Color:&012540;'><b> Date </b></td> <td style='FONT-FAMILY: Verdana,Arial,San-serif; FONT-SIZE: 8pt; Color:&012540;'> 31-Mar-2017 </td></tr></table> ]]> </description>
    </item>
    <item>
      <pubDate>Fri, 31 Mar 2017 00:00:00</pubDate>
      <title><![CDATA[IL&FS Infrastructure Debt Fund Series 1C - Growth]]></title>
      <link>http://portal.amfiindia.com/schemedetails.aspx?cmbmfname=65&amp;SdId=129288</link>
      <description><![CDATA[<table border="0" cellspacing="4" cellpadding="2"><tr> <td style='background-color:&CADDEC;FONT-FAMILY: Verdana,Arial,San-serif; FONT-SIZE: 8pt; FONT-WEIGHT: bold; Color:&012540;'><b> Category  </b></td> <td style='FONT-FAMILY: Verdana,Arial,San-serif; FONT-SIZE: 8pt; Color:&012540;'> Income </td></tr><tr> <td style='background-color:&CADDEC;FONT-FAMILY: Verdana,Arial,San-serif; FONT-SIZE: 8pt; FONT-WEIGHT: bold; Color:&012540;'><b> NAV  </b></td> <td style='FONT-FAMILY: Verdana,Arial,San-serif; FONT-SIZE: 8pt; Color:&012540;'> 1376872.4745 </td></tr><tr> <td style='background-color:&CADDEC;FONT-FAMILY: Verdana,Arial,San-serif; FONT-SIZE: 8pt; FONT-WEIGHT: bold; Color:&012540;'><b> Repurchase Price  </b></td> <td style='FONT-FAMILY: Verdana,Arial,San-serif; FONT-SIZE: 8pt; Color:&012540;'> N.A. </td></tr><tr> <td style='background-color:&CADDEC;FONT-FAMILY: Verdana,Arial,San-serif; FONT-SIZE: 8pt; FONT-WEIGHT: bold; Color:&012540;'><b> Sale Price  </b></td> <td style='FONT-FAMILY: Verdana,Arial,San-serif; FONT-SIZE: 8pt; Color:&012540;'> N.A. </td></tr><tr> <td style='background-color:&CADDEC;FONT-FAMILY: Verdana,Arial,San-serif; FONT-SIZE: 8pt; FONT-WEIGHT: bold; Color:&012540;'><b> Date </b></td> <td style='FONT-FAMILY: Verdana,Arial,San-serif; FONT-SIZE: 8pt; Color:&012540;'> 31-Mar-2017 </td></tr></table> ]]> </description>
    </item>
    <item>
      <pubDate>Fri, 31 Mar 2017 00:00:00</pubDate>
      <title><![CDATA[IL&FS Infrastructure Debt Fund Series 1C- Dividend Payout Option]]></title>
      <link>http://portal.amfiindia.com/schemedetails.aspx?cmbmfname=65&amp;SdId=130567</link>
      <description><![CDATA[<table border="0" cellspacing="4" cellpadding="2"><tr> <td style='background-color:&CADDEC;FONT-FAMILY: Verdana,Arial,San-serif; FONT-SIZE: 8pt; FONT-WEIGHT: bold; Color:&012540;'><b> Category  </b></td> <td style='FONT-FAMILY: Verdana,Arial,San-serif; FONT-SIZE: 8pt; Color:&012540;'> Income </td></tr><tr> <td style='background-color:&CADDEC;FONT-FAMILY: Verdana,Arial,San-serif; FONT-SIZE: 8pt; FONT-WEIGHT: bold; Color:&012540;'><b> NAV  </b></td> <td style='FONT-FAMILY: Verdana,Arial,San-serif; FONT-SIZE: 8pt; Color:&012540;'> 1376872.4745 </td></tr><tr> <td style='background-color:&CADDEC;FONT-FAMILY: Verdana,Arial,San-serif; FONT-SIZE: 8pt; FONT-WEIGHT: bold; Color:&012540;'><b> Repurchase Price  </b></td> <td style='FONT-FAMILY: Verdana,Arial,San-serif; FONT-SIZE: 8pt; Color:&012540;'> N.A. </td></tr><tr> <td style='background-color:&CADDEC;FONT-FAMILY: Verdana,Arial,San-serif; FONT-SIZE: 8pt; FONT-WEIGHT: bold; Color:&012540;'><b> Sale Price  </b></td> <td style='FONT-FAMILY: Verdana,Arial,San-serif; FONT-SIZE: 8pt; Color:&012540;'> N.A. </td></tr><tr> <td style='background-color:&CADDEC;FONT-FAMILY: Verdana,Arial,San-serif; FONT-SIZE: 8pt; FONT-WEIGHT: bold; Color:&012540;'><b> Date </b></td> <td style='FONT-FAMILY: Verdana,Arial,San-serif; FONT-SIZE: 8pt; Color:&012540;'> 31-Mar-2017 </td></tr></table> ]]> </description>
    </item>
    <item>
      <pubDate>Fri, 31 Mar 2017 00:00:00</pubDate>
      <title><![CDATA[IL&FS Infrastructure Debt Fund Series 1B - Dividend Payout]]></title>
      <link>http://portal.amfiindia.com/schemedetails.aspx?cmbmfname=65&amp;SdId=130566</link>
      <description><![CDATA[<table border="0" cellspacing="4" cellpadding="2"><tr> <td style='background-color:&CADDEC;FONT-FAMILY: Verdana,Arial,San-serif; FONT-SIZE: 8pt; FONT-WEIGHT: bold; Color:&012540;'><b> Category  </b></td> <td style='FONT-FAMILY: Verdana,Arial,San-serif; FONT-SIZE: 8pt; Color:&012540;'> Income </td></tr><tr> <td style='background-color:&CADDEC;FONT-FAMILY: Verdana,Arial,San-serif; FONT-SIZE: 8pt; FONT-WEIGHT: bold; Color:&012540;'><b> NAV  </b></td> <td style='FONT-FAMILY: Verdana,Arial,San-serif; FONT-SIZE: 8pt; Color:&012540;'> 1380790.6699 </td></tr><tr> <td style='background-color:&CADDEC;FONT-FAMILY: Verdana,Arial,San-serif; FONT-SIZE: 8pt; FONT-WEIGHT: bold; Color:&012540;'><b> Repurchase Price  </b></td> <td style='FONT-FAMILY: Verdana,Arial,San-serif; FONT-SIZE: 8pt; Color:&012540;'> N.A. </td></tr><tr> <td style='background-color:&CADDEC;FONT-FAMILY: Verdana,Arial,San-serif; FONT-SIZE: 8pt; FONT-WEIGHT: bold; Color:&012540;'><b> Sale Price  </b></td> <td style='FONT-FAMILY: Verdana,Arial,San-serif; FONT-SIZE: 8pt; Color:&012540;'> N.A. </td></tr><tr> <td style='background-color:&CADDEC;FONT-FAMILY: Verdana,Arial,San-serif; FONT-SIZE: 8pt; FONT-WEIGHT: bold; Color:&012540;'><b> Date </b></td> <td style='FONT-FAMILY: Verdana,Arial,San-serif; FONT-SIZE: 8pt; Color:&012540;'> 31-Mar-2017 </td></tr></table> ]]> </description>
    </item>
    <item>
      <pubDate>Fri, 31 Mar 2017 00:00:00</pubDate>
      <title><![CDATA[IL&FS Infrastructure Debt Fund Series 1B - Growth]]></title>
      <link>http://portal.amfiindia.com/schemedetails.aspx?cmbmfname=65&amp;SdId=129286</link>
      <description><![CDATA[<table border="0" cellspacing="4" cellpadding="2"><tr> <td style='background-color:&CADDEC;FONT-FAMILY: Verdana,Arial,San-serif; FONT-SIZE: 8pt; FONT-WEIGHT: bold; Color:&012540;'><b> Category  </b></td> <td style='FONT-FAMILY: Verdana,Arial,San-serif; FONT-SIZE: 8pt; Color:&012540;'> Income </td></tr><tr> <td style='background-color:&CADDEC;FONT-FAMILY: Verdana,Arial,San-serif; FONT-SIZE: 8pt; FONT-WEIGHT: bold; Color:&012540;'><b> NAV  </b></td> <td style='FONT-FAMILY: Verdana,Arial,San-serif; FONT-SIZE: 8pt; Color:&012540;'> 1380790.6699 </td></tr><tr> <td style='background-color:&CADDEC;FONT-FAMILY: Verdana,Arial,San-serif; FONT-SIZE: 8pt; FONT-WEIGHT: bold; Color:&012540;'><b> Repurchase Price  </b></td> <td style='FONT-FAMILY: Verdana,Arial,San-serif; FONT-SIZE: 8pt; Color:&012540;'> N.A. </td></tr><tr> <td style='background-color:&CADDEC;FONT-FAMILY: Verdana,Arial,San-serif; FONT-SIZE: 8pt; FONT-WEIGHT: bold; Color:&012540;'><b> Sale Price  </b></td> <td style='FONT-FAMILY: Verdana,Arial,San-serif; FONT-SIZE: 8pt; Color:&012540;'> N.A. </td></tr><tr> <td style='background-color:&CADDEC;FONT-FAMILY: Verdana,Arial,San-serif; FONT-SIZE: 8pt; FONT-WEIGHT: bold; Color:&012540;'><b> Date </b></td> <td style='FONT-FAMILY: Verdana,Arial,San-serif; FONT-SIZE: 8pt; Color:&012540;'> 31-Mar-2017 </td></tr></table> ]]> </description>
    </item>
  </channel>
</rss>