<?xml version='1.0' encoding='ISO-8859-1'?><?xml-stylesheet title='XSL_formatting' type='text/xsl' href='http://portal.amfiindia.com/rssstyle.xsl'?><rss version="2.0" xmlns:cf="http://www.microsoft.com/schemas/rss/core/2005" xmlns:nav="http://www.amfiindia.com/rss/nav">
  <channel>
    <title>List of Schemes with NAV's for <![CDATA[IIFL Mutual Fund]]></title>
    <link>http://www.amfiindia.com</link>
    <description>The  Association  of  Mutual  Funds  in  India (AMFI)  is  dedicated  to  developing  the  Indian  Mutual  Fund  Industry  on  professional,  healthy  and  ethical  lines  and  to  enhance  and  maintain  standards  in  all  areas  with  a  view  to  protecting  and  promoting  the  interests  of  mutual  funds  and  their  unit  holders.</description>
    <language>en-us</language>
    <pubDate>4/17/2017 5:43:28 PM</pubDate>
    <copyright>(C) Association of Mutual Funds in India (AMFI) - Copyright 2017</copyright>
    <image>
      <title>amfiindia.com</title>
      <url>http://www.amfiindia.com/images/logos/logo0.gif</url>
      <link>http://www.amfiindia.com/</link>
      <description>Visit amfiindia.com</description>
    </image>
    <item>
      <pubDate>Thu, 13 Apr 2017 00:00:00</pubDate>
      <title><![CDATA[IIFL Dynamic Bond Fund - Regular Plan - Growth Option]]></title>
      <link>http://portal.amfiindia.com/schemedetails.aspx?cmbmfname=62&amp;SdId=122612</link>
      <description><![CDATA[<table border="0" cellspacing="4" cellpadding="2"><tr> <td style='background-color:&CADDEC;FONT-FAMILY: Verdana,Arial,San-serif; FONT-SIZE: 8pt; FONT-WEIGHT: bold; Color:&012540;'><b> Category  </b></td> <td style='FONT-FAMILY: Verdana,Arial,San-serif; FONT-SIZE: 8pt; Color:&012540;'> Income </td></tr><tr> <td style='background-color:&CADDEC;FONT-FAMILY: Verdana,Arial,San-serif; FONT-SIZE: 8pt; FONT-WEIGHT: bold; Color:&012540;'><b> NAV  </b></td> <td style='FONT-FAMILY: Verdana,Arial,San-serif; FONT-SIZE: 8pt; Color:&012540;'> 12.9892 </td></tr><tr> <td style='background-color:&CADDEC;FONT-FAMILY: Verdana,Arial,San-serif; FONT-SIZE: 8pt; FONT-WEIGHT: bold; Color:&012540;'><b> Repurchase Price  </b></td> <td style='FONT-FAMILY: Verdana,Arial,San-serif; FONT-SIZE: 8pt; Color:&012540;'> 12.9892 </td></tr><tr> <td style='background-color:&CADDEC;FONT-FAMILY: Verdana,Arial,San-serif; FONT-SIZE: 8pt; FONT-WEIGHT: bold; Color:&012540;'><b> Sale Price  </b></td> <td style='FONT-FAMILY: Verdana,Arial,San-serif; FONT-SIZE: 8pt; Color:&012540;'> 12.9892 </td></tr><tr> <td style='background-color:&CADDEC;FONT-FAMILY: Verdana,Arial,San-serif; FONT-SIZE: 8pt; FONT-WEIGHT: bold; Color:&012540;'><b> Date </b></td> <td style='FONT-FAMILY: Verdana,Arial,San-serif; FONT-SIZE: 8pt; Color:&012540;'> 13-Apr-2017 </td></tr></table> ]]> </description>
    </item>
    <item>
      <pubDate>Thu, 13 Apr 2017 00:00:00</pubDate>
      <title><![CDATA[IIFL Dynamic Bond Fund Direct Plan Growth]]></title>
      <link>http://portal.amfiindia.com/schemedetails.aspx?cmbmfname=62&amp;SdId=122715</link>
      <description><![CDATA[<table border="0" cellspacing="4" cellpadding="2"><tr> <td style='background-color:&CADDEC;FONT-FAMILY: Verdana,Arial,San-serif; FONT-SIZE: 8pt; FONT-WEIGHT: bold; Color:&012540;'><b> Category  </b></td> <td style='FONT-FAMILY: Verdana,Arial,San-serif; FONT-SIZE: 8pt; Color:&012540;'> Income </td></tr><tr> <td style='background-color:&CADDEC;FONT-FAMILY: Verdana,Arial,San-serif; FONT-SIZE: 8pt; FONT-WEIGHT: bold; Color:&012540;'><b> NAV  </b></td> <td style='FONT-FAMILY: Verdana,Arial,San-serif; FONT-SIZE: 8pt; Color:&012540;'> 13.2394 </td></tr><tr> <td style='background-color:&CADDEC;FONT-FAMILY: Verdana,Arial,San-serif; FONT-SIZE: 8pt; FONT-WEIGHT: bold; Color:&012540;'><b> Repurchase Price  </b></td> <td style='FONT-FAMILY: Verdana,Arial,San-serif; FONT-SIZE: 8pt; Color:&012540;'> 13.2394 </td></tr><tr> <td style='background-color:&CADDEC;FONT-FAMILY: Verdana,Arial,San-serif; FONT-SIZE: 8pt; FONT-WEIGHT: bold; Color:&012540;'><b> Sale Price  </b></td> <td style='FONT-FAMILY: Verdana,Arial,San-serif; FONT-SIZE: 8pt; Color:&012540;'> 13.2394 </td></tr><tr> <td style='background-color:&CADDEC;FONT-FAMILY: Verdana,Arial,San-serif; FONT-SIZE: 8pt; FONT-WEIGHT: bold; Color:&012540;'><b> Date </b></td> <td style='FONT-FAMILY: Verdana,Arial,San-serif; FONT-SIZE: 8pt; Color:&012540;'> 13-Apr-2017 </td></tr></table> ]]> </description>
    </item>
    <item>
      <pubDate>Thu, 13 Apr 2017 00:00:00</pubDate>
      <title><![CDATA[IIFL Dynamic Bond Fund Direct Plan Monthly Dividend]]></title>
      <link>http://portal.amfiindia.com/schemedetails.aspx?cmbmfname=62&amp;SdId=122721</link>
      <description><![CDATA[<table border="0" cellspacing="4" cellpadding="2"><tr> <td style='background-color:&CADDEC;FONT-FAMILY: Verdana,Arial,San-serif; FONT-SIZE: 8pt; FONT-WEIGHT: bold; Color:&012540;'><b> Category  </b></td> <td style='FONT-FAMILY: Verdana,Arial,San-serif; FONT-SIZE: 8pt; Color:&012540;'> Income </td></tr><tr> <td style='background-color:&CADDEC;FONT-FAMILY: Verdana,Arial,San-serif; FONT-SIZE: 8pt; FONT-WEIGHT: bold; Color:&012540;'><b> NAV  </b></td> <td style='FONT-FAMILY: Verdana,Arial,San-serif; FONT-SIZE: 8pt; Color:&012540;'> 11.4866 </td></tr><tr> <td style='background-color:&CADDEC;FONT-FAMILY: Verdana,Arial,San-serif; FONT-SIZE: 8pt; FONT-WEIGHT: bold; Color:&012540;'><b> Repurchase Price  </b></td> <td style='FONT-FAMILY: Verdana,Arial,San-serif; FONT-SIZE: 8pt; Color:&012540;'> 11.4866 </td></tr><tr> <td style='background-color:&CADDEC;FONT-FAMILY: Verdana,Arial,San-serif; FONT-SIZE: 8pt; FONT-WEIGHT: bold; Color:&012540;'><b> Sale Price  </b></td> <td style='FONT-FAMILY: Verdana,Arial,San-serif; FONT-SIZE: 8pt; Color:&012540;'> 11.4866 </td></tr><tr> <td style='background-color:&CADDEC;FONT-FAMILY: Verdana,Arial,San-serif; FONT-SIZE: 8pt; FONT-WEIGHT: bold; Color:&012540;'><b> Date </b></td> <td style='FONT-FAMILY: Verdana,Arial,San-serif; FONT-SIZE: 8pt; Color:&012540;'> 13-Apr-2017 </td></tr></table> ]]> </description>
    </item>
    <item>
      <pubDate>Thu, 28 Apr 2016 00:00:00</pubDate>
      <title><![CDATA[IIFL Dynamic Bond Fund Direct Plan Quarterly Dividend]]></title>
      <link>http://portal.amfiindia.com/schemedetails.aspx?cmbmfname=62&amp;SdId=122717</link>
      <description><![CDATA[<table border="0" cellspacing="4" cellpadding="2"><tr> <td style='background-color:&CADDEC;FONT-FAMILY: Verdana,Arial,San-serif; FONT-SIZE: 8pt; FONT-WEIGHT: bold; Color:&012540;'><b> Category  </b></td> <td style='FONT-FAMILY: Verdana,Arial,San-serif; FONT-SIZE: 8pt; Color:&012540;'> Income </td></tr><tr> <td style='background-color:&CADDEC;FONT-FAMILY: Verdana,Arial,San-serif; FONT-SIZE: 8pt; FONT-WEIGHT: bold; Color:&012540;'><b> NAV  </b></td> <td style='FONT-FAMILY: Verdana,Arial,San-serif; FONT-SIZE: 8pt; Color:&012540;'> 11.9534 </td></tr><tr> <td style='background-color:&CADDEC;FONT-FAMILY: Verdana,Arial,San-serif; FONT-SIZE: 8pt; FONT-WEIGHT: bold; Color:&012540;'><b> Repurchase Price  </b></td> <td style='FONT-FAMILY: Verdana,Arial,San-serif; FONT-SIZE: 8pt; Color:&012540;'> 11.9534 </td></tr><tr> <td style='background-color:&CADDEC;FONT-FAMILY: Verdana,Arial,San-serif; FONT-SIZE: 8pt; FONT-WEIGHT: bold; Color:&012540;'><b> Sale Price  </b></td> <td style='FONT-FAMILY: Verdana,Arial,San-serif; FONT-SIZE: 8pt; Color:&012540;'> 11.9534 </td></tr><tr> <td style='background-color:&CADDEC;FONT-FAMILY: Verdana,Arial,San-serif; FONT-SIZE: 8pt; FONT-WEIGHT: bold; Color:&012540;'><b> Date </b></td> <td style='FONT-FAMILY: Verdana,Arial,San-serif; FONT-SIZE: 8pt; Color:&012540;'> 28-Apr-2016 </td></tr></table> ]]> </description>
    </item>
    <item>
      <pubDate>Thu, 13 Apr 2017 00:00:00</pubDate>
      <title><![CDATA[IIFL Dynamic Bond Fund Regular Plan Bonus]]></title>
      <link>http://portal.amfiindia.com/schemedetails.aspx?cmbmfname=62&amp;SdId=122711</link>
      <description><![CDATA[<table border="0" cellspacing="4" cellpadding="2"><tr> <td style='background-color:&CADDEC;FONT-FAMILY: Verdana,Arial,San-serif; FONT-SIZE: 8pt; FONT-WEIGHT: bold; Color:&012540;'><b> Category  </b></td> <td style='FONT-FAMILY: Verdana,Arial,San-serif; FONT-SIZE: 8pt; Color:&012540;'> Income </td></tr><tr> <td style='background-color:&CADDEC;FONT-FAMILY: Verdana,Arial,San-serif; FONT-SIZE: 8pt; FONT-WEIGHT: bold; Color:&012540;'><b> NAV  </b></td> <td style='FONT-FAMILY: Verdana,Arial,San-serif; FONT-SIZE: 8pt; Color:&012540;'> 12.9892 </td></tr><tr> <td style='background-color:&CADDEC;FONT-FAMILY: Verdana,Arial,San-serif; FONT-SIZE: 8pt; FONT-WEIGHT: bold; Color:&012540;'><b> Repurchase Price  </b></td> <td style='FONT-FAMILY: Verdana,Arial,San-serif; FONT-SIZE: 8pt; Color:&012540;'> 12.9892 </td></tr><tr> <td style='background-color:&CADDEC;FONT-FAMILY: Verdana,Arial,San-serif; FONT-SIZE: 8pt; FONT-WEIGHT: bold; Color:&012540;'><b> Sale Price  </b></td> <td style='FONT-FAMILY: Verdana,Arial,San-serif; FONT-SIZE: 8pt; Color:&012540;'> 12.9892 </td></tr><tr> <td style='background-color:&CADDEC;FONT-FAMILY: Verdana,Arial,San-serif; FONT-SIZE: 8pt; FONT-WEIGHT: bold; Color:&012540;'><b> Date </b></td> <td style='FONT-FAMILY: Verdana,Arial,San-serif; FONT-SIZE: 8pt; Color:&012540;'> 13-Apr-2017 </td></tr></table> ]]> </description>
    </item>
    <item>
      <pubDate>Thu, 13 Apr 2017 00:00:00</pubDate>
      <title><![CDATA[IIFL Dynamic Bond Fund Regular Plan Half Yearly Dividend]]></title>
      <link>http://portal.amfiindia.com/schemedetails.aspx?cmbmfname=62&amp;SdId=122720</link>
      <description><![CDATA[<table border="0" cellspacing="4" cellpadding="2"><tr> <td style='background-color:&CADDEC;FONT-FAMILY: Verdana,Arial,San-serif; FONT-SIZE: 8pt; FONT-WEIGHT: bold; Color:&012540;'><b> Category  </b></td> <td style='FONT-FAMILY: Verdana,Arial,San-serif; FONT-SIZE: 8pt; Color:&012540;'> Income </td></tr><tr> <td style='background-color:&CADDEC;FONT-FAMILY: Verdana,Arial,San-serif; FONT-SIZE: 8pt; FONT-WEIGHT: bold; Color:&012540;'><b> NAV  </b></td> <td style='FONT-FAMILY: Verdana,Arial,San-serif; FONT-SIZE: 8pt; Color:&012540;'> 12.5344 </td></tr><tr> <td style='background-color:&CADDEC;FONT-FAMILY: Verdana,Arial,San-serif; FONT-SIZE: 8pt; FONT-WEIGHT: bold; Color:&012540;'><b> Repurchase Price  </b></td> <td style='FONT-FAMILY: Verdana,Arial,San-serif; FONT-SIZE: 8pt; Color:&012540;'> 12.5344 </td></tr><tr> <td style='background-color:&CADDEC;FONT-FAMILY: Verdana,Arial,San-serif; FONT-SIZE: 8pt; FONT-WEIGHT: bold; Color:&012540;'><b> Sale Price  </b></td> <td style='FONT-FAMILY: Verdana,Arial,San-serif; FONT-SIZE: 8pt; Color:&012540;'> 12.5344 </td></tr><tr> <td style='background-color:&CADDEC;FONT-FAMILY: Verdana,Arial,San-serif; FONT-SIZE: 8pt; FONT-WEIGHT: bold; Color:&012540;'><b> Date </b></td> <td style='FONT-FAMILY: Verdana,Arial,San-serif; FONT-SIZE: 8pt; Color:&012540;'> 13-Apr-2017 </td></tr></table> ]]> </description>
    </item>
    <item>
      <pubDate>Thu, 13 Apr 2017 00:00:00</pubDate>
      <title><![CDATA[IIFL Dynamic Bond Fund Regular Plan Monthly Dividend]]></title>
      <link>http://portal.amfiindia.com/schemedetails.aspx?cmbmfname=62&amp;SdId=122719</link>
      <description><![CDATA[<table border="0" cellspacing="4" cellpadding="2"><tr> <td style='background-color:&CADDEC;FONT-FAMILY: Verdana,Arial,San-serif; FONT-SIZE: 8pt; FONT-WEIGHT: bold; Color:&012540;'><b> Category  </b></td> <td style='FONT-FAMILY: Verdana,Arial,San-serif; FONT-SIZE: 8pt; Color:&012540;'> Income </td></tr><tr> <td style='background-color:&CADDEC;FONT-FAMILY: Verdana,Arial,San-serif; FONT-SIZE: 8pt; FONT-WEIGHT: bold; Color:&012540;'><b> NAV  </b></td> <td style='FONT-FAMILY: Verdana,Arial,San-serif; FONT-SIZE: 8pt; Color:&012540;'> 11.2489 </td></tr><tr> <td style='background-color:&CADDEC;FONT-FAMILY: Verdana,Arial,San-serif; FONT-SIZE: 8pt; FONT-WEIGHT: bold; Color:&012540;'><b> Repurchase Price  </b></td> <td style='FONT-FAMILY: Verdana,Arial,San-serif; FONT-SIZE: 8pt; Color:&012540;'> 11.2489 </td></tr><tr> <td style='background-color:&CADDEC;FONT-FAMILY: Verdana,Arial,San-serif; FONT-SIZE: 8pt; FONT-WEIGHT: bold; Color:&012540;'><b> Sale Price  </b></td> <td style='FONT-FAMILY: Verdana,Arial,San-serif; FONT-SIZE: 8pt; Color:&012540;'> 11.2489 </td></tr><tr> <td style='background-color:&CADDEC;FONT-FAMILY: Verdana,Arial,San-serif; FONT-SIZE: 8pt; FONT-WEIGHT: bold; Color:&012540;'><b> Date </b></td> <td style='FONT-FAMILY: Verdana,Arial,San-serif; FONT-SIZE: 8pt; Color:&012540;'> 13-Apr-2017 </td></tr></table> ]]> </description>
    </item>
    <item>
      <pubDate>Thu, 13 Apr 2017 00:00:00</pubDate>
      <title><![CDATA[IIFL Dynamic Bond Fund Regular Plan Quarterly Dividend]]></title>
      <link>http://portal.amfiindia.com/schemedetails.aspx?cmbmfname=62&amp;SdId=122712</link>
      <description><![CDATA[<table border="0" cellspacing="4" cellpadding="2"><tr> <td style='background-color:&CADDEC;FONT-FAMILY: Verdana,Arial,San-serif; FONT-SIZE: 8pt; FONT-WEIGHT: bold; Color:&012540;'><b> Category  </b></td> <td style='FONT-FAMILY: Verdana,Arial,San-serif; FONT-SIZE: 8pt; Color:&012540;'> Income </td></tr><tr> <td style='background-color:&CADDEC;FONT-FAMILY: Verdana,Arial,San-serif; FONT-SIZE: 8pt; FONT-WEIGHT: bold; Color:&012540;'><b> NAV  </b></td> <td style='FONT-FAMILY: Verdana,Arial,San-serif; FONT-SIZE: 8pt; Color:&012540;'> 12.5344 </td></tr><tr> <td style='background-color:&CADDEC;FONT-FAMILY: Verdana,Arial,San-serif; FONT-SIZE: 8pt; FONT-WEIGHT: bold; Color:&012540;'><b> Repurchase Price  </b></td> <td style='FONT-FAMILY: Verdana,Arial,San-serif; FONT-SIZE: 8pt; Color:&012540;'> 12.5344 </td></tr><tr> <td style='background-color:&CADDEC;FONT-FAMILY: Verdana,Arial,San-serif; FONT-SIZE: 8pt; FONT-WEIGHT: bold; Color:&012540;'><b> Sale Price  </b></td> <td style='FONT-FAMILY: Verdana,Arial,San-serif; FONT-SIZE: 8pt; Color:&012540;'> 12.5344 </td></tr><tr> <td style='background-color:&CADDEC;FONT-FAMILY: Verdana,Arial,San-serif; FONT-SIZE: 8pt; FONT-WEIGHT: bold; Color:&012540;'><b> Date </b></td> <td style='FONT-FAMILY: Verdana,Arial,San-serif; FONT-SIZE: 8pt; Color:&012540;'> 13-Apr-2017 </td></tr></table> ]]> </description>
    </item>
    <item>
      <pubDate>Thu, 13 Apr 2017 00:00:00</pubDate>
      <title><![CDATA[IIFL India Growth Fund - Direct Plan - Dividend]]></title>
      <link>http://portal.amfiindia.com/schemedetails.aspx?cmbmfname=62&amp;SdId=131581</link>
      <description><![CDATA[<table border="0" cellspacing="4" cellpadding="2"><tr> <td style='background-color:&CADDEC;FONT-FAMILY: Verdana,Arial,San-serif; FONT-SIZE: 8pt; FONT-WEIGHT: bold; Color:&012540;'><b> Category  </b></td> <td style='FONT-FAMILY: Verdana,Arial,San-serif; FONT-SIZE: 8pt; Color:&012540;'> Growth </td></tr><tr> <td style='background-color:&CADDEC;FONT-FAMILY: Verdana,Arial,San-serif; FONT-SIZE: 8pt; FONT-WEIGHT: bold; Color:&012540;'><b> NAV  </b></td> <td style='FONT-FAMILY: Verdana,Arial,San-serif; FONT-SIZE: 8pt; Color:&012540;'> 13.5160 </td></tr><tr> <td style='background-color:&CADDEC;FONT-FAMILY: Verdana,Arial,San-serif; FONT-SIZE: 8pt; FONT-WEIGHT: bold; Color:&012540;'><b> Repurchase Price  </b></td> <td style='FONT-FAMILY: Verdana,Arial,San-serif; FONT-SIZE: 8pt; Color:&012540;'> 13.5160 </td></tr><tr> <td style='background-color:&CADDEC;FONT-FAMILY: Verdana,Arial,San-serif; FONT-SIZE: 8pt; FONT-WEIGHT: bold; Color:&012540;'><b> Sale Price  </b></td> <td style='FONT-FAMILY: Verdana,Arial,San-serif; FONT-SIZE: 8pt; Color:&012540;'> 13.5160 </td></tr><tr> <td style='background-color:&CADDEC;FONT-FAMILY: Verdana,Arial,San-serif; FONT-SIZE: 8pt; FONT-WEIGHT: bold; Color:&012540;'><b> Date </b></td> <td style='FONT-FAMILY: Verdana,Arial,San-serif; FONT-SIZE: 8pt; Color:&012540;'> 13-Apr-2017 </td></tr></table> ]]> </description>
    </item>
    <item>
      <pubDate>Thu, 13 Apr 2017 00:00:00</pubDate>
      <title><![CDATA[IIFL India Growth Fund - Regular Plan - Dividend]]></title>
      <link>http://portal.amfiindia.com/schemedetails.aspx?cmbmfname=62&amp;SdId=131579</link>
      <description><![CDATA[<table border="0" cellspacing="4" cellpadding="2"><tr> <td style='background-color:&CADDEC;FONT-FAMILY: Verdana,Arial,San-serif; FONT-SIZE: 8pt; FONT-WEIGHT: bold; Color:&012540;'><b> Category  </b></td> <td style='FONT-FAMILY: Verdana,Arial,San-serif; FONT-SIZE: 8pt; Color:&012540;'> Growth </td></tr><tr> <td style='background-color:&CADDEC;FONT-FAMILY: Verdana,Arial,San-serif; FONT-SIZE: 8pt; FONT-WEIGHT: bold; Color:&012540;'><b> NAV  </b></td> <td style='FONT-FAMILY: Verdana,Arial,San-serif; FONT-SIZE: 8pt; Color:&012540;'> 11.8182 </td></tr><tr> <td style='background-color:&CADDEC;FONT-FAMILY: Verdana,Arial,San-serif; FONT-SIZE: 8pt; FONT-WEIGHT: bold; Color:&012540;'><b> Repurchase Price  </b></td> <td style='FONT-FAMILY: Verdana,Arial,San-serif; FONT-SIZE: 8pt; Color:&012540;'> 11.8182 </td></tr><tr> <td style='background-color:&CADDEC;FONT-FAMILY: Verdana,Arial,San-serif; FONT-SIZE: 8pt; FONT-WEIGHT: bold; Color:&012540;'><b> Sale Price  </b></td> <td style='FONT-FAMILY: Verdana,Arial,San-serif; FONT-SIZE: 8pt; Color:&012540;'> 11.8182 </td></tr><tr> <td style='background-color:&CADDEC;FONT-FAMILY: Verdana,Arial,San-serif; FONT-SIZE: 8pt; FONT-WEIGHT: bold; Color:&012540;'><b> Date </b></td> <td style='FONT-FAMILY: Verdana,Arial,San-serif; FONT-SIZE: 8pt; Color:&012540;'> 13-Apr-2017 </td></tr></table> ]]> </description>
    </item>
    <item>
      <pubDate>Thu, 13 Apr 2017 00:00:00</pubDate>
      <title><![CDATA[IIFL India Growth Fund -Regular Plan - Growth]]></title>
      <link>http://portal.amfiindia.com/schemedetails.aspx?cmbmfname=62&amp;SdId=131578</link>
      <description><![CDATA[<table border="0" cellspacing="4" cellpadding="2"><tr> <td style='background-color:&CADDEC;FONT-FAMILY: Verdana,Arial,San-serif; FONT-SIZE: 8pt; FONT-WEIGHT: bold; Color:&012540;'><b> Category  </b></td> <td style='FONT-FAMILY: Verdana,Arial,San-serif; FONT-SIZE: 8pt; Color:&012540;'> Growth </td></tr><tr> <td style='background-color:&CADDEC;FONT-FAMILY: Verdana,Arial,San-serif; FONT-SIZE: 8pt; FONT-WEIGHT: bold; Color:&012540;'><b> NAV  </b></td> <td style='FONT-FAMILY: Verdana,Arial,San-serif; FONT-SIZE: 8pt; Color:&012540;'> 13.3602 </td></tr><tr> <td style='background-color:&CADDEC;FONT-FAMILY: Verdana,Arial,San-serif; FONT-SIZE: 8pt; FONT-WEIGHT: bold; Color:&012540;'><b> Repurchase Price  </b></td> <td style='FONT-FAMILY: Verdana,Arial,San-serif; FONT-SIZE: 8pt; Color:&012540;'> 13.3602 </td></tr><tr> <td style='background-color:&CADDEC;FONT-FAMILY: Verdana,Arial,San-serif; FONT-SIZE: 8pt; FONT-WEIGHT: bold; Color:&012540;'><b> Sale Price  </b></td> <td style='FONT-FAMILY: Verdana,Arial,San-serif; FONT-SIZE: 8pt; Color:&012540;'> 13.3602 </td></tr><tr> <td style='background-color:&CADDEC;FONT-FAMILY: Verdana,Arial,San-serif; FONT-SIZE: 8pt; FONT-WEIGHT: bold; Color:&012540;'><b> Date </b></td> <td style='FONT-FAMILY: Verdana,Arial,San-serif; FONT-SIZE: 8pt; Color:&012540;'> 13-Apr-2017 </td></tr></table> ]]> </description>
    </item>
    <item>
      <pubDate>Thu, 13 Apr 2017 00:00:00</pubDate>
      <title><![CDATA[IIFL India Growth Fund-Direct Plan-Growth]]></title>
      <link>http://portal.amfiindia.com/schemedetails.aspx?cmbmfname=62&amp;SdId=131580</link>
      <description><![CDATA[<table border="0" cellspacing="4" cellpadding="2"><tr> <td style='background-color:&CADDEC;FONT-FAMILY: Verdana,Arial,San-serif; FONT-SIZE: 8pt; FONT-WEIGHT: bold; Color:&012540;'><b> Category  </b></td> <td style='FONT-FAMILY: Verdana,Arial,San-serif; FONT-SIZE: 8pt; Color:&012540;'> Growth </td></tr><tr> <td style='background-color:&CADDEC;FONT-FAMILY: Verdana,Arial,San-serif; FONT-SIZE: 8pt; FONT-WEIGHT: bold; Color:&012540;'><b> NAV  </b></td> <td style='FONT-FAMILY: Verdana,Arial,San-serif; FONT-SIZE: 8pt; Color:&012540;'> 13.6910 </td></tr><tr> <td style='background-color:&CADDEC;FONT-FAMILY: Verdana,Arial,San-serif; FONT-SIZE: 8pt; FONT-WEIGHT: bold; Color:&012540;'><b> Repurchase Price  </b></td> <td style='FONT-FAMILY: Verdana,Arial,San-serif; FONT-SIZE: 8pt; Color:&012540;'> 13.6910 </td></tr><tr> <td style='background-color:&CADDEC;FONT-FAMILY: Verdana,Arial,San-serif; FONT-SIZE: 8pt; FONT-WEIGHT: bold; Color:&012540;'><b> Sale Price  </b></td> <td style='FONT-FAMILY: Verdana,Arial,San-serif; FONT-SIZE: 8pt; Color:&012540;'> 13.6910 </td></tr><tr> <td style='background-color:&CADDEC;FONT-FAMILY: Verdana,Arial,San-serif; FONT-SIZE: 8pt; FONT-WEIGHT: bold; Color:&012540;'><b> Date </b></td> <td style='FONT-FAMILY: Verdana,Arial,San-serif; FONT-SIZE: 8pt; Color:&012540;'> 13-Apr-2017 </td></tr></table> ]]> </description>
    </item>
    <item>
      <pubDate>Sun, 16 Apr 2017 00:00:00</pubDate>
      <title><![CDATA[IIFL LIQUID FUND DIRECT PLAN  DAILY DIVIDEND REINVESTMENT]]></title>
      <link>http://portal.amfiindia.com/schemedetails.aspx?cmbmfname=62&amp;SdId=125349</link>
      <description><![CDATA[<table border="0" cellspacing="4" cellpadding="2"><tr> <td style='background-color:&CADDEC;FONT-FAMILY: Verdana,Arial,San-serif; FONT-SIZE: 8pt; FONT-WEIGHT: bold; Color:&012540;'><b> Category  </b></td> <td style='FONT-FAMILY: Verdana,Arial,San-serif; FONT-SIZE: 8pt; Color:&012540;'> Liquid </td></tr><tr> <td style='background-color:&CADDEC;FONT-FAMILY: Verdana,Arial,San-serif; FONT-SIZE: 8pt; FONT-WEIGHT: bold; Color:&012540;'><b> NAV  </b></td> <td style='FONT-FAMILY: Verdana,Arial,San-serif; FONT-SIZE: 8pt; Color:&012540;'> 1000.0883 </td></tr><tr> <td style='background-color:&CADDEC;FONT-FAMILY: Verdana,Arial,San-serif; FONT-SIZE: 8pt; FONT-WEIGHT: bold; Color:&012540;'><b> Repurchase Price  </b></td> <td style='FONT-FAMILY: Verdana,Arial,San-serif; FONT-SIZE: 8pt; Color:&012540;'> 1000.0883 </td></tr><tr> <td style='background-color:&CADDEC;FONT-FAMILY: Verdana,Arial,San-serif; FONT-SIZE: 8pt; FONT-WEIGHT: bold; Color:&012540;'><b> Sale Price  </b></td> <td style='FONT-FAMILY: Verdana,Arial,San-serif; FONT-SIZE: 8pt; Color:&012540;'> 1000.0883 </td></tr><tr> <td style='background-color:&CADDEC;FONT-FAMILY: Verdana,Arial,San-serif; FONT-SIZE: 8pt; FONT-WEIGHT: bold; Color:&012540;'><b> Date </b></td> <td style='FONT-FAMILY: Verdana,Arial,San-serif; FONT-SIZE: 8pt; Color:&012540;'> 16-Apr-2017 </td></tr></table> ]]> </description>
    </item>
    <item>
      <pubDate>Sun, 16 Apr 2017 00:00:00</pubDate>
      <title><![CDATA[IIFL LIQUID FUND DIRECT PLAN  GROWTH]]></title>
      <link>http://portal.amfiindia.com/schemedetails.aspx?cmbmfname=62&amp;SdId=125345</link>
      <description><![CDATA[<table border="0" cellspacing="4" cellpadding="2"><tr> <td style='background-color:&CADDEC;FONT-FAMILY: Verdana,Arial,San-serif; FONT-SIZE: 8pt; FONT-WEIGHT: bold; Color:&012540;'><b> Category  </b></td> <td style='FONT-FAMILY: Verdana,Arial,San-serif; FONT-SIZE: 8pt; Color:&012540;'> Liquid </td></tr><tr> <td style='background-color:&CADDEC;FONT-FAMILY: Verdana,Arial,San-serif; FONT-SIZE: 8pt; FONT-WEIGHT: bold; Color:&012540;'><b> NAV  </b></td> <td style='FONT-FAMILY: Verdana,Arial,San-serif; FONT-SIZE: 8pt; Color:&012540;'> 1290.5256 </td></tr><tr> <td style='background-color:&CADDEC;FONT-FAMILY: Verdana,Arial,San-serif; FONT-SIZE: 8pt; FONT-WEIGHT: bold; Color:&012540;'><b> Repurchase Price  </b></td> <td style='FONT-FAMILY: Verdana,Arial,San-serif; FONT-SIZE: 8pt; Color:&012540;'> 1290.5256 </td></tr><tr> <td style='background-color:&CADDEC;FONT-FAMILY: Verdana,Arial,San-serif; FONT-SIZE: 8pt; FONT-WEIGHT: bold; Color:&012540;'><b> Sale Price  </b></td> <td style='FONT-FAMILY: Verdana,Arial,San-serif; FONT-SIZE: 8pt; Color:&012540;'> 1290.5256 </td></tr><tr> <td style='background-color:&CADDEC;FONT-FAMILY: Verdana,Arial,San-serif; FONT-SIZE: 8pt; FONT-WEIGHT: bold; Color:&012540;'><b> Date </b></td> <td style='FONT-FAMILY: Verdana,Arial,San-serif; FONT-SIZE: 8pt; Color:&012540;'> 16-Apr-2017 </td></tr></table> ]]> </description>
    </item>
    <item>
      <pubDate>Sun, 16 Apr 2017 00:00:00</pubDate>
      <title><![CDATA[IIFL LIQUID FUND DIRECT PLAN  WEEKLY DIVIDEND]]></title>
      <link>http://portal.amfiindia.com/schemedetails.aspx?cmbmfname=62&amp;SdId=125343</link>
      <description><![CDATA[<table border="0" cellspacing="4" cellpadding="2"><tr> <td style='background-color:&CADDEC;FONT-FAMILY: Verdana,Arial,San-serif; FONT-SIZE: 8pt; FONT-WEIGHT: bold; Color:&012540;'><b> Category  </b></td> <td style='FONT-FAMILY: Verdana,Arial,San-serif; FONT-SIZE: 8pt; Color:&012540;'> Liquid </td></tr><tr> <td style='background-color:&CADDEC;FONT-FAMILY: Verdana,Arial,San-serif; FONT-SIZE: 8pt; FONT-WEIGHT: bold; Color:&012540;'><b> NAV  </b></td> <td style='FONT-FAMILY: Verdana,Arial,San-serif; FONT-SIZE: 8pt; Color:&012540;'> 1005.8467 </td></tr><tr> <td style='background-color:&CADDEC;FONT-FAMILY: Verdana,Arial,San-serif; FONT-SIZE: 8pt; FONT-WEIGHT: bold; Color:&012540;'><b> Repurchase Price  </b></td> <td style='FONT-FAMILY: Verdana,Arial,San-serif; FONT-SIZE: 8pt; Color:&012540;'> 1005.8467 </td></tr><tr> <td style='background-color:&CADDEC;FONT-FAMILY: Verdana,Arial,San-serif; FONT-SIZE: 8pt; FONT-WEIGHT: bold; Color:&012540;'><b> Sale Price  </b></td> <td style='FONT-FAMILY: Verdana,Arial,San-serif; FONT-SIZE: 8pt; Color:&012540;'> 1005.8467 </td></tr><tr> <td style='background-color:&CADDEC;FONT-FAMILY: Verdana,Arial,San-serif; FONT-SIZE: 8pt; FONT-WEIGHT: bold; Color:&012540;'><b> Date </b></td> <td style='FONT-FAMILY: Verdana,Arial,San-serif; FONT-SIZE: 8pt; Color:&012540;'> 16-Apr-2017 </td></tr></table> ]]> </description>
    </item>
    <item>
      <pubDate>Sun, 16 Apr 2017 00:00:00</pubDate>
      <title><![CDATA[IIFL LIQUID FUND REGULAR PLAN  DAILY DIVIDEND REINVESTMENT]]></title>
      <link>http://portal.amfiindia.com/schemedetails.aspx?cmbmfname=62&amp;SdId=125342</link>
      <description><![CDATA[<table border="0" cellspacing="4" cellpadding="2"><tr> <td style='background-color:&CADDEC;FONT-FAMILY: Verdana,Arial,San-serif; FONT-SIZE: 8pt; FONT-WEIGHT: bold; Color:&012540;'><b> Category  </b></td> <td style='FONT-FAMILY: Verdana,Arial,San-serif; FONT-SIZE: 8pt; Color:&012540;'> Liquid </td></tr><tr> <td style='background-color:&CADDEC;FONT-FAMILY: Verdana,Arial,San-serif; FONT-SIZE: 8pt; FONT-WEIGHT: bold; Color:&012540;'><b> NAV  </b></td> <td style='FONT-FAMILY: Verdana,Arial,San-serif; FONT-SIZE: 8pt; Color:&012540;'> 1000.1369 </td></tr><tr> <td style='background-color:&CADDEC;FONT-FAMILY: Verdana,Arial,San-serif; FONT-SIZE: 8pt; FONT-WEIGHT: bold; Color:&012540;'><b> Repurchase Price  </b></td> <td style='FONT-FAMILY: Verdana,Arial,San-serif; FONT-SIZE: 8pt; Color:&012540;'> 1000.1369 </td></tr><tr> <td style='background-color:&CADDEC;FONT-FAMILY: Verdana,Arial,San-serif; FONT-SIZE: 8pt; FONT-WEIGHT: bold; Color:&012540;'><b> Sale Price  </b></td> <td style='FONT-FAMILY: Verdana,Arial,San-serif; FONT-SIZE: 8pt; Color:&012540;'> 1000.1369 </td></tr><tr> <td style='background-color:&CADDEC;FONT-FAMILY: Verdana,Arial,San-serif; FONT-SIZE: 8pt; FONT-WEIGHT: bold; Color:&012540;'><b> Date </b></td> <td style='FONT-FAMILY: Verdana,Arial,San-serif; FONT-SIZE: 8pt; Color:&012540;'> 16-Apr-2017 </td></tr></table> ]]> </description>
    </item>
    <item>
      <pubDate>Sun, 16 Apr 2017 00:00:00</pubDate>
      <title><![CDATA[IIFL LIQUID FUND REGULAR PLAN  GROWTH]]></title>
      <link>http://portal.amfiindia.com/schemedetails.aspx?cmbmfname=62&amp;SdId=125259</link>
      <description><![CDATA[<table border="0" cellspacing="4" cellpadding="2"><tr> <td style='background-color:&CADDEC;FONT-FAMILY: Verdana,Arial,San-serif; FONT-SIZE: 8pt; FONT-WEIGHT: bold; Color:&012540;'><b> Category  </b></td> <td style='FONT-FAMILY: Verdana,Arial,San-serif; FONT-SIZE: 8pt; Color:&012540;'> Liquid </td></tr><tr> <td style='background-color:&CADDEC;FONT-FAMILY: Verdana,Arial,San-serif; FONT-SIZE: 8pt; FONT-WEIGHT: bold; Color:&012540;'><b> NAV  </b></td> <td style='FONT-FAMILY: Verdana,Arial,San-serif; FONT-SIZE: 8pt; Color:&012540;'> 1288.3097 </td></tr><tr> <td style='background-color:&CADDEC;FONT-FAMILY: Verdana,Arial,San-serif; FONT-SIZE: 8pt; FONT-WEIGHT: bold; Color:&012540;'><b> Repurchase Price  </b></td> <td style='FONT-FAMILY: Verdana,Arial,San-serif; FONT-SIZE: 8pt; Color:&012540;'> 1288.3097 </td></tr><tr> <td style='background-color:&CADDEC;FONT-FAMILY: Verdana,Arial,San-serif; FONT-SIZE: 8pt; FONT-WEIGHT: bold; Color:&012540;'><b> Sale Price  </b></td> <td style='FONT-FAMILY: Verdana,Arial,San-serif; FONT-SIZE: 8pt; Color:&012540;'> 1288.3097 </td></tr><tr> <td style='background-color:&CADDEC;FONT-FAMILY: Verdana,Arial,San-serif; FONT-SIZE: 8pt; FONT-WEIGHT: bold; Color:&012540;'><b> Date </b></td> <td style='FONT-FAMILY: Verdana,Arial,San-serif; FONT-SIZE: 8pt; Color:&012540;'> 16-Apr-2017 </td></tr></table> ]]> </description>
    </item>
    <item>
      <pubDate>Sun, 16 Apr 2017 00:00:00</pubDate>
      <title><![CDATA[IIFL LIQUID FUND REGULAR PLAN  WEEKLY DIVIDEND]]></title>
      <link>http://portal.amfiindia.com/schemedetails.aspx?cmbmfname=62&amp;SdId=125337</link>
      <description><![CDATA[<table border="0" cellspacing="4" cellpadding="2"><tr> <td style='background-color:&CADDEC;FONT-FAMILY: Verdana,Arial,San-serif; FONT-SIZE: 8pt; FONT-WEIGHT: bold; Color:&012540;'><b> Category  </b></td> <td style='FONT-FAMILY: Verdana,Arial,San-serif; FONT-SIZE: 8pt; Color:&012540;'> Liquid </td></tr><tr> <td style='background-color:&CADDEC;FONT-FAMILY: Verdana,Arial,San-serif; FONT-SIZE: 8pt; FONT-WEIGHT: bold; Color:&012540;'><b> NAV  </b></td> <td style='FONT-FAMILY: Verdana,Arial,San-serif; FONT-SIZE: 8pt; Color:&012540;'> 1005.7615 </td></tr><tr> <td style='background-color:&CADDEC;FONT-FAMILY: Verdana,Arial,San-serif; FONT-SIZE: 8pt; FONT-WEIGHT: bold; Color:&012540;'><b> Repurchase Price  </b></td> <td style='FONT-FAMILY: Verdana,Arial,San-serif; FONT-SIZE: 8pt; Color:&012540;'> 1005.7615 </td></tr><tr> <td style='background-color:&CADDEC;FONT-FAMILY: Verdana,Arial,San-serif; FONT-SIZE: 8pt; FONT-WEIGHT: bold; Color:&012540;'><b> Sale Price  </b></td> <td style='FONT-FAMILY: Verdana,Arial,San-serif; FONT-SIZE: 8pt; Color:&012540;'> 1005.7615 </td></tr><tr> <td style='background-color:&CADDEC;FONT-FAMILY: Verdana,Arial,San-serif; FONT-SIZE: 8pt; FONT-WEIGHT: bold; Color:&012540;'><b> Date </b></td> <td style='FONT-FAMILY: Verdana,Arial,San-serif; FONT-SIZE: 8pt; Color:&012540;'> 16-Apr-2017 </td></tr></table> ]]> </description>
    </item>
  </channel>
</rss>