<?xml version='1.0' encoding='ISO-8859-1'?><?xml-stylesheet title='XSL_formatting' type='text/xsl' href='http://portal.amfiindia.com/rssstyle.xsl'?><rss version="2.0" xmlns:cf="http://www.microsoft.com/schemas/rss/core/2005" xmlns:nav="http://www.amfiindia.com/rss/nav">
  <channel>
    <title>List of Schemes with NAV's for <![CDATA[Quantum Mutual Fund]]></title>
    <link>http://www.amfiindia.com</link>
    <description>The  Association  of  Mutual  Funds  in  India (AMFI)  is  dedicated  to  developing  the  Indian  Mutual  Fund  Industry  on  professional,  healthy  and  ethical  lines  and  to  enhance  and  maintain  standards  in  all  areas  with  a  view  to  protecting  and  promoting  the  interests  of  mutual  funds  and  their  unit  holders.</description>
    <language>en-us</language>
    <pubDate>4/17/2017 5:43:45 PM</pubDate>
    <copyright>(C) Association of Mutual Funds in India (AMFI) - Copyright 2017</copyright>
    <image>
      <title>amfiindia.com</title>
      <url>http://www.amfiindia.com/images/logos/logo0.gif</url>
      <link>http://www.amfiindia.com/</link>
      <description>Visit amfiindia.com</description>
    </image>
    <item>
      <pubDate>Thu, 13 Apr 2017 00:00:00</pubDate>
      <title><![CDATA[Quantum Dynamic Bond Fund - Direct Plan Growth Option]]></title>
      <link>http://portal.amfiindia.com/schemedetails.aspx?cmbmfname=41&amp;SdId=134494</link>
      <description><![CDATA[<table border="0" cellspacing="4" cellpadding="2"><tr> <td style='background-color:&CADDEC;FONT-FAMILY: Verdana,Arial,San-serif; FONT-SIZE: 8pt; FONT-WEIGHT: bold; Color:&012540;'><b> Category  </b></td> <td style='FONT-FAMILY: Verdana,Arial,San-serif; FONT-SIZE: 8pt; Color:&012540;'> Income </td></tr><tr> <td style='background-color:&CADDEC;FONT-FAMILY: Verdana,Arial,San-serif; FONT-SIZE: 8pt; FONT-WEIGHT: bold; Color:&012540;'><b> NAV  </b></td> <td style='FONT-FAMILY: Verdana,Arial,San-serif; FONT-SIZE: 8pt; Color:&012540;'> 12.2853 </td></tr><tr> <td style='background-color:&CADDEC;FONT-FAMILY: Verdana,Arial,San-serif; FONT-SIZE: 8pt; FONT-WEIGHT: bold; Color:&012540;'><b> Repurchase Price  </b></td> <td style='FONT-FAMILY: Verdana,Arial,San-serif; FONT-SIZE: 8pt; Color:&012540;'> 12.2853 </td></tr><tr> <td style='background-color:&CADDEC;FONT-FAMILY: Verdana,Arial,San-serif; FONT-SIZE: 8pt; FONT-WEIGHT: bold; Color:&012540;'><b> Sale Price  </b></td> <td style='FONT-FAMILY: Verdana,Arial,San-serif; FONT-SIZE: 8pt; Color:&012540;'> 12.2853 </td></tr><tr> <td style='background-color:&CADDEC;FONT-FAMILY: Verdana,Arial,San-serif; FONT-SIZE: 8pt; FONT-WEIGHT: bold; Color:&012540;'><b> Date </b></td> <td style='FONT-FAMILY: Verdana,Arial,San-serif; FONT-SIZE: 8pt; Color:&012540;'> 13-Apr-2017 </td></tr></table> ]]> </description>
    </item>
    <item>
      <pubDate>Thu, 13 Apr 2017 00:00:00</pubDate>
      <title><![CDATA[Quantum Dynamic Bond Fund - Direct Plan Monthly Dividend Option]]></title>
      <link>http://portal.amfiindia.com/schemedetails.aspx?cmbmfname=41&amp;SdId=134493</link>
      <description><![CDATA[<table border="0" cellspacing="4" cellpadding="2"><tr> <td style='background-color:&CADDEC;FONT-FAMILY: Verdana,Arial,San-serif; FONT-SIZE: 8pt; FONT-WEIGHT: bold; Color:&012540;'><b> Category  </b></td> <td style='FONT-FAMILY: Verdana,Arial,San-serif; FONT-SIZE: 8pt; Color:&012540;'> Income </td></tr><tr> <td style='background-color:&CADDEC;FONT-FAMILY: Verdana,Arial,San-serif; FONT-SIZE: 8pt; FONT-WEIGHT: bold; Color:&012540;'><b> NAV  </b></td> <td style='FONT-FAMILY: Verdana,Arial,San-serif; FONT-SIZE: 8pt; Color:&012540;'> 10.0927 </td></tr><tr> <td style='background-color:&CADDEC;FONT-FAMILY: Verdana,Arial,San-serif; FONT-SIZE: 8pt; FONT-WEIGHT: bold; Color:&012540;'><b> Repurchase Price  </b></td> <td style='FONT-FAMILY: Verdana,Arial,San-serif; FONT-SIZE: 8pt; Color:&012540;'> 10.0927 </td></tr><tr> <td style='background-color:&CADDEC;FONT-FAMILY: Verdana,Arial,San-serif; FONT-SIZE: 8pt; FONT-WEIGHT: bold; Color:&012540;'><b> Sale Price  </b></td> <td style='FONT-FAMILY: Verdana,Arial,San-serif; FONT-SIZE: 8pt; Color:&012540;'> 10.0927 </td></tr><tr> <td style='background-color:&CADDEC;FONT-FAMILY: Verdana,Arial,San-serif; FONT-SIZE: 8pt; FONT-WEIGHT: bold; Color:&012540;'><b> Date </b></td> <td style='FONT-FAMILY: Verdana,Arial,San-serif; FONT-SIZE: 8pt; Color:&012540;'> 13-Apr-2017 </td></tr></table> ]]> </description>
    </item>
    <item>
      <pubDate>Thu, 13 Apr 2017 00:00:00</pubDate>
      <title><![CDATA[Quantum Dynamic Bond Fund - Regular Plan Growth Option]]></title>
      <link>http://portal.amfiindia.com/schemedetails.aspx?cmbmfname=41&amp;SdId=141061</link>
      <description><![CDATA[<table border="0" cellspacing="4" cellpadding="2"><tr> <td style='background-color:&CADDEC;FONT-FAMILY: Verdana,Arial,San-serif; FONT-SIZE: 8pt; FONT-WEIGHT: bold; Color:&012540;'><b> Category  </b></td> <td style='FONT-FAMILY: Verdana,Arial,San-serif; FONT-SIZE: 8pt; Color:&012540;'> Income </td></tr><tr> <td style='background-color:&CADDEC;FONT-FAMILY: Verdana,Arial,San-serif; FONT-SIZE: 8pt; FONT-WEIGHT: bold; Color:&012540;'><b> NAV  </b></td> <td style='FONT-FAMILY: Verdana,Arial,San-serif; FONT-SIZE: 8pt; Color:&012540;'> 12.2850 </td></tr><tr> <td style='background-color:&CADDEC;FONT-FAMILY: Verdana,Arial,San-serif; FONT-SIZE: 8pt; FONT-WEIGHT: bold; Color:&012540;'><b> Repurchase Price  </b></td> <td style='FONT-FAMILY: Verdana,Arial,San-serif; FONT-SIZE: 8pt; Color:&012540;'> 12.2850 </td></tr><tr> <td style='background-color:&CADDEC;FONT-FAMILY: Verdana,Arial,San-serif; FONT-SIZE: 8pt; FONT-WEIGHT: bold; Color:&012540;'><b> Sale Price  </b></td> <td style='FONT-FAMILY: Verdana,Arial,San-serif; FONT-SIZE: 8pt; Color:&012540;'> 12.2850 </td></tr><tr> <td style='background-color:&CADDEC;FONT-FAMILY: Verdana,Arial,San-serif; FONT-SIZE: 8pt; FONT-WEIGHT: bold; Color:&012540;'><b> Date </b></td> <td style='FONT-FAMILY: Verdana,Arial,San-serif; FONT-SIZE: 8pt; Color:&012540;'> 13-Apr-2017 </td></tr></table> ]]> </description>
    </item>
    <item>
      <pubDate>Thu, 13 Apr 2017 00:00:00</pubDate>
      <title><![CDATA[Quantum Dynamic Bond Fund - Regular Plan Monthly Dividend Option]]></title>
      <link>http://portal.amfiindia.com/schemedetails.aspx?cmbmfname=41&amp;SdId=141060</link>
      <description><![CDATA[<table border="0" cellspacing="4" cellpadding="2"><tr> <td style='background-color:&CADDEC;FONT-FAMILY: Verdana,Arial,San-serif; FONT-SIZE: 8pt; FONT-WEIGHT: bold; Color:&012540;'><b> Category  </b></td> <td style='FONT-FAMILY: Verdana,Arial,San-serif; FONT-SIZE: 8pt; Color:&012540;'> Income </td></tr><tr> <td style='background-color:&CADDEC;FONT-FAMILY: Verdana,Arial,San-serif; FONT-SIZE: 8pt; FONT-WEIGHT: bold; Color:&012540;'><b> NAV  </b></td> <td style='FONT-FAMILY: Verdana,Arial,San-serif; FONT-SIZE: 8pt; Color:&012540;'> 10.0926 </td></tr><tr> <td style='background-color:&CADDEC;FONT-FAMILY: Verdana,Arial,San-serif; FONT-SIZE: 8pt; FONT-WEIGHT: bold; Color:&012540;'><b> Repurchase Price  </b></td> <td style='FONT-FAMILY: Verdana,Arial,San-serif; FONT-SIZE: 8pt; Color:&012540;'> 10.0926 </td></tr><tr> <td style='background-color:&CADDEC;FONT-FAMILY: Verdana,Arial,San-serif; FONT-SIZE: 8pt; FONT-WEIGHT: bold; Color:&012540;'><b> Sale Price  </b></td> <td style='FONT-FAMILY: Verdana,Arial,San-serif; FONT-SIZE: 8pt; Color:&012540;'> 10.0926 </td></tr><tr> <td style='background-color:&CADDEC;FONT-FAMILY: Verdana,Arial,San-serif; FONT-SIZE: 8pt; FONT-WEIGHT: bold; Color:&012540;'><b> Date </b></td> <td style='FONT-FAMILY: Verdana,Arial,San-serif; FONT-SIZE: 8pt; Color:&012540;'> 13-Apr-2017 </td></tr></table> ]]> </description>
    </item>
    <item>
      <pubDate>Thu, 13 Apr 2017 00:00:00</pubDate>
      <title><![CDATA[Quantum Long Term Equity Fund - Direct Plan Dividend Option]]></title>
      <link>http://portal.amfiindia.com/schemedetails.aspx?cmbmfname=41&amp;SdId=103491</link>
      <description><![CDATA[<table border="0" cellspacing="4" cellpadding="2"><tr> <td style='background-color:&CADDEC;FONT-FAMILY: Verdana,Arial,San-serif; FONT-SIZE: 8pt; FONT-WEIGHT: bold; Color:&012540;'><b> Category  </b></td> <td style='FONT-FAMILY: Verdana,Arial,San-serif; FONT-SIZE: 8pt; Color:&012540;'> Growth </td></tr><tr> <td style='background-color:&CADDEC;FONT-FAMILY: Verdana,Arial,San-serif; FONT-SIZE: 8pt; FONT-WEIGHT: bold; Color:&012540;'><b> NAV  </b></td> <td style='FONT-FAMILY: Verdana,Arial,San-serif; FONT-SIZE: 8pt; Color:&012540;'> 48.68 </td></tr><tr> <td style='background-color:&CADDEC;FONT-FAMILY: Verdana,Arial,San-serif; FONT-SIZE: 8pt; FONT-WEIGHT: bold; Color:&012540;'><b> Repurchase Price  </b></td> <td style='FONT-FAMILY: Verdana,Arial,San-serif; FONT-SIZE: 8pt; Color:&012540;'> 46.73 </td></tr><tr> <td style='background-color:&CADDEC;FONT-FAMILY: Verdana,Arial,San-serif; FONT-SIZE: 8pt; FONT-WEIGHT: bold; Color:&012540;'><b> Sale Price  </b></td> <td style='FONT-FAMILY: Verdana,Arial,San-serif; FONT-SIZE: 8pt; Color:&012540;'> 48.68 </td></tr><tr> <td style='background-color:&CADDEC;FONT-FAMILY: Verdana,Arial,San-serif; FONT-SIZE: 8pt; FONT-WEIGHT: bold; Color:&012540;'><b> Date </b></td> <td style='FONT-FAMILY: Verdana,Arial,San-serif; FONT-SIZE: 8pt; Color:&012540;'> 13-Apr-2017 </td></tr></table> ]]> </description>
    </item>
    <item>
      <pubDate>Thu, 13 Apr 2017 00:00:00</pubDate>
      <title><![CDATA[Quantum Long Term Equity Fund - Direct Plan Growth Option]]></title>
      <link>http://portal.amfiindia.com/schemedetails.aspx?cmbmfname=41&amp;SdId=103490</link>
      <description><![CDATA[<table border="0" cellspacing="4" cellpadding="2"><tr> <td style='background-color:&CADDEC;FONT-FAMILY: Verdana,Arial,San-serif; FONT-SIZE: 8pt; FONT-WEIGHT: bold; Color:&012540;'><b> Category  </b></td> <td style='FONT-FAMILY: Verdana,Arial,San-serif; FONT-SIZE: 8pt; Color:&012540;'> Growth </td></tr><tr> <td style='background-color:&CADDEC;FONT-FAMILY: Verdana,Arial,San-serif; FONT-SIZE: 8pt; FONT-WEIGHT: bold; Color:&012540;'><b> NAV  </b></td> <td style='FONT-FAMILY: Verdana,Arial,San-serif; FONT-SIZE: 8pt; Color:&012540;'> 48.27 </td></tr><tr> <td style='background-color:&CADDEC;FONT-FAMILY: Verdana,Arial,San-serif; FONT-SIZE: 8pt; FONT-WEIGHT: bold; Color:&012540;'><b> Repurchase Price  </b></td> <td style='FONT-FAMILY: Verdana,Arial,San-serif; FONT-SIZE: 8pt; Color:&012540;'> 46.34 </td></tr><tr> <td style='background-color:&CADDEC;FONT-FAMILY: Verdana,Arial,San-serif; FONT-SIZE: 8pt; FONT-WEIGHT: bold; Color:&012540;'><b> Sale Price  </b></td> <td style='FONT-FAMILY: Verdana,Arial,San-serif; FONT-SIZE: 8pt; Color:&012540;'> 48.27 </td></tr><tr> <td style='background-color:&CADDEC;FONT-FAMILY: Verdana,Arial,San-serif; FONT-SIZE: 8pt; FONT-WEIGHT: bold; Color:&012540;'><b> Date </b></td> <td style='FONT-FAMILY: Verdana,Arial,San-serif; FONT-SIZE: 8pt; Color:&012540;'> 13-Apr-2017 </td></tr></table> ]]> </description>
    </item>
    <item>
      <pubDate>Thu, 13 Apr 2017 00:00:00</pubDate>
      <title><![CDATA[Quantum Long Term Equity Fund - Regular Plan Dividend Option]]></title>
      <link>http://portal.amfiindia.com/schemedetails.aspx?cmbmfname=41&amp;SdId=141069</link>
      <description><![CDATA[<table border="0" cellspacing="4" cellpadding="2"><tr> <td style='background-color:&CADDEC;FONT-FAMILY: Verdana,Arial,San-serif; FONT-SIZE: 8pt; FONT-WEIGHT: bold; Color:&012540;'><b> Category  </b></td> <td style='FONT-FAMILY: Verdana,Arial,San-serif; FONT-SIZE: 8pt; Color:&012540;'> Growth </td></tr><tr> <td style='background-color:&CADDEC;FONT-FAMILY: Verdana,Arial,San-serif; FONT-SIZE: 8pt; FONT-WEIGHT: bold; Color:&012540;'><b> NAV  </b></td> <td style='FONT-FAMILY: Verdana,Arial,San-serif; FONT-SIZE: 8pt; Color:&012540;'> 48.68 </td></tr><tr> <td style='background-color:&CADDEC;FONT-FAMILY: Verdana,Arial,San-serif; FONT-SIZE: 8pt; FONT-WEIGHT: bold; Color:&012540;'><b> Repurchase Price  </b></td> <td style='FONT-FAMILY: Verdana,Arial,San-serif; FONT-SIZE: 8pt; Color:&012540;'> 46.73 </td></tr><tr> <td style='background-color:&CADDEC;FONT-FAMILY: Verdana,Arial,San-serif; FONT-SIZE: 8pt; FONT-WEIGHT: bold; Color:&012540;'><b> Sale Price  </b></td> <td style='FONT-FAMILY: Verdana,Arial,San-serif; FONT-SIZE: 8pt; Color:&012540;'> 48.68 </td></tr><tr> <td style='background-color:&CADDEC;FONT-FAMILY: Verdana,Arial,San-serif; FONT-SIZE: 8pt; FONT-WEIGHT: bold; Color:&012540;'><b> Date </b></td> <td style='FONT-FAMILY: Verdana,Arial,San-serif; FONT-SIZE: 8pt; Color:&012540;'> 13-Apr-2017 </td></tr></table> ]]> </description>
    </item>
    <item>
      <pubDate>Thu, 13 Apr 2017 00:00:00</pubDate>
      <title><![CDATA[Quantum Long Term Equity Fund - Regular Plan Growth Option]]></title>
      <link>http://portal.amfiindia.com/schemedetails.aspx?cmbmfname=41&amp;SdId=141068</link>
      <description><![CDATA[<table border="0" cellspacing="4" cellpadding="2"><tr> <td style='background-color:&CADDEC;FONT-FAMILY: Verdana,Arial,San-serif; FONT-SIZE: 8pt; FONT-WEIGHT: bold; Color:&012540;'><b> Category  </b></td> <td style='FONT-FAMILY: Verdana,Arial,San-serif; FONT-SIZE: 8pt; Color:&012540;'> Growth </td></tr><tr> <td style='background-color:&CADDEC;FONT-FAMILY: Verdana,Arial,San-serif; FONT-SIZE: 8pt; FONT-WEIGHT: bold; Color:&012540;'><b> NAV  </b></td> <td style='FONT-FAMILY: Verdana,Arial,San-serif; FONT-SIZE: 8pt; Color:&012540;'> 48.27 </td></tr><tr> <td style='background-color:&CADDEC;FONT-FAMILY: Verdana,Arial,San-serif; FONT-SIZE: 8pt; FONT-WEIGHT: bold; Color:&012540;'><b> Repurchase Price  </b></td> <td style='FONT-FAMILY: Verdana,Arial,San-serif; FONT-SIZE: 8pt; Color:&012540;'> 46.34 </td></tr><tr> <td style='background-color:&CADDEC;FONT-FAMILY: Verdana,Arial,San-serif; FONT-SIZE: 8pt; FONT-WEIGHT: bold; Color:&012540;'><b> Sale Price  </b></td> <td style='FONT-FAMILY: Verdana,Arial,San-serif; FONT-SIZE: 8pt; Color:&012540;'> 48.27 </td></tr><tr> <td style='background-color:&CADDEC;FONT-FAMILY: Verdana,Arial,San-serif; FONT-SIZE: 8pt; FONT-WEIGHT: bold; Color:&012540;'><b> Date </b></td> <td style='FONT-FAMILY: Verdana,Arial,San-serif; FONT-SIZE: 8pt; Color:&012540;'> 13-Apr-2017 </td></tr></table> ]]> </description>
    </item>
    <item>
      <pubDate>Sun, 16 Apr 2017 00:00:00</pubDate>
      <title><![CDATA[Quantum Liquid Fund - Direct Plan Daily Dividend Re-investment Option]]></title>
      <link>http://portal.amfiindia.com/schemedetails.aspx?cmbmfname=41&amp;SdId=103736</link>
      <description><![CDATA[<table border="0" cellspacing="4" cellpadding="2"><tr> <td style='background-color:&CADDEC;FONT-FAMILY: Verdana,Arial,San-serif; FONT-SIZE: 8pt; FONT-WEIGHT: bold; Color:&012540;'><b> Category  </b></td> <td style='FONT-FAMILY: Verdana,Arial,San-serif; FONT-SIZE: 8pt; Color:&012540;'> Liquid </td></tr><tr> <td style='background-color:&CADDEC;FONT-FAMILY: Verdana,Arial,San-serif; FONT-SIZE: 8pt; FONT-WEIGHT: bold; Color:&012540;'><b> NAV  </b></td> <td style='FONT-FAMILY: Verdana,Arial,San-serif; FONT-SIZE: 8pt; Color:&012540;'> 10.0046 </td></tr><tr> <td style='background-color:&CADDEC;FONT-FAMILY: Verdana,Arial,San-serif; FONT-SIZE: 8pt; FONT-WEIGHT: bold; Color:&012540;'><b> Repurchase Price  </b></td> <td style='FONT-FAMILY: Verdana,Arial,San-serif; FONT-SIZE: 8pt; Color:&012540;'> 10.0046 </td></tr><tr> <td style='background-color:&CADDEC;FONT-FAMILY: Verdana,Arial,San-serif; FONT-SIZE: 8pt; FONT-WEIGHT: bold; Color:&012540;'><b> Sale Price  </b></td> <td style='FONT-FAMILY: Verdana,Arial,San-serif; FONT-SIZE: 8pt; Color:&012540;'> 10.0046 </td></tr><tr> <td style='background-color:&CADDEC;FONT-FAMILY: Verdana,Arial,San-serif; FONT-SIZE: 8pt; FONT-WEIGHT: bold; Color:&012540;'><b> Date </b></td> <td style='FONT-FAMILY: Verdana,Arial,San-serif; FONT-SIZE: 8pt; Color:&012540;'> 16-Apr-2017 </td></tr></table> ]]> </description>
    </item>
    <item>
      <pubDate>Sun, 16 Apr 2017 00:00:00</pubDate>
      <title><![CDATA[Quantum Liquid Fund - Direct Plan Growth Option]]></title>
      <link>http://portal.amfiindia.com/schemedetails.aspx?cmbmfname=41&amp;SdId=103734</link>
      <description><![CDATA[<table border="0" cellspacing="4" cellpadding="2"><tr> <td style='background-color:&CADDEC;FONT-FAMILY: Verdana,Arial,San-serif; FONT-SIZE: 8pt; FONT-WEIGHT: bold; Color:&012540;'><b> Category  </b></td> <td style='FONT-FAMILY: Verdana,Arial,San-serif; FONT-SIZE: 8pt; Color:&012540;'> Liquid </td></tr><tr> <td style='background-color:&CADDEC;FONT-FAMILY: Verdana,Arial,San-serif; FONT-SIZE: 8pt; FONT-WEIGHT: bold; Color:&012540;'><b> NAV  </b></td> <td style='FONT-FAMILY: Verdana,Arial,San-serif; FONT-SIZE: 8pt; Color:&012540;'> 22.5709 </td></tr><tr> <td style='background-color:&CADDEC;FONT-FAMILY: Verdana,Arial,San-serif; FONT-SIZE: 8pt; FONT-WEIGHT: bold; Color:&012540;'><b> Repurchase Price  </b></td> <td style='FONT-FAMILY: Verdana,Arial,San-serif; FONT-SIZE: 8pt; Color:&012540;'> 22.5709 </td></tr><tr> <td style='background-color:&CADDEC;FONT-FAMILY: Verdana,Arial,San-serif; FONT-SIZE: 8pt; FONT-WEIGHT: bold; Color:&012540;'><b> Sale Price  </b></td> <td style='FONT-FAMILY: Verdana,Arial,San-serif; FONT-SIZE: 8pt; Color:&012540;'> 22.5709 </td></tr><tr> <td style='background-color:&CADDEC;FONT-FAMILY: Verdana,Arial,San-serif; FONT-SIZE: 8pt; FONT-WEIGHT: bold; Color:&012540;'><b> Date </b></td> <td style='FONT-FAMILY: Verdana,Arial,San-serif; FONT-SIZE: 8pt; Color:&012540;'> 16-Apr-2017 </td></tr></table> ]]> </description>
    </item>
    <item>
      <pubDate>Sun, 16 Apr 2017 00:00:00</pubDate>
      <title><![CDATA[Quantum Liquid Fund - Direct Plan Monthly Dividend Option]]></title>
      <link>http://portal.amfiindia.com/schemedetails.aspx?cmbmfname=41&amp;SdId=103735</link>
      <description><![CDATA[<table border="0" cellspacing="4" cellpadding="2"><tr> <td style='background-color:&CADDEC;FONT-FAMILY: Verdana,Arial,San-serif; FONT-SIZE: 8pt; FONT-WEIGHT: bold; Color:&012540;'><b> Category  </b></td> <td style='FONT-FAMILY: Verdana,Arial,San-serif; FONT-SIZE: 8pt; Color:&012540;'> Liquid </td></tr><tr> <td style='background-color:&CADDEC;FONT-FAMILY: Verdana,Arial,San-serif; FONT-SIZE: 8pt; FONT-WEIGHT: bold; Color:&012540;'><b> NAV  </b></td> <td style='FONT-FAMILY: Verdana,Arial,San-serif; FONT-SIZE: 8pt; Color:&012540;'> 10.0375 </td></tr><tr> <td style='background-color:&CADDEC;FONT-FAMILY: Verdana,Arial,San-serif; FONT-SIZE: 8pt; FONT-WEIGHT: bold; Color:&012540;'><b> Repurchase Price  </b></td> <td style='FONT-FAMILY: Verdana,Arial,San-serif; FONT-SIZE: 8pt; Color:&012540;'> 10.0375 </td></tr><tr> <td style='background-color:&CADDEC;FONT-FAMILY: Verdana,Arial,San-serif; FONT-SIZE: 8pt; FONT-WEIGHT: bold; Color:&012540;'><b> Sale Price  </b></td> <td style='FONT-FAMILY: Verdana,Arial,San-serif; FONT-SIZE: 8pt; Color:&012540;'> 10.0375 </td></tr><tr> <td style='background-color:&CADDEC;FONT-FAMILY: Verdana,Arial,San-serif; FONT-SIZE: 8pt; FONT-WEIGHT: bold; Color:&012540;'><b> Date </b></td> <td style='FONT-FAMILY: Verdana,Arial,San-serif; FONT-SIZE: 8pt; Color:&012540;'> 16-Apr-2017 </td></tr></table> ]]> </description>
    </item>
    <item>
      <pubDate>Sun, 16 Apr 2017 00:00:00</pubDate>
      <title><![CDATA[Quantum Liquid Fund - Regular Plan Daily Dividend Re-Investment Option]]></title>
      <link>http://portal.amfiindia.com/schemedetails.aspx?cmbmfname=41&amp;SdId=141065</link>
      <description><![CDATA[<table border="0" cellspacing="4" cellpadding="2"><tr> <td style='background-color:&CADDEC;FONT-FAMILY: Verdana,Arial,San-serif; FONT-SIZE: 8pt; FONT-WEIGHT: bold; Color:&012540;'><b> Category  </b></td> <td style='FONT-FAMILY: Verdana,Arial,San-serif; FONT-SIZE: 8pt; Color:&012540;'> Liquid </td></tr><tr> <td style='background-color:&CADDEC;FONT-FAMILY: Verdana,Arial,San-serif; FONT-SIZE: 8pt; FONT-WEIGHT: bold; Color:&012540;'><b> NAV  </b></td> <td style='FONT-FAMILY: Verdana,Arial,San-serif; FONT-SIZE: 8pt; Color:&012540;'> 10.0046 </td></tr><tr> <td style='background-color:&CADDEC;FONT-FAMILY: Verdana,Arial,San-serif; FONT-SIZE: 8pt; FONT-WEIGHT: bold; Color:&012540;'><b> Repurchase Price  </b></td> <td style='FONT-FAMILY: Verdana,Arial,San-serif; FONT-SIZE: 8pt; Color:&012540;'> 10.0046 </td></tr><tr> <td style='background-color:&CADDEC;FONT-FAMILY: Verdana,Arial,San-serif; FONT-SIZE: 8pt; FONT-WEIGHT: bold; Color:&012540;'><b> Sale Price  </b></td> <td style='FONT-FAMILY: Verdana,Arial,San-serif; FONT-SIZE: 8pt; Color:&012540;'> 10.0046 </td></tr><tr> <td style='background-color:&CADDEC;FONT-FAMILY: Verdana,Arial,San-serif; FONT-SIZE: 8pt; FONT-WEIGHT: bold; Color:&012540;'><b> Date </b></td> <td style='FONT-FAMILY: Verdana,Arial,San-serif; FONT-SIZE: 8pt; Color:&012540;'> 16-Apr-2017 </td></tr></table> ]]> </description>
    </item>
    <item>
      <pubDate>Sun, 16 Apr 2017 00:00:00</pubDate>
      <title><![CDATA[Quantum Liquid Fund - Regular Plan Growth Option]]></title>
      <link>http://portal.amfiindia.com/schemedetails.aspx?cmbmfname=41&amp;SdId=141066</link>
      <description><![CDATA[<table border="0" cellspacing="4" cellpadding="2"><tr> <td style='background-color:&CADDEC;FONT-FAMILY: Verdana,Arial,San-serif; FONT-SIZE: 8pt; FONT-WEIGHT: bold; Color:&012540;'><b> Category  </b></td> <td style='FONT-FAMILY: Verdana,Arial,San-serif; FONT-SIZE: 8pt; Color:&012540;'> Liquid </td></tr><tr> <td style='background-color:&CADDEC;FONT-FAMILY: Verdana,Arial,San-serif; FONT-SIZE: 8pt; FONT-WEIGHT: bold; Color:&012540;'><b> NAV  </b></td> <td style='FONT-FAMILY: Verdana,Arial,San-serif; FONT-SIZE: 8pt; Color:&012540;'> 22.5704 </td></tr><tr> <td style='background-color:&CADDEC;FONT-FAMILY: Verdana,Arial,San-serif; FONT-SIZE: 8pt; FONT-WEIGHT: bold; Color:&012540;'><b> Repurchase Price  </b></td> <td style='FONT-FAMILY: Verdana,Arial,San-serif; FONT-SIZE: 8pt; Color:&012540;'> 22.5704 </td></tr><tr> <td style='background-color:&CADDEC;FONT-FAMILY: Verdana,Arial,San-serif; FONT-SIZE: 8pt; FONT-WEIGHT: bold; Color:&012540;'><b> Sale Price  </b></td> <td style='FONT-FAMILY: Verdana,Arial,San-serif; FONT-SIZE: 8pt; Color:&012540;'> 22.5704 </td></tr><tr> <td style='background-color:&CADDEC;FONT-FAMILY: Verdana,Arial,San-serif; FONT-SIZE: 8pt; FONT-WEIGHT: bold; Color:&012540;'><b> Date </b></td> <td style='FONT-FAMILY: Verdana,Arial,San-serif; FONT-SIZE: 8pt; Color:&012540;'> 16-Apr-2017 </td></tr></table> ]]> </description>
    </item>
    <item>
      <pubDate>Sun, 16 Apr 2017 00:00:00</pubDate>
      <title><![CDATA[Quantum Liquid Fund - Regular Plan Monthly Dividend Option]]></title>
      <link>http://portal.amfiindia.com/schemedetails.aspx?cmbmfname=41&amp;SdId=141067</link>
      <description><![CDATA[<table border="0" cellspacing="4" cellpadding="2"><tr> <td style='background-color:&CADDEC;FONT-FAMILY: Verdana,Arial,San-serif; FONT-SIZE: 8pt; FONT-WEIGHT: bold; Color:&012540;'><b> Category  </b></td> <td style='FONT-FAMILY: Verdana,Arial,San-serif; FONT-SIZE: 8pt; Color:&012540;'> Liquid </td></tr><tr> <td style='background-color:&CADDEC;FONT-FAMILY: Verdana,Arial,San-serif; FONT-SIZE: 8pt; FONT-WEIGHT: bold; Color:&012540;'><b> NAV  </b></td> <td style='FONT-FAMILY: Verdana,Arial,San-serif; FONT-SIZE: 8pt; Color:&012540;'> 10.0373 </td></tr><tr> <td style='background-color:&CADDEC;FONT-FAMILY: Verdana,Arial,San-serif; FONT-SIZE: 8pt; FONT-WEIGHT: bold; Color:&012540;'><b> Repurchase Price  </b></td> <td style='FONT-FAMILY: Verdana,Arial,San-serif; FONT-SIZE: 8pt; Color:&012540;'> 10.0373 </td></tr><tr> <td style='background-color:&CADDEC;FONT-FAMILY: Verdana,Arial,San-serif; FONT-SIZE: 8pt; FONT-WEIGHT: bold; Color:&012540;'><b> Sale Price  </b></td> <td style='FONT-FAMILY: Verdana,Arial,San-serif; FONT-SIZE: 8pt; Color:&012540;'> 10.0373 </td></tr><tr> <td style='background-color:&CADDEC;FONT-FAMILY: Verdana,Arial,San-serif; FONT-SIZE: 8pt; FONT-WEIGHT: bold; Color:&012540;'><b> Date </b></td> <td style='FONT-FAMILY: Verdana,Arial,San-serif; FONT-SIZE: 8pt; Color:&012540;'> 16-Apr-2017 </td></tr></table> ]]> </description>
    </item>
    <item>
      <pubDate>Thu, 13 Apr 2017 00:00:00</pubDate>
      <title><![CDATA[Quantum Tax Saving Fund - Direct Plan Dividend Option]]></title>
      <link>http://portal.amfiindia.com/schemedetails.aspx?cmbmfname=41&amp;SdId=111550</link>
      <description><![CDATA[<table border="0" cellspacing="4" cellpadding="2"><tr> <td style='background-color:&CADDEC;FONT-FAMILY: Verdana,Arial,San-serif; FONT-SIZE: 8pt; FONT-WEIGHT: bold; Color:&012540;'><b> Category  </b></td> <td style='FONT-FAMILY: Verdana,Arial,San-serif; FONT-SIZE: 8pt; Color:&012540;'> ELSS </td></tr><tr> <td style='background-color:&CADDEC;FONT-FAMILY: Verdana,Arial,San-serif; FONT-SIZE: 8pt; FONT-WEIGHT: bold; Color:&012540;'><b> NAV  </b></td> <td style='FONT-FAMILY: Verdana,Arial,San-serif; FONT-SIZE: 8pt; Color:&012540;'> 47.79 </td></tr><tr> <td style='background-color:&CADDEC;FONT-FAMILY: Verdana,Arial,San-serif; FONT-SIZE: 8pt; FONT-WEIGHT: bold; Color:&012540;'><b> Repurchase Price  </b></td> <td style='FONT-FAMILY: Verdana,Arial,San-serif; FONT-SIZE: 8pt; Color:&012540;'> 47.79 </td></tr><tr> <td style='background-color:&CADDEC;FONT-FAMILY: Verdana,Arial,San-serif; FONT-SIZE: 8pt; FONT-WEIGHT: bold; Color:&012540;'><b> Sale Price  </b></td> <td style='FONT-FAMILY: Verdana,Arial,San-serif; FONT-SIZE: 8pt; Color:&012540;'> 47.79 </td></tr><tr> <td style='background-color:&CADDEC;FONT-FAMILY: Verdana,Arial,San-serif; FONT-SIZE: 8pt; FONT-WEIGHT: bold; Color:&012540;'><b> Date </b></td> <td style='FONT-FAMILY: Verdana,Arial,San-serif; FONT-SIZE: 8pt; Color:&012540;'> 13-Apr-2017 </td></tr></table> ]]> </description>
    </item>
    <item>
      <pubDate>Thu, 13 Apr 2017 00:00:00</pubDate>
      <title><![CDATA[Quantum Tax Saving Fund - Direct Plan Growth Option]]></title>
      <link>http://portal.amfiindia.com/schemedetails.aspx?cmbmfname=41&amp;SdId=111549</link>
      <description><![CDATA[<table border="0" cellspacing="4" cellpadding="2"><tr> <td style='background-color:&CADDEC;FONT-FAMILY: Verdana,Arial,San-serif; FONT-SIZE: 8pt; FONT-WEIGHT: bold; Color:&012540;'><b> Category  </b></td> <td style='FONT-FAMILY: Verdana,Arial,San-serif; FONT-SIZE: 8pt; Color:&012540;'> ELSS </td></tr><tr> <td style='background-color:&CADDEC;FONT-FAMILY: Verdana,Arial,San-serif; FONT-SIZE: 8pt; FONT-WEIGHT: bold; Color:&012540;'><b> NAV  </b></td> <td style='FONT-FAMILY: Verdana,Arial,San-serif; FONT-SIZE: 8pt; Color:&012540;'> 47.79 </td></tr><tr> <td style='background-color:&CADDEC;FONT-FAMILY: Verdana,Arial,San-serif; FONT-SIZE: 8pt; FONT-WEIGHT: bold; Color:&012540;'><b> Repurchase Price  </b></td> <td style='FONT-FAMILY: Verdana,Arial,San-serif; FONT-SIZE: 8pt; Color:&012540;'> 47.79 </td></tr><tr> <td style='background-color:&CADDEC;FONT-FAMILY: Verdana,Arial,San-serif; FONT-SIZE: 8pt; FONT-WEIGHT: bold; Color:&012540;'><b> Sale Price  </b></td> <td style='FONT-FAMILY: Verdana,Arial,San-serif; FONT-SIZE: 8pt; Color:&012540;'> 47.79 </td></tr><tr> <td style='background-color:&CADDEC;FONT-FAMILY: Verdana,Arial,San-serif; FONT-SIZE: 8pt; FONT-WEIGHT: bold; Color:&012540;'><b> Date </b></td> <td style='FONT-FAMILY: Verdana,Arial,San-serif; FONT-SIZE: 8pt; Color:&012540;'> 13-Apr-2017 </td></tr></table> ]]> </description>
    </item>
    <item>
      <pubDate>Thu, 13 Apr 2017 00:00:00</pubDate>
      <title><![CDATA[Quantum Tax Saving Fund - Regular Plan Dividend Option]]></title>
      <link>http://portal.amfiindia.com/schemedetails.aspx?cmbmfname=41&amp;SdId=141071</link>
      <description><![CDATA[<table border="0" cellspacing="4" cellpadding="2"><tr> <td style='background-color:&CADDEC;FONT-FAMILY: Verdana,Arial,San-serif; FONT-SIZE: 8pt; FONT-WEIGHT: bold; Color:&012540;'><b> Category  </b></td> <td style='FONT-FAMILY: Verdana,Arial,San-serif; FONT-SIZE: 8pt; Color:&012540;'> ELSS </td></tr><tr> <td style='background-color:&CADDEC;FONT-FAMILY: Verdana,Arial,San-serif; FONT-SIZE: 8pt; FONT-WEIGHT: bold; Color:&012540;'><b> NAV  </b></td> <td style='FONT-FAMILY: Verdana,Arial,San-serif; FONT-SIZE: 8pt; Color:&012540;'> 47.80 </td></tr><tr> <td style='background-color:&CADDEC;FONT-FAMILY: Verdana,Arial,San-serif; FONT-SIZE: 8pt; FONT-WEIGHT: bold; Color:&012540;'><b> Repurchase Price  </b></td> <td style='FONT-FAMILY: Verdana,Arial,San-serif; FONT-SIZE: 8pt; Color:&012540;'> 47.80 </td></tr><tr> <td style='background-color:&CADDEC;FONT-FAMILY: Verdana,Arial,San-serif; FONT-SIZE: 8pt; FONT-WEIGHT: bold; Color:&012540;'><b> Sale Price  </b></td> <td style='FONT-FAMILY: Verdana,Arial,San-serif; FONT-SIZE: 8pt; Color:&012540;'> 47.80 </td></tr><tr> <td style='background-color:&CADDEC;FONT-FAMILY: Verdana,Arial,San-serif; FONT-SIZE: 8pt; FONT-WEIGHT: bold; Color:&012540;'><b> Date </b></td> <td style='FONT-FAMILY: Verdana,Arial,San-serif; FONT-SIZE: 8pt; Color:&012540;'> 13-Apr-2017 </td></tr></table> ]]> </description>
    </item>
    <item>
      <pubDate>Thu, 13 Apr 2017 00:00:00</pubDate>
      <title><![CDATA[Quantum Tax Saving Fund - Regular Plan Growth Option]]></title>
      <link>http://portal.amfiindia.com/schemedetails.aspx?cmbmfname=41&amp;SdId=141070</link>
      <description><![CDATA[<table border="0" cellspacing="4" cellpadding="2"><tr> <td style='background-color:&CADDEC;FONT-FAMILY: Verdana,Arial,San-serif; FONT-SIZE: 8pt; FONT-WEIGHT: bold; Color:&012540;'><b> Category  </b></td> <td style='FONT-FAMILY: Verdana,Arial,San-serif; FONT-SIZE: 8pt; Color:&012540;'> ELSS </td></tr><tr> <td style='background-color:&CADDEC;FONT-FAMILY: Verdana,Arial,San-serif; FONT-SIZE: 8pt; FONT-WEIGHT: bold; Color:&012540;'><b> NAV  </b></td> <td style='FONT-FAMILY: Verdana,Arial,San-serif; FONT-SIZE: 8pt; Color:&012540;'> 47.80 </td></tr><tr> <td style='background-color:&CADDEC;FONT-FAMILY: Verdana,Arial,San-serif; FONT-SIZE: 8pt; FONT-WEIGHT: bold; Color:&012540;'><b> Repurchase Price  </b></td> <td style='FONT-FAMILY: Verdana,Arial,San-serif; FONT-SIZE: 8pt; Color:&012540;'> 47.80 </td></tr><tr> <td style='background-color:&CADDEC;FONT-FAMILY: Verdana,Arial,San-serif; FONT-SIZE: 8pt; FONT-WEIGHT: bold; Color:&012540;'><b> Sale Price  </b></td> <td style='FONT-FAMILY: Verdana,Arial,San-serif; FONT-SIZE: 8pt; Color:&012540;'> 47.80 </td></tr><tr> <td style='background-color:&CADDEC;FONT-FAMILY: Verdana,Arial,San-serif; FONT-SIZE: 8pt; FONT-WEIGHT: bold; Color:&012540;'><b> Date </b></td> <td style='FONT-FAMILY: Verdana,Arial,San-serif; FONT-SIZE: 8pt; Color:&012540;'> 13-Apr-2017 </td></tr></table> ]]> </description>
    </item>
    <item>
      <pubDate>Thu, 13 Apr 2017 00:00:00</pubDate>
      <title><![CDATA[Quantum Equity Fund of Funds - Direct Plan Dividend Option]]></title>
      <link>http://portal.amfiindia.com/schemedetails.aspx?cmbmfname=41&amp;SdId=112038</link>
      <description><![CDATA[<table border="0" cellspacing="4" cellpadding="2"><tr> <td style='background-color:&CADDEC;FONT-FAMILY: Verdana,Arial,San-serif; FONT-SIZE: 8pt; FONT-WEIGHT: bold; Color:&012540;'><b> Category  </b></td> <td style='FONT-FAMILY: Verdana,Arial,San-serif; FONT-SIZE: 8pt; Color:&012540;'> Fund of Funds - Domestic </td></tr><tr> <td style='background-color:&CADDEC;FONT-FAMILY: Verdana,Arial,San-serif; FONT-SIZE: 8pt; FONT-WEIGHT: bold; Color:&012540;'><b> NAV  </b></td> <td style='FONT-FAMILY: Verdana,Arial,San-serif; FONT-SIZE: 8pt; Color:&012540;'> 30.367 </td></tr><tr> <td style='background-color:&CADDEC;FONT-FAMILY: Verdana,Arial,San-serif; FONT-SIZE: 8pt; FONT-WEIGHT: bold; Color:&012540;'><b> Repurchase Price  </b></td> <td style='FONT-FAMILY: Verdana,Arial,San-serif; FONT-SIZE: 8pt; Color:&012540;'> 29.911 </td></tr><tr> <td style='background-color:&CADDEC;FONT-FAMILY: Verdana,Arial,San-serif; FONT-SIZE: 8pt; FONT-WEIGHT: bold; Color:&012540;'><b> Sale Price  </b></td> <td style='FONT-FAMILY: Verdana,Arial,San-serif; FONT-SIZE: 8pt; Color:&012540;'> 30.367 </td></tr><tr> <td style='background-color:&CADDEC;FONT-FAMILY: Verdana,Arial,San-serif; FONT-SIZE: 8pt; FONT-WEIGHT: bold; Color:&012540;'><b> Date </b></td> <td style='FONT-FAMILY: Verdana,Arial,San-serif; FONT-SIZE: 8pt; Color:&012540;'> 13-Apr-2017 </td></tr></table> ]]> </description>
    </item>
    <item>
      <pubDate>Thu, 13 Apr 2017 00:00:00</pubDate>
      <title><![CDATA[Quantum Equity Fund of Funds - Direct Plan Growth Option]]></title>
      <link>http://portal.amfiindia.com/schemedetails.aspx?cmbmfname=41&amp;SdId=112039</link>
      <description><![CDATA[<table border="0" cellspacing="4" cellpadding="2"><tr> <td style='background-color:&CADDEC;FONT-FAMILY: Verdana,Arial,San-serif; FONT-SIZE: 8pt; FONT-WEIGHT: bold; Color:&012540;'><b> Category  </b></td> <td style='FONT-FAMILY: Verdana,Arial,San-serif; FONT-SIZE: 8pt; Color:&012540;'> Fund of Funds - Domestic </td></tr><tr> <td style='background-color:&CADDEC;FONT-FAMILY: Verdana,Arial,San-serif; FONT-SIZE: 8pt; FONT-WEIGHT: bold; Color:&012540;'><b> NAV  </b></td> <td style='FONT-FAMILY: Verdana,Arial,San-serif; FONT-SIZE: 8pt; Color:&012540;'> 30.367 </td></tr><tr> <td style='background-color:&CADDEC;FONT-FAMILY: Verdana,Arial,San-serif; FONT-SIZE: 8pt; FONT-WEIGHT: bold; Color:&012540;'><b> Repurchase Price  </b></td> <td style='FONT-FAMILY: Verdana,Arial,San-serif; FONT-SIZE: 8pt; Color:&012540;'> 29.911 </td></tr><tr> <td style='background-color:&CADDEC;FONT-FAMILY: Verdana,Arial,San-serif; FONT-SIZE: 8pt; FONT-WEIGHT: bold; Color:&012540;'><b> Sale Price  </b></td> <td style='FONT-FAMILY: Verdana,Arial,San-serif; FONT-SIZE: 8pt; Color:&012540;'> 30.367 </td></tr><tr> <td style='background-color:&CADDEC;FONT-FAMILY: Verdana,Arial,San-serif; FONT-SIZE: 8pt; FONT-WEIGHT: bold; Color:&012540;'><b> Date </b></td> <td style='FONT-FAMILY: Verdana,Arial,San-serif; FONT-SIZE: 8pt; Color:&012540;'> 13-Apr-2017 </td></tr></table> ]]> </description>
    </item>
    <item>
      <pubDate>Thu, 13 Apr 2017 00:00:00</pubDate>
      <title><![CDATA[Quantum Equity Fund of Funds - Regular Plan Dividend Option]]></title>
      <link>http://portal.amfiindia.com/schemedetails.aspx?cmbmfname=41&amp;SdId=141062</link>
      <description><![CDATA[<table border="0" cellspacing="4" cellpadding="2"><tr> <td style='background-color:&CADDEC;FONT-FAMILY: Verdana,Arial,San-serif; FONT-SIZE: 8pt; FONT-WEIGHT: bold; Color:&012540;'><b> Category  </b></td> <td style='FONT-FAMILY: Verdana,Arial,San-serif; FONT-SIZE: 8pt; Color:&012540;'> Fund of Funds - Domestic </td></tr><tr> <td style='background-color:&CADDEC;FONT-FAMILY: Verdana,Arial,San-serif; FONT-SIZE: 8pt; FONT-WEIGHT: bold; Color:&012540;'><b> NAV  </b></td> <td style='FONT-FAMILY: Verdana,Arial,San-serif; FONT-SIZE: 8pt; Color:&012540;'> 30.366 </td></tr><tr> <td style='background-color:&CADDEC;FONT-FAMILY: Verdana,Arial,San-serif; FONT-SIZE: 8pt; FONT-WEIGHT: bold; Color:&012540;'><b> Repurchase Price  </b></td> <td style='FONT-FAMILY: Verdana,Arial,San-serif; FONT-SIZE: 8pt; Color:&012540;'> 29.911 </td></tr><tr> <td style='background-color:&CADDEC;FONT-FAMILY: Verdana,Arial,San-serif; FONT-SIZE: 8pt; FONT-WEIGHT: bold; Color:&012540;'><b> Sale Price  </b></td> <td style='FONT-FAMILY: Verdana,Arial,San-serif; FONT-SIZE: 8pt; Color:&012540;'> 30.366 </td></tr><tr> <td style='background-color:&CADDEC;FONT-FAMILY: Verdana,Arial,San-serif; FONT-SIZE: 8pt; FONT-WEIGHT: bold; Color:&012540;'><b> Date </b></td> <td style='FONT-FAMILY: Verdana,Arial,San-serif; FONT-SIZE: 8pt; Color:&012540;'> 13-Apr-2017 </td></tr></table> ]]> </description>
    </item>
    <item>
      <pubDate>Thu, 13 Apr 2017 00:00:00</pubDate>
      <title><![CDATA[Quantum Equity Fund of Funds - Regular Plan Growth Option]]></title>
      <link>http://portal.amfiindia.com/schemedetails.aspx?cmbmfname=41&amp;SdId=141063</link>
      <description><![CDATA[<table border="0" cellspacing="4" cellpadding="2"><tr> <td style='background-color:&CADDEC;FONT-FAMILY: Verdana,Arial,San-serif; FONT-SIZE: 8pt; FONT-WEIGHT: bold; Color:&012540;'><b> Category  </b></td> <td style='FONT-FAMILY: Verdana,Arial,San-serif; FONT-SIZE: 8pt; Color:&012540;'> Fund of Funds - Domestic </td></tr><tr> <td style='background-color:&CADDEC;FONT-FAMILY: Verdana,Arial,San-serif; FONT-SIZE: 8pt; FONT-WEIGHT: bold; Color:&012540;'><b> NAV  </b></td> <td style='FONT-FAMILY: Verdana,Arial,San-serif; FONT-SIZE: 8pt; Color:&012540;'> 30.366 </td></tr><tr> <td style='background-color:&CADDEC;FONT-FAMILY: Verdana,Arial,San-serif; FONT-SIZE: 8pt; FONT-WEIGHT: bold; Color:&012540;'><b> Repurchase Price  </b></td> <td style='FONT-FAMILY: Verdana,Arial,San-serif; FONT-SIZE: 8pt; Color:&012540;'> 29.911 </td></tr><tr> <td style='background-color:&CADDEC;FONT-FAMILY: Verdana,Arial,San-serif; FONT-SIZE: 8pt; FONT-WEIGHT: bold; Color:&012540;'><b> Sale Price  </b></td> <td style='FONT-FAMILY: Verdana,Arial,San-serif; FONT-SIZE: 8pt; Color:&012540;'> 30.366 </td></tr><tr> <td style='background-color:&CADDEC;FONT-FAMILY: Verdana,Arial,San-serif; FONT-SIZE: 8pt; FONT-WEIGHT: bold; Color:&012540;'><b> Date </b></td> <td style='FONT-FAMILY: Verdana,Arial,San-serif; FONT-SIZE: 8pt; Color:&012540;'> 13-Apr-2017 </td></tr></table> ]]> </description>
    </item>
    <item>
      <pubDate>Thu, 13 Apr 2017 00:00:00</pubDate>
      <title><![CDATA[Quantum Gold Savings Fund - Direct Plan Growth Option]]></title>
      <link>http://portal.amfiindia.com/schemedetails.aspx?cmbmfname=41&amp;SdId=115132</link>
      <description><![CDATA[<table border="0" cellspacing="4" cellpadding="2"><tr> <td style='background-color:&CADDEC;FONT-FAMILY: Verdana,Arial,San-serif; FONT-SIZE: 8pt; FONT-WEIGHT: bold; Color:&012540;'><b> Category  </b></td> <td style='FONT-FAMILY: Verdana,Arial,San-serif; FONT-SIZE: 8pt; Color:&012540;'> Fund of Funds - Domestic </td></tr><tr> <td style='background-color:&CADDEC;FONT-FAMILY: Verdana,Arial,San-serif; FONT-SIZE: 8pt; FONT-WEIGHT: bold; Color:&012540;'><b> NAV  </b></td> <td style='FONT-FAMILY: Verdana,Arial,San-serif; FONT-SIZE: 8pt; Color:&012540;'> 12.4435 </td></tr><tr> <td style='background-color:&CADDEC;FONT-FAMILY: Verdana,Arial,San-serif; FONT-SIZE: 8pt; FONT-WEIGHT: bold; Color:&012540;'><b> Repurchase Price  </b></td> <td style='FONT-FAMILY: Verdana,Arial,San-serif; FONT-SIZE: 8pt; Color:&012540;'> 12.2568 </td></tr><tr> <td style='background-color:&CADDEC;FONT-FAMILY: Verdana,Arial,San-serif; FONT-SIZE: 8pt; FONT-WEIGHT: bold; Color:&012540;'><b> Sale Price  </b></td> <td style='FONT-FAMILY: Verdana,Arial,San-serif; FONT-SIZE: 8pt; Color:&012540;'> 12.4435 </td></tr><tr> <td style='background-color:&CADDEC;FONT-FAMILY: Verdana,Arial,San-serif; FONT-SIZE: 8pt; FONT-WEIGHT: bold; Color:&012540;'><b> Date </b></td> <td style='FONT-FAMILY: Verdana,Arial,San-serif; FONT-SIZE: 8pt; Color:&012540;'> 13-Apr-2017 </td></tr></table> ]]> </description>
    </item>
    <item>
      <pubDate>Thu, 13 Apr 2017 00:00:00</pubDate>
      <title><![CDATA[Quantum Gold Savings Fund - Regular Plan Growth Option]]></title>
      <link>http://portal.amfiindia.com/schemedetails.aspx?cmbmfname=41&amp;SdId=141064</link>
      <description><![CDATA[<table border="0" cellspacing="4" cellpadding="2"><tr> <td style='background-color:&CADDEC;FONT-FAMILY: Verdana,Arial,San-serif; FONT-SIZE: 8pt; FONT-WEIGHT: bold; Color:&012540;'><b> Category  </b></td> <td style='FONT-FAMILY: Verdana,Arial,San-serif; FONT-SIZE: 8pt; Color:&012540;'> Fund of Funds - Domestic </td></tr><tr> <td style='background-color:&CADDEC;FONT-FAMILY: Verdana,Arial,San-serif; FONT-SIZE: 8pt; FONT-WEIGHT: bold; Color:&012540;'><b> NAV  </b></td> <td style='FONT-FAMILY: Verdana,Arial,San-serif; FONT-SIZE: 8pt; Color:&012540;'> 12.4432 </td></tr><tr> <td style='background-color:&CADDEC;FONT-FAMILY: Verdana,Arial,San-serif; FONT-SIZE: 8pt; FONT-WEIGHT: bold; Color:&012540;'><b> Repurchase Price  </b></td> <td style='FONT-FAMILY: Verdana,Arial,San-serif; FONT-SIZE: 8pt; Color:&012540;'> 12.2566 </td></tr><tr> <td style='background-color:&CADDEC;FONT-FAMILY: Verdana,Arial,San-serif; FONT-SIZE: 8pt; FONT-WEIGHT: bold; Color:&012540;'><b> Sale Price  </b></td> <td style='FONT-FAMILY: Verdana,Arial,San-serif; FONT-SIZE: 8pt; Color:&012540;'> 12.4432 </td></tr><tr> <td style='background-color:&CADDEC;FONT-FAMILY: Verdana,Arial,San-serif; FONT-SIZE: 8pt; FONT-WEIGHT: bold; Color:&012540;'><b> Date </b></td> <td style='FONT-FAMILY: Verdana,Arial,San-serif; FONT-SIZE: 8pt; Color:&012540;'> 13-Apr-2017 </td></tr></table> ]]> </description>
    </item>
    <item>
      <pubDate>Thu, 13 Apr 2017 00:00:00</pubDate>
      <title><![CDATA[Quantum Multi Asset Fund - Direct Plan Growth Option]]></title>
      <link>http://portal.amfiindia.com/schemedetails.aspx?cmbmfname=41&amp;SdId=117608</link>
      <description><![CDATA[<table border="0" cellspacing="4" cellpadding="2"><tr> <td style='background-color:&CADDEC;FONT-FAMILY: Verdana,Arial,San-serif; FONT-SIZE: 8pt; FONT-WEIGHT: bold; Color:&012540;'><b> Category  </b></td> <td style='FONT-FAMILY: Verdana,Arial,San-serif; FONT-SIZE: 8pt; Color:&012540;'> Fund of Funds - Domestic </td></tr><tr> <td style='background-color:&CADDEC;FONT-FAMILY: Verdana,Arial,San-serif; FONT-SIZE: 8pt; FONT-WEIGHT: bold; Color:&012540;'><b> NAV  </b></td> <td style='FONT-FAMILY: Verdana,Arial,San-serif; FONT-SIZE: 8pt; Color:&012540;'> 16.0870 </td></tr><tr> <td style='background-color:&CADDEC;FONT-FAMILY: Verdana,Arial,San-serif; FONT-SIZE: 8pt; FONT-WEIGHT: bold; Color:&012540;'><b> Repurchase Price  </b></td> <td style='FONT-FAMILY: Verdana,Arial,San-serif; FONT-SIZE: 8pt; Color:&012540;'> 15.9261 </td></tr><tr> <td style='background-color:&CADDEC;FONT-FAMILY: Verdana,Arial,San-serif; FONT-SIZE: 8pt; FONT-WEIGHT: bold; Color:&012540;'><b> Sale Price  </b></td> <td style='FONT-FAMILY: Verdana,Arial,San-serif; FONT-SIZE: 8pt; Color:&012540;'> 16.0870 </td></tr><tr> <td style='background-color:&CADDEC;FONT-FAMILY: Verdana,Arial,San-serif; FONT-SIZE: 8pt; FONT-WEIGHT: bold; Color:&012540;'><b> Date </b></td> <td style='FONT-FAMILY: Verdana,Arial,San-serif; FONT-SIZE: 8pt; Color:&012540;'> 13-Apr-2017 </td></tr></table> ]]> </description>
    </item>
    <item>
      <pubDate>Thu, 13 Apr 2017 00:00:00</pubDate>
      <title><![CDATA[Quantum Multi Asset Fund - Regular Plan Growth Option]]></title>
      <link>http://portal.amfiindia.com/schemedetails.aspx?cmbmfname=41&amp;SdId=141072</link>
      <description><![CDATA[<table border="0" cellspacing="4" cellpadding="2"><tr> <td style='background-color:&CADDEC;FONT-FAMILY: Verdana,Arial,San-serif; FONT-SIZE: 8pt; FONT-WEIGHT: bold; Color:&012540;'><b> Category  </b></td> <td style='FONT-FAMILY: Verdana,Arial,San-serif; FONT-SIZE: 8pt; Color:&012540;'> Fund of Funds - Domestic </td></tr><tr> <td style='background-color:&CADDEC;FONT-FAMILY: Verdana,Arial,San-serif; FONT-SIZE: 8pt; FONT-WEIGHT: bold; Color:&012540;'><b> NAV  </b></td> <td style='FONT-FAMILY: Verdana,Arial,San-serif; FONT-SIZE: 8pt; Color:&012540;'> 16.0867 </td></tr><tr> <td style='background-color:&CADDEC;FONT-FAMILY: Verdana,Arial,San-serif; FONT-SIZE: 8pt; FONT-WEIGHT: bold; Color:&012540;'><b> Repurchase Price  </b></td> <td style='FONT-FAMILY: Verdana,Arial,San-serif; FONT-SIZE: 8pt; Color:&012540;'> 15.9258 </td></tr><tr> <td style='background-color:&CADDEC;FONT-FAMILY: Verdana,Arial,San-serif; FONT-SIZE: 8pt; FONT-WEIGHT: bold; Color:&012540;'><b> Sale Price  </b></td> <td style='FONT-FAMILY: Verdana,Arial,San-serif; FONT-SIZE: 8pt; Color:&012540;'> 16.0867 </td></tr><tr> <td style='background-color:&CADDEC;FONT-FAMILY: Verdana,Arial,San-serif; FONT-SIZE: 8pt; FONT-WEIGHT: bold; Color:&012540;'><b> Date </b></td> <td style='FONT-FAMILY: Verdana,Arial,San-serif; FONT-SIZE: 8pt; Color:&012540;'> 13-Apr-2017 </td></tr></table> ]]> </description>
    </item>
    <item>
      <pubDate>Thu, 13 Apr 2017 00:00:00</pubDate>
      <title><![CDATA[Quantum Gold Fund (an ETF)]]></title>
      <link>http://portal.amfiindia.com/schemedetails.aspx?cmbmfname=41&amp;SdId=107693</link>
      <description><![CDATA[<table border="0" cellspacing="4" cellpadding="2"><tr> <td style='background-color:&CADDEC;FONT-FAMILY: Verdana,Arial,San-serif; FONT-SIZE: 8pt; FONT-WEIGHT: bold; Color:&012540;'><b> Category  </b></td> <td style='FONT-FAMILY: Verdana,Arial,San-serif; FONT-SIZE: 8pt; Color:&012540;'> GOLD ETFs </td></tr><tr> <td style='background-color:&CADDEC;FONT-FAMILY: Verdana,Arial,San-serif; FONT-SIZE: 8pt; FONT-WEIGHT: bold; Color:&012540;'><b> NAV  </b></td> <td style='FONT-FAMILY: Verdana,Arial,San-serif; FONT-SIZE: 8pt; Color:&012540;'> 1338.9741 </td></tr><tr> <td style='background-color:&CADDEC;FONT-FAMILY: Verdana,Arial,San-serif; FONT-SIZE: 8pt; FONT-WEIGHT: bold; Color:&012540;'><b> Repurchase Price  </b></td> <td style='FONT-FAMILY: Verdana,Arial,San-serif; FONT-SIZE: 8pt; Color:&012540;'> 1338.9741 </td></tr><tr> <td style='background-color:&CADDEC;FONT-FAMILY: Verdana,Arial,San-serif; FONT-SIZE: 8pt; FONT-WEIGHT: bold; Color:&012540;'><b> Sale Price  </b></td> <td style='FONT-FAMILY: Verdana,Arial,San-serif; FONT-SIZE: 8pt; Color:&012540;'> 1338.9741 </td></tr><tr> <td style='background-color:&CADDEC;FONT-FAMILY: Verdana,Arial,San-serif; FONT-SIZE: 8pt; FONT-WEIGHT: bold; Color:&012540;'><b> Date </b></td> <td style='FONT-FAMILY: Verdana,Arial,San-serif; FONT-SIZE: 8pt; Color:&012540;'> 13-Apr-2017 </td></tr></table> ]]> </description>
    </item>
    <item>
      <pubDate>Thu, 13 Apr 2017 00:00:00</pubDate>
      <title><![CDATA[Quantum Index Fund (an ETF)]]></title>
      <link>http://portal.amfiindia.com/schemedetails.aspx?cmbmfname=41&amp;SdId=108479</link>
      <description><![CDATA[<table border="0" cellspacing="4" cellpadding="2"><tr> <td style='background-color:&CADDEC;FONT-FAMILY: Verdana,Arial,San-serif; FONT-SIZE: 8pt; FONT-WEIGHT: bold; Color:&012540;'><b> Category  </b></td> <td style='FONT-FAMILY: Verdana,Arial,San-serif; FONT-SIZE: 8pt; Color:&012540;'> Other ETFs </td></tr><tr> <td style='background-color:&CADDEC;FONT-FAMILY: Verdana,Arial,San-serif; FONT-SIZE: 8pt; FONT-WEIGHT: bold; Color:&012540;'><b> NAV  </b></td> <td style='FONT-FAMILY: Verdana,Arial,San-serif; FONT-SIZE: 8pt; Color:&012540;'> 981.8202 </td></tr><tr> <td style='background-color:&CADDEC;FONT-FAMILY: Verdana,Arial,San-serif; FONT-SIZE: 8pt; FONT-WEIGHT: bold; Color:&012540;'><b> Repurchase Price  </b></td> <td style='FONT-FAMILY: Verdana,Arial,San-serif; FONT-SIZE: 8pt; Color:&012540;'> 981.8202 </td></tr><tr> <td style='background-color:&CADDEC;FONT-FAMILY: Verdana,Arial,San-serif; FONT-SIZE: 8pt; FONT-WEIGHT: bold; Color:&012540;'><b> Sale Price  </b></td> <td style='FONT-FAMILY: Verdana,Arial,San-serif; FONT-SIZE: 8pt; Color:&012540;'> 981.8202 </td></tr><tr> <td style='background-color:&CADDEC;FONT-FAMILY: Verdana,Arial,San-serif; FONT-SIZE: 8pt; FONT-WEIGHT: bold; Color:&012540;'><b> Date </b></td> <td style='FONT-FAMILY: Verdana,Arial,San-serif; FONT-SIZE: 8pt; Color:&012540;'> 13-Apr-2017 </td></tr></table> ]]> </description>
    </item>
  </channel>
</rss>